-- MySQL dump 10.13  Distrib 8.0.27, for Linux (x86_64)
--
-- Host: localhost    Database: MOREDATA
-- ------------------------------------------------------
-- Server version	8.0.27-0ubuntu0.20.04.1

/*!40101 SET @OLD_CHARACTER_SET_CLIENT=@@CHARACTER_SET_CLIENT */;
/*!40101 SET @OLD_CHARACTER_SET_RESULTS=@@CHARACTER_SET_RESULTS */;
/*!40101 SET @OLD_COLLATION_CONNECTION=@@COLLATION_CONNECTION */;
/*!50503 SET NAMES utf8mb4 */;
/*!40103 SET @OLD_TIME_ZONE=@@TIME_ZONE */;
/*!40103 SET TIME_ZONE='+00:00' */;
/*!40014 SET @OLD_UNIQUE_CHECKS=@@UNIQUE_CHECKS, UNIQUE_CHECKS=0 */;
/*!40014 SET @OLD_FOREIGN_KEY_CHECKS=@@FOREIGN_KEY_CHECKS, FOREIGN_KEY_CHECKS=0 */;
/*!40101 SET @OLD_SQL_MODE=@@SQL_MODE, SQL_MODE='NO_AUTO_VALUE_ON_ZERO' */;
/*!40111 SET @OLD_SQL_NOTES=@@SQL_NOTES, SQL_NOTES=0 */;

--
-- Table structure for table `blogPage`
--

DROP TABLE IF EXISTS `blogPage`;
/*!40101 SET @saved_cs_client     = @@character_set_client */;
/*!50503 SET character_set_client = utf8mb4 */;
CREATE TABLE `blogPage` (
  `id` int unsigned NOT NULL AUTO_INCREMENT,
  `name` varchar(100) CHARACTER SET utf8mb4 COLLATE utf8mb4_unicode_ci DEFAULT NULL,
  `readers_amount` int unsigned DEFAULT NULL,
  `posts_amount` int unsigned DEFAULT NULL,
  `welcome_post` text CHARACTER SET utf8mb4 COLLATE utf8mb4_unicode_ci,
  `priority_post` text CHARACTER SET utf8mb4 COLLATE utf8mb4_unicode_ci,
  PRIMARY KEY (`id`)
) ENGINE=InnoDB AUTO_INCREMENT=301 DEFAULT CHARSET=utf8mb4 COLLATE=utf8mb4_unicode_ci;
/*!40101 SET character_set_client = @saved_cs_client */;

--
-- Dumping data for table `blogPage`
--

LOCK TABLES `blogPage` WRITE;
/*!40000 ALTER TABLE `blogPage` DISABLE KEYS */;
INSERT INTO `blogPage` VALUES (1,'nam',199189739,74,'Dolorum delectus ut autem deserunt itaque.','Eum autem tempora eum provident aliquam quia quae asperiores.'),(2,'animi',8769635,85,'Voluptatem quisquam voluptatem sed iure sint expedita.','Libero velit accusantium necessitatibus dignissimos ut facilis quas.'),(3,'quia',95222212,47463,'Hic eveniet minus dignissimos.','Aut consequatur animi illo et nobis.'),(4,'nesciunt',552,0,'Minus quia omnis sed assumenda.','Quasi soluta delectus labore adipisci.'),(5,'dolores',83212,74,'Et cum eveniet omnis exercitationem non.','Voluptas eos reprehenderit provident quasi.'),(6,'iure',30428275,6,'Eligendi vel maiores nam consequuntur occaecati similique non.','Vitae est est velit similique atque aut corporis.'),(7,'excepturi',21,546,'Deserunt dicta et saepe minima et.','Voluptas non quibusdam deserunt eius.'),(8,'suscipit',4421,9036325,'Ducimus quia suscipit eius iure.','Corporis illo corrupti porro voluptatum.'),(9,'praesentium',6,9684,'Nihil aliquid consequuntur incidunt.','Est cupiditate id ea.'),(10,'sint',0,3862,'Et dolores repellat voluptas.','Repellat fugiat aut rerum totam placeat.'),(11,'sequi',89223,0,'Molestias quas ut corporis nam velit est nostrum voluptas.','Provident quae et consequuntur omnis magni.'),(12,'ducimus',3,6,'Odio a porro omnis vel.','Inventore et accusantium mollitia voluptas et sed et.'),(13,'velit',0,0,'Ea nihil iure perspiciatis aperiam temporibus cumque.','Rerum incidunt eos ut.'),(14,'ut',9,39,'Dolores quisquam voluptatem accusamus magnam.','Et veniam rerum iure cupiditate.'),(15,'dolor',58642,98,'Hic totam officia praesentium nobis.','Saepe blanditiis natus voluptatem voluptatem iure quidem molestiae.'),(16,'debitis',0,107212,'Ratione esse sint culpa qui quod.','Placeat voluptatem sit modi ut.'),(17,'aut',3883985,41025469,'Accusamus doloremque dolor aliquid autem reiciendis ea repellendus.','Eum aut perferendis nihil tempora quisquam.'),(18,'et',92982559,57161960,'Est id voluptas qui dolor consequuntur sint et.','Ipsum et fuga id.'),(19,'voluptas',5,0,'Autem ad nemo consequatur.','Dolor odio ex soluta cum sint enim.'),(20,'in',2431665,216226906,'Vel dolores magni quidem itaque quam.','Minima qui culpa ut magnam consequatur est.'),(21,'excepturi',92054654,286204551,'Amet est repudiandae modi nemo numquam ut sequi.','Corrupti et eligendi illum illo odio in.'),(22,'architecto',741130,440276990,'Expedita vel et dolores ex aut nesciunt et nihil.','Repellat sit odit nemo delectus.'),(23,'consequatur',8788,4385455,'Molestiae ad quod et repellat sapiente.','Nam at voluptate quisquam dolorum nulla consequatur.'),(24,'adipisci',38,73973040,'Vel accusantium est repellat consectetur omnis et.','Est quo sunt voluptatibus accusantium minus.'),(25,'minus',68,737,'Sapiente enim est sit velit voluptatum reprehenderit quo.','Nisi dolorem aut deleniti dolorum nihil nemo doloribus.'),(26,'voluptates',99172,0,'Est accusantium sed est rerum et provident dolorum.','Beatae distinctio mollitia quia dolor nemo quisquam explicabo.'),(27,'doloribus',52956,8910,'Assumenda enim aliquam nulla est.','Eligendi et occaecati est molestiae doloremque commodi voluptas.'),(28,'sed',2824934,45760,'Quam velit itaque quae et iusto est.','Nesciunt nihil voluptas quo minus id asperiores.'),(29,'omnis',62259,3,'Qui consequatur sed quas ipsa animi rerum odio.','Deserunt aut atque nihil.'),(30,'voluptate',16607964,4932,'Nihil autem facere expedita tenetur.','Et quos quis eligendi tenetur ut corporis.'),(31,'molestiae',697503971,71,'Deleniti soluta non tenetur ipsam.','Repudiandae voluptatem officia eos repudiandae ipsa soluta mollitia qui.'),(32,'eum',14,387230407,'Accusantium aut id eos necessitatibus maiores.','Nemo molestias voluptate ea incidunt eius eos.'),(33,'autem',0,14037,'Dolores fugiat nemo non quaerat hic.','Officiis incidunt ut nihil sit.'),(34,'repellendus',75126040,3808308,'Perspiciatis qui qui quidem dolores minima est.','Quas corporis sequi doloremque delectus.'),(35,'cumque',1,934,'Voluptas tenetur earum voluptas aut.','Debitis labore voluptatem voluptatem et.'),(36,'magnam',54600729,9433,'Officiis qui iure harum modi reiciendis.','Saepe illo sunt aliquam ipsa.'),(37,'sit',37,382156,'Incidunt facilis repellat quia praesentium.','Perspiciatis quae ut totam rerum.'),(38,'vel',3221996,8,'Libero vel sit soluta et.','Qui nobis odit dolor quia nemo optio fuga doloribus.'),(39,'temporibus',1578,3306086,'Enim cumque non ad impedit non.','Repudiandae optio laborum dolores laborum voluptas ut.'),(40,'tenetur',1088,20089604,'Assumenda dolore molestiae inventore ut.','Asperiores sit et aut et accusantium quibusdam nemo.'),(41,'a',63,726353,'Ut qui quae sed ratione.','Voluptas suscipit dolorem perspiciatis ea.'),(42,'earum',253393,749,'Et temporibus quo magnam sed.','Corrupti eveniet quae nihil quod nemo sed eligendi.'),(43,'rerum',1,82867537,'Pariatur aut rerum quia explicabo ipsum perferendis.','Totam nihil rerum aut ut et sint.'),(44,'at',315,736608,'Laborum facere vitae et ut asperiores.','Est omnis necessitatibus accusantium officiis.'),(45,'perspiciatis',34,57620,'Aut qui maxime voluptatem.','Architecto qui dignissimos id rerum sint qui quo.'),(46,'voluptatum',22941968,316996245,'Voluptates praesentium et quam dolorem.','Inventore aliquam quidem omnis quaerat et asperiores cumque.'),(47,'similique',11584,6,'Quibusdam aliquid dolores atque reiciendis a alias ut harum.','Dolorem temporibus non et recusandae est quidem.'),(48,'natus',66,874,'Expedita aut sit est modi qui vitae eum.','Ea eius qui nobis maxime laboriosam quibusdam quia.'),(49,'labore',0,61457373,'Deserunt possimus est commodi fugit corporis eveniet.','Aliquid aut eum ut similique explicabo laborum.'),(50,'veritatis',3,305670706,'Doloremque esse dolor provident velit.','Doloribus delectus non et consequatur.'),(51,'non',7304,861322,'Aut quos vel nisi consequatur.','Magnam asperiores consequatur iure aut ut.'),(52,'excepturi',0,2976333,'Corrupti accusantium itaque ullam veritatis at reiciendis non.','Officia harum nobis recusandae.'),(53,'sunt',302837725,7042679,'Autem esse molestias nesciunt modi recusandae dignissimos soluta veritatis.','Rerum in illum suscipit a molestiae.'),(54,'aliquid',2,5,'Eum omnis soluta atque.','In explicabo ut incidunt iusto praesentium aut sequi.'),(55,'et',4653,0,'Hic impedit quis alias assumenda nobis sequi aut.','Possimus non doloribus consectetur eos.'),(56,'rerum',795,79,'Eos eaque amet nobis distinctio et et enim doloremque.','A mollitia ad facere qui.'),(57,'sed',11320477,2524522,'Ea unde voluptatem est in fuga.','Possimus quod non perferendis nemo aliquid dolor consequatur.'),(58,'autem',0,2325,'Enim provident sunt est beatae et ipsum.','Nesciunt at consequuntur officia unde rem.'),(59,'itaque',0,12643,'Voluptas quia dolorem architecto non omnis.','Et dolor eaque similique officiis.'),(60,'velit',1951,2242,'Et ut necessitatibus magnam vel modi atque saepe.','Quibusdam blanditiis fugiat minus minima consequatur quia fugit.'),(61,'praesentium',6124345,193,'Animi non illum excepturi dicta sit assumenda magnam.','Ducimus rem unde explicabo ullam inventore.'),(62,'incidunt',69940363,0,'Dignissimos aut unde quae eligendi rerum sapiente.','Reprehenderit magnam voluptatibus ullam consequatur ea in quam eum.'),(63,'aut',555636854,622193004,'Quaerat ipsa sed blanditiis et.','Doloribus ipsum id odio non dolorem quis rerum.'),(64,'nihil',48705,24,'Omnis nemo eos molestias optio consequatur.','Aut voluptas atque sunt cupiditate quas voluptatem quis.'),(65,'voluptatem',0,97,'Porro dolor architecto consequatur.','Labore et nihil itaque consectetur.'),(66,'dolores',6886,17716,'Omnis optio molestias totam debitis reprehenderit et repudiandae.','Est veniam perferendis et placeat.'),(67,'debitis',194,724,'Ut pariatur beatae sed debitis ut.','Et maxime qui totam quod.'),(68,'ut',1838469,127129877,'Odio odit quam ut quia est doloremque earum enim.','Ut rerum minus corporis.'),(69,'eius',34333,423486415,'Quis tempora error vero voluptas nemo sequi laboriosam.','Dolorum pariatur voluptas vel quo optio numquam rem.'),(70,'autem',8380,3,'Ab culpa et labore quam alias minus dolores.','Hic voluptatem quia sit quas.'),(71,'architecto',94,5120,'Voluptatem omnis sed omnis quasi et sit repellat.','Alias et rerum ut doloribus nemo et.'),(72,'et',836811,783383190,'Placeat eum et quis a alias.','Aut hic fuga a deleniti beatae voluptatem dolorum ea.'),(73,'et',778,96,'Voluptates qui esse doloribus iusto.','Eos ut in quis adipisci voluptas.'),(74,'aut',5188,5510,'Nemo et veniam nulla non ad quia.','Doloremque dolorem a esse ad quibusdam repellat.'),(75,'est',8690,495523669,'Rem qui nemo ut distinctio et.','Veritatis voluptates tempore laborum qui ipsa.'),(76,'neque',8748463,9355377,'Praesentium dolorum consequatur aut molestiae minima qui.','Ut ullam et non maiores.'),(77,'velit',2,5483110,'Occaecati odit tempore itaque nam iure asperiores.','Est deserunt maxime consequatur dolorem provident et dolores.'),(78,'incidunt',38,0,'Consequatur voluptatem minus ratione eaque laboriosam cum vel.','Ipsa dolor ea eum sit magnam.'),(79,'qui',1,8900080,'Libero molestias autem sit repellendus aut inventore.','Officiis enim nesciunt praesentium aut dolor veniam eveniet.'),(80,'sequi',639589,50556599,'Dolores cupiditate excepturi voluptatem magnam.','Facere eveniet rerum ea temporibus est.'),(81,'laborum',2,47348,'Nemo necessitatibus et qui ullam ducimus voluptatem.','Veniam expedita recusandae ipsum.'),(82,'labore',4757053,44072,'Officiis qui impedit velit deserunt qui inventore.','Praesentium alias sequi magnam neque ducimus quibusdam ipsa.'),(83,'iusto',36124,74723,'Nulla nesciunt perferendis quo nisi perspiciatis quos officia.','Sunt et qui deleniti dignissimos molestias quam eligendi.'),(84,'veritatis',2812611,4238,'Suscipit adipisci in possimus nostrum rem soluta illum.','Sunt omnis culpa accusantium perferendis.'),(85,'ipsam',64222,6366,'Sunt deserunt consequuntur quis et molestiae quis quo.','Excepturi totam commodi molestias qui.'),(86,'incidunt',344,5327936,'Dolor iste quis ut voluptates ab.','Et voluptatum numquam dolorum qui.'),(87,'cumque',1834,284841253,'Harum distinctio nihil rem consequatur soluta.','Sed sequi non ut consequatur sequi.'),(88,'atque',0,85,'Soluta laudantium dicta neque voluptas labore voluptate est voluptatem.','Quae voluptatibus ipsa delectus quas enim et quo fugiat.'),(89,'quia',66954720,303496947,'Culpa unde aut nobis aliquam vero sequi.','Perspiciatis animi eaque dolorem occaecati ut.'),(90,'odio',1159,67,'Molestiae omnis quas quia earum dolores officiis.','Cumque iste voluptatibus dolores atque illo omnis ea.'),(91,'ratione',2,0,'Laboriosam dolorem delectus repudiandae et.','Dolor enim et laudantium ut ducimus vitae maxime quo.'),(92,'est',6713,769022869,'Rerum et deleniti possimus eum maiores alias explicabo.','Ipsam cupiditate et illo autem in.'),(93,'vel',63939,998116,'Mollitia est cumque numquam quis est at assumenda.','Voluptatem explicabo corporis facere asperiores ut.'),(94,'id',16286,66341983,'Quaerat eaque dolor quia.','Aut magni autem ut dolorem quia numquam.'),(95,'amet',52,4532880,'Cumque et hic quo pariatur quia mollitia.','Sit excepturi corporis quae maiores.'),(96,'quo',944630,2,'Dolorum et praesentium iste voluptates.','Nobis eaque quaerat voluptas enim itaque accusamus quia.'),(97,'illum',94735,6456,'Minima consequatur quis magni voluptatem cum et.','Molestiae quae aliquid delectus provident.'),(98,'iure',835622239,5,'Esse facere quia tenetur consequatur facilis.','Enim et sed aliquam necessitatibus.'),(99,'ut',471997272,0,'Quia a doloremque sit et.','Animi iusto earum ipsa laborum.'),(100,'molestiae',64029,403429137,'Necessitatibus non quo ut sunt laboriosam doloremque sunt.','Repellat animi magnam et quae aut aliquam et qui.'),(101,'rerum',22136961,2584025,'Laudantium quo ut itaque necessitatibus qui voluptates.','Maxime doloremque vero porro vel inventore tempora.'),(102,'ratione',21,94715922,'Porro cumque qui et iste laudantium quibusdam.','Error natus non magni cupiditate ab voluptatem labore.'),(103,'necessitatibus',6406696,0,'Sed velit necessitatibus corporis eum cupiditate voluptatibus.','Quidem ex fuga sunt autem.'),(104,'aliquid',721791745,521821,'Exercitationem nisi ullam omnis deserunt.','Dolorum alias quam quia praesentium.'),(105,'voluptate',785519848,607876,'Itaque est sunt saepe eum.','Omnis repellendus sapiente quia eligendi.'),(106,'molestiae',67987805,87581657,'Dolorem impedit beatae repellendus incidunt recusandae maiores voluptate.','Ea sit accusantium nihil labore laborum aperiam.'),(107,'iusto',1435615,842,'Corrupti et provident quia assumenda enim quidem.','Aut culpa facere eos illum inventore ut et.'),(108,'est',55,31700,'Adipisci rerum consectetur nesciunt praesentium.','Voluptate dolorem sunt temporibus et aut.'),(109,'nihil',12662,918,'Necessitatibus quas nobis beatae.','Illo inventore est voluptates assumenda.'),(110,'optio',99357517,4318363,'Aut similique accusamus voluptatem quia.','Quae magni odit id libero.'),(111,'qui',1673,431046593,'Et id ea nisi iure expedita voluptatibus.','Alias consequatur aut id.'),(112,'amet',3124,8692,'Quibusdam dicta beatae deserunt iure vitae et.','Voluptatem itaque voluptates occaecati officia voluptatem eum nulla quod.'),(113,'consequatur',2460034,5,'Delectus tempore qui inventore quia perferendis velit eum.','Quisquam itaque eum animi delectus.'),(114,'illum',9309,590,'Ea eos hic rem est non officia consequatur accusamus.','Iure et vel officia aut et sed.'),(115,'dignissimos',469603365,7,'Consequatur dolorem aut quos eos aut quia.','Et dolor saepe ex.'),(116,'et',74538954,78,'Porro sapiente officiis sint voluptas.','Occaecati quo fugit quasi quia.'),(117,'quod',141,365869,'Et labore quaerat dolor ut accusantium id illum.','Deserunt sit eligendi voluptatem magnam nisi aliquam.'),(118,'placeat',6,716420624,'Quis qui quae eligendi beatae id veritatis dolor.','Tenetur debitis dolore natus corrupti aut quam omnis.'),(119,'optio',27402,0,'Eos facere incidunt commodi eveniet quia.','Qui sit quia fugiat omnis.'),(120,'voluptatem',6,3250558,'In qui aut eos rerum porro magnam.','Quibusdam molestias praesentium reiciendis aut aut quam laudantium.'),(121,'necessitatibus',84336,835004592,'Sit sed et sequi.','Cumque sed porro expedita neque dolores rerum.'),(122,'quas',539247,28792,'Maiores molestiae occaecati nostrum est sed nobis libero.','Saepe reprehenderit aliquid eos magni.'),(123,'qui',5423,224674667,'Vel cumque pariatur id est neque.','Aliquam sit quos expedita rerum.'),(124,'voluptatem',8144461,496,'Unde quas ab ut unde sapiente culpa vero.','Earum maiores eum ipsa eius.'),(125,'rerum',11400039,5,'Laudantium dolore facilis deleniti ab ea.','Explicabo labore ut harum quibusdam et accusamus.'),(126,'inventore',5,4292507,'Aspernatur perferendis excepturi nobis nobis dolore libero sunt.','Consectetur inventore quas cupiditate sed quam sed aperiam quia.'),(127,'aspernatur',100199,97,'Quam blanditiis dolores mollitia porro veniam.','Et amet optio id odio rerum.'),(128,'facere',52051105,87780,'Ex ut non sit ab quaerat expedita.','Voluptatum suscipit quo ut rem.'),(129,'aut',39424,5036819,'Dolores officiis animi ut dolores.','Magni sequi voluptatem nihil nulla eligendi.'),(130,'explicabo',6,224,'Nam qui inventore qui quis sit fugiat.','Est ab consectetur excepturi eum.'),(131,'eius',5514,1,'Ad iusto voluptate consequuntur at aut labore architecto.','Totam sed est quia est provident qui quisquam.'),(132,'assumenda',3022953,6016,'Inventore esse sed tempore molestiae eveniet sunt.','Mollitia eum reiciendis voluptatibus eum ducimus magni dolor.'),(133,'nobis',1305288,3372,'Sequi odit reprehenderit unde nostrum commodi ut.','Sunt aut sed qui autem vel voluptates in corrupti.'),(134,'quis',2548,0,'Consequatur voluptatem doloremque dolores in.','Aut dolorum ratione facilis nihil dolor enim.'),(135,'beatae',746222,158192,'Eos tempore sit molestias aspernatur sint placeat aut laudantium.','Enim vero delectus est eum vero consequatur voluptatum.'),(136,'fuga',25,9043,'Quae molestiae quos eum ex.','Explicabo occaecati quia nostrum aut aut.'),(137,'cupiditate',346422,779,'Voluptates qui laborum ut molestias aliquid.','Eum voluptatem in soluta.'),(138,'eius',626,26,'Aut ipsa quas reiciendis et veritatis expedita sed.','Consequatur sit illum architecto exercitationem recusandae rerum eum aut.'),(139,'voluptas',612276140,35711,'Qui ex aliquid commodi dolores.','Quas porro quis atque aspernatur dicta.'),(140,'officiis',64261,251960,'Pariatur dolores dicta aperiam rerum ut.','Ad voluptas dignissimos ab distinctio qui.'),(141,'esse',768343678,40046165,'Animi voluptates quos ea qui.','Placeat et voluptatem alias vitae et architecto molestiae.'),(142,'sit',11,294,'Ea magnam voluptas ut eum explicabo.','Consectetur doloribus consequatur quo quidem qui adipisci ut.'),(143,'repellat',0,725092,'Distinctio placeat corporis aspernatur.','Quibusdam quaerat doloremque repellendus voluptatem sit.'),(144,'praesentium',6469,8,'Tenetur et molestiae et sed.','Nobis incidunt nisi vitae ipsum voluptas enim.'),(145,'ullam',1182,0,'Quibusdam nam suscipit illo.','Officia aut id qui fugit itaque.'),(146,'saepe',989492967,1,'Quo ex accusamus aut minima.','Mollitia dolore minus distinctio dolorum ipsam unde officiis iusto.'),(147,'dolorum',595227,55563891,'Deleniti aliquid nemo saepe sint sit aperiam.','Facere omnis voluptate magnam similique voluptatem aut.'),(148,'odio',8981011,69367564,'Nisi accusamus quisquam molestias ipsum aut autem.','Occaecati dignissimos porro laudantium sit similique.'),(149,'doloribus',74059533,3504,'Et et animi illo cum est et velit minus.','Hic quo quod omnis repudiandae qui esse.'),(150,'qui',1528,35609745,'Ex soluta sit rem ipsam nostrum voluptatem.','Sit ex ea temporibus ut id architecto.'),(151,'molestias',72593290,63,'Dicta et ipsa saepe voluptatem est velit cum.','Culpa quia doloribus qui in enim quasi enim.'),(152,'aut',5,92218016,'Nam molestiae nam cupiditate aut omnis.','Eos ab non qui ut.'),(153,'deleniti',18331190,0,'Reprehenderit fugiat error molestiae culpa earum.','Accusamus voluptatum nulla perspiciatis corporis in adipisci.'),(154,'et',372,7556077,'Architecto voluptates quidem blanditiis quam.','Nulla eum quasi unde inventore ut.'),(155,'dolores',0,6613316,'Iusto deleniti voluptatem deserunt qui dolor.','Sunt voluptatem quia dolorum molestiae.'),(156,'voluptas',17960,21289150,'Porro ut ad perferendis molestiae quaerat.','Inventore eius minima hic assumenda natus ipsam.'),(157,'pariatur',81,65457669,'Dolore est illum voluptatem reprehenderit.','Minus consequatur sapiente est sit accusantium labore consequatur repellendus.'),(158,'quisquam',81,79,'Molestiae in inventore fuga quia.','Sed quod voluptas ad pariatur sequi.'),(159,'ducimus',4074576,72615,'Officia eos voluptates et accusantium.','Repudiandae eum vero ut et beatae ut officia.'),(160,'vel',58600,2,'Asperiores et facere laborum voluptatem velit tempore omnis eos.','Sed dolores quis ullam incidunt aut reiciendis maiores.'),(161,'vel',0,7,'Ex impedit ut aut fuga.','Autem omnis voluptatem quaerat odit.'),(162,'iusto',83,99693,'Qui id sapiente expedita sit quis.','Enim sed vel fuga occaecati autem rerum.'),(163,'autem',661,0,'Commodi est unde est consequatur occaecati quia excepturi.','Eum facilis iste vel.'),(164,'consequatur',600,1363,'Est in qui consequuntur eum repellendus quos doloribus.','Iusto doloribus sit nulla odit ut consequatur quasi.'),(165,'corporis',4067,9086,'Sunt nemo dolores eum necessitatibus nobis nobis rerum.','Et quod ullam assumenda neque voluptatem.'),(166,'sunt',2973378,910993,'Aut deleniti accusamus et molestiae quaerat occaecati.','Labore aspernatur quia qui enim quod ea.'),(167,'maxime',792,0,'Saepe a pariatur accusamus assumenda facere dolores eligendi.','Qui officiis et in mollitia natus animi et.'),(168,'vitae',66725612,428284241,'Est ratione ducimus distinctio fugit.','Fuga aut aut velit distinctio fugiat maiores sed.'),(169,'ea',8,7,'Harum quis qui quo ducimus.','Sit et quo est harum doloribus dignissimos.'),(170,'et',2487,1897,'Rerum expedita quo et dolor perferendis eum.','Ea dicta officiis aut minus sunt architecto.'),(171,'aliquam',1108197,1,'Et ratione neque eos ad vel.','Deleniti commodi dolor temporibus molestiae est.'),(172,'minus',26,793777625,'Et omnis maiores aspernatur rerum.','Sunt modi et dolore harum autem aliquam.'),(173,'est',506293,6296,'Similique et asperiores similique iste laboriosam suscipit suscipit nisi.','Maxime veritatis et dolorem beatae nihil.'),(174,'voluptates',91,0,'Culpa ratione laborum fugiat veritatis.','Cum beatae quaerat enim nam fugit tenetur nihil reprehenderit.'),(175,'mollitia',7,464,'Dolorem accusantium earum dicta debitis qui itaque.','Sunt dolores et mollitia accusamus iusto vero qui.'),(176,'amet',423034610,221,'Doloremque distinctio excepturi quidem perspiciatis.','Qui nam vel ad iusto laudantium nam tempore.'),(177,'repudiandae',7458,134431895,'Incidunt placeat sequi iusto eligendi est.','Id magnam a temporibus ex sit aut ut qui.'),(178,'sit',643881437,0,'Quia culpa neque soluta est sit quos.','Et tempora voluptatum hic fuga rem voluptates.'),(179,'enim',66923,0,'Alias voluptatem voluptatem dolor.','Libero vitae laudantium magnam.'),(180,'esse',810874,745,'Veritatis doloribus ut quibusdam ratione veniam ut architecto.','Quo quis placeat sit hic laborum.'),(181,'ratione',0,771,'Qui autem quo numquam qui quidem dolor placeat.','Qui et esse explicabo quis odit quam.'),(182,'dolor',978332899,499,'Perspiciatis inventore iste ipsam illum.','Aut non dolor nostrum exercitationem.'),(183,'accusantium',0,156073,'Non corporis autem ad maiores.','Et consequuntur aut velit fugit voluptatem est repellendus.'),(184,'adipisci',1756647,6,'Libero aperiam dolores ducimus doloribus ipsam aut.','Deserunt impedit rerum iusto.'),(185,'facilis',665,23875,'Ipsam dolor quis quia ducimus et non.','Debitis aut beatae dolores unde.'),(186,'facere',471501,385999,'Et et eligendi quia inventore tempora molestiae soluta.','Totam est hic doloribus est voluptatibus perferendis.'),(187,'corporis',892197,239432764,'Est aspernatur enim rem nam facere corporis.','Est totam commodi sint voluptates ea dolorem.'),(188,'dolorem',0,5748,'Enim voluptates sunt vel non enim.','Alias totam quo consectetur magnam sit aut.'),(189,'sed',7,2,'Ex optio amet voluptatibus dolorem dolorem eaque numquam recusandae.','Necessitatibus quia voluptate veniam.'),(190,'corrupti',3486513,6739,'Vel magnam ut aut dolore laborum.','Ut tenetur facere nisi sit dolor eligendi est.'),(191,'qui',17992,625,'Laudantium cum earum nihil maxime voluptatibus veniam dolores.','Eos dolor ut nisi reprehenderit.'),(192,'omnis',19,6160663,'Cumque et in perferendis aspernatur aut.','Beatae ut recusandae omnis.'),(193,'culpa',726,90986098,'Est corporis at autem eveniet.','Molestias qui eveniet sit et quisquam delectus quam.'),(194,'est',539,804,'Doloremque dignissimos beatae enim ex provident suscipit nulla molestias.','Impedit harum veritatis tempore rerum enim et dolor.'),(195,'id',495869,7167,'Cupiditate quas eveniet minima delectus in corporis labore fugit.','Sed qui fuga enim veritatis laudantium nihil.'),(196,'eligendi',91,8768245,'Placeat ratione consequatur beatae molestiae vitae et.','Et expedita quaerat repudiandae laudantium minus minima eveniet.'),(197,'perspiciatis',1,20203,'Optio itaque nisi dolorem.','Fuga mollitia ut perspiciatis qui id eius aspernatur.'),(198,'eligendi',575895676,35640018,'Saepe eaque sunt aut voluptatem dolorem et.','Aut recusandae dignissimos cupiditate eos autem nobis architecto ipsam.'),(199,'commodi',5,973095,'Explicabo iusto eius sunt suscipit et.','Numquam nemo cum inventore officiis.'),(200,'perferendis',5903916,12720346,'Commodi nisi fuga quod consequuntur ad molestiae atque enim.','Tempora animi animi accusantium qui atque sunt deleniti.'),(201,'quia',9698809,75710,'Eos qui in quo.','Dolores saepe nostrum suscipit aut voluptatem ut unde illum.'),(202,'sunt',479024,876,'Enim quis sequi eligendi sunt praesentium.','Sequi saepe doloremque esse illum culpa et.'),(203,'exercitationem',817,148689118,'Perspiciatis voluptas cumque aut ut facere.','Occaecati mollitia debitis reiciendis distinctio ut consequatur sunt.'),(204,'aperiam',50147042,41,'Blanditiis iusto tempore velit doloremque.','Nulla dolores cumque aut error in cupiditate.'),(205,'esse',882977580,8609391,'Et fugit dolores aut vel cumque quidem et.','Consequuntur incidunt architecto reiciendis aut sit unde natus.'),(206,'eveniet',54,3,'Asperiores eos dolor perspiciatis aut id harum rerum.','Ut et consequatur nihil est sit earum ut.'),(207,'consequatur',68,69514777,'Beatae corporis dolorem sed dolorem ea quo voluptatum.','Dolor sed praesentium ipsam eaque tenetur.'),(208,'accusantium',5,4971,'Veniam vel commodi odio.','Eius quia ducimus aut ut corrupti reiciendis.'),(209,'delectus',30315,34152072,'Ut perspiciatis nostrum et nulla deleniti corporis suscipit dolore.','Quidem deleniti totam nam ea.'),(210,'necessitatibus',405989,32788,'Velit iure neque eveniet est.','Qui et enim laborum est magnam dolores.'),(211,'nam',3208,601667309,'Maxime et quo qui qui ex ea.','Eveniet ut error facere et.'),(212,'ut',0,6272499,'Architecto quis voluptate optio sequi.','Nihil id nihil quas sequi natus.'),(213,'ad',0,0,'Quis eos incidunt ipsa voluptatibus officia est repudiandae.','Mollitia enim aut harum amet.'),(214,'ipsam',0,6475073,'Enim dolores corrupti ea sit.','Sapiente repellat occaecati iste molestias praesentium qui illo.'),(215,'rerum',0,1395,'Id repellendus in mollitia deserunt dolor.','Delectus nobis voluptatibus ea eos accusamus.'),(216,'enim',42,85208,'Iste consequatur dignissimos numquam cupiditate consequatur dolores.','Eveniet aut dolores non quisquam quo iure commodi.'),(217,'quisquam',1110,813690,'Exercitationem eum in deserunt ipsum.','Quaerat placeat vel temporibus ducimus harum corrupti eum.'),(218,'voluptatem',0,0,'Dolore ducimus possimus quod et reprehenderit earum nobis.','Ex voluptatum blanditiis minus est.'),(219,'rem',618658,9269486,'Necessitatibus aut quaerat et possimus voluptatem sint.','Veritatis voluptas est nihil et quia officia.'),(220,'ipsum',45,0,'Repellendus aut ut voluptas at.','Rem excepturi odio velit atque dolores aut cupiditate possimus.'),(221,'et',9405734,518611,'Iure inventore perferendis nulla unde enim et.','Alias et adipisci veniam occaecati.'),(222,'iste',194968329,796,'Eius facilis laboriosam itaque aspernatur deleniti.','Neque et sunt a itaque non numquam veritatis.'),(223,'nesciunt',56174,5,'Distinctio aut enim ut eum rerum rerum.','Qui occaecati quos cumque eum.'),(224,'tempore',46828,57153170,'Voluptatem accusantium aut ut nam qui et architecto.','Veritatis aut eum laudantium ex non distinctio.'),(225,'dicta',2,6,'Et aut facilis architecto veritatis.','Placeat pariatur aut distinctio itaque.'),(226,'necessitatibus',2,33936307,'Itaque quam est fugit qui sint quis similique.','Laboriosam inventore sapiente maxime id sit consequatur.'),(227,'est',0,21,'Voluptatum ratione enim et eos voluptatem.','Minus magnam sed consequatur est aut omnis dignissimos.'),(228,'qui',32188442,1,'Non id sapiente explicabo laborum et accusamus officia.','Mollitia non debitis et illum asperiores aspernatur minima.'),(229,'est',1,49246969,'Fugiat laborum assumenda alias.','Repellat in voluptatem aperiam sit alias nesciunt.'),(230,'molestiae',79482,2384,'Non est eligendi qui est debitis qui sed.','Adipisci doloremque vero quam dolore et soluta nostrum.'),(231,'facere',9,807,'Non aut quibusdam cumque adipisci alias distinctio fuga.','Autem explicabo exercitationem debitis ipsam ut et est perspiciatis.'),(232,'et',2,4743833,'Qui animi quas corporis qui inventore repellendus.','Aut sunt repellendus ipsa voluptas voluptas.'),(233,'qui',116238,583,'Quo nihil quia corrupti cum.','Ut aut libero sunt et.'),(234,'quod',49,1991,'Occaecati ea numquam harum.','Atque laudantium odit et ut ut aut dolorem commodi.'),(235,'repudiandae',0,2834817,'Quasi veritatis maxime aut quas voluptas.','Mollitia ut odit numquam quas amet aliquam ea.'),(236,'asperiores',44929,57517047,'Libero quo nostrum ipsam facere et blanditiis.','Placeat debitis voluptatum nobis fugiat fugiat.'),(237,'ea',4746113,4474,'Optio odit quaerat voluptates nostrum voluptas et.','Expedita corrupti voluptatibus sequi modi est.'),(238,'delectus',264722,809,'Autem totam minima natus totam qui nihil.','Saepe quae dolore quis et odit modi exercitationem.'),(239,'quasi',8,95,'Autem dicta nemo iure exercitationem quasi.','Ut quos neque omnis.'),(240,'rem',250641,432825589,'Earum sit eos facere sed alias laboriosam odit.','Ut eius inventore libero.'),(241,'et',150,0,'Atque commodi cupiditate est ratione animi quia.','Officia reiciendis necessitatibus numquam aut velit optio.'),(242,'asperiores',0,81177,'Ut et alias quis dolores rerum accusantium error.','Et omnis facere sunt ab autem eos est.'),(243,'quo',28782713,261311,'Eveniet amet culpa sit vel maiores labore eveniet.','Velit iste quaerat ut dolorem aut consectetur.'),(244,'magnam',96,937,'Enim odio qui quae at.','Porro voluptatum aliquid ut magni quam.'),(245,'recusandae',1460,49698,'Vitae molestias ipsam qui enim aut.','Repellendus in et modi culpa.'),(246,'architecto',79341349,3785276,'Voluptatibus veritatis consectetur accusantium quo.','Saepe ut provident blanditiis eos omnis rem sint.'),(247,'occaecati',129743,97647955,'Illum eveniet cupiditate illum veniam dolorum nam.','Necessitatibus tempora aut praesentium dicta nam.'),(248,'rerum',41,9604968,'Nobis necessitatibus quam ea.','Exercitationem natus et corrupti dignissimos debitis eum.'),(249,'velit',910764,0,'Cum porro aut esse optio maxime.','Velit omnis recusandae est.'),(250,'id',615300981,1302,'Quis quo harum suscipit aut eligendi ex sint.','Et porro dolor voluptas veniam sed.'),(251,'fugiat',526737,318,'Ut aliquam commodi molestiae omnis odio quidem.','Nulla dolores voluptatum sapiente aut quod voluptatem similique fuga.'),(252,'ratione',45760,97417892,'Ab vel ut ut placeat autem porro.','Nihil harum architecto tempore illo sit dolorem voluptas.'),(253,'veniam',6950,10153,'Iure qui sit pariatur recusandae iusto error.','Alias molestiae et voluptate odio aperiam rerum nobis.'),(254,'repudiandae',92435,452244307,'Nostrum natus dolores hic blanditiis porro sed inventore.','Est fuga sed quibusdam ducimus similique et est.'),(255,'voluptates',21942203,75933,'Qui cumque beatae repudiandae aut.','Mollitia ab est et eius.'),(256,'ipsum',18534645,36,'Et sit ullam eos et ad alias.','Praesentium sapiente omnis eos perspiciatis aperiam sed ut.'),(257,'eum',4,52631932,'Similique non est rerum et est placeat exercitationem.','Aspernatur porro enim voluptate praesentium.'),(258,'quod',39487542,1290803,'Consequatur ut iure voluptates nesciunt.','Dignissimos consequuntur aut cum eligendi alias qui.'),(259,'aut',147381,4,'Repudiandae quis et qui excepturi.','Aut ipsum dolores adipisci et consequatur officia.'),(260,'consequatur',33,190562,'Veniam est excepturi nesciunt temporibus molestiae consequatur.','Molestiae dolores suscipit et ea.'),(261,'quod',588,461,'Aut ad officiis impedit dolores fuga vero voluptatibus.','Facere quo quisquam eum et.'),(262,'ut',380540964,709368,'Quaerat libero optio in aspernatur est odit consequatur.','Quos explicabo corporis voluptatem non non.'),(263,'ut',604400207,1264069,'Omnis ut error consectetur ratione qui debitis.','Rerum natus nesciunt voluptate voluptatem.'),(264,'cupiditate',53,8955680,'Dolorem doloremque ipsam similique vitae velit eaque quod.','Tempore sed porro magnam molestiae sed iusto molestiae.'),(265,'qui',8,553,'Quia dicta ea accusantium maxime possimus.','Tenetur voluptas rerum sed et quo aperiam praesentium.'),(266,'ut',8079402,20905948,'Voluptas et expedita possimus ipsa.','Tempore quis recusandae sed aut.'),(267,'delectus',869588,639,'Molestiae ut eum ea.','Incidunt quas ratione qui sunt temporibus enim tempora.'),(268,'omnis',15631,756,'Voluptas debitis culpa quidem quia qui nostrum eos.','Quia reiciendis enim impedit aut eos doloribus.'),(269,'saepe',7,720258794,'Nulla dolorum et vel quae aut beatae dolores.','Sit omnis cum vitae impedit.'),(270,'est',347057926,6437,'Laudantium nam vel pariatur est.','Qui ut est delectus assumenda quia et aut.'),(271,'occaecati',6,292780586,'Eum ut possimus quam alias nam.','Voluptatem iusto perferendis dolorem dolorem ipsum.'),(272,'aliquid',0,0,'Magnam maiores accusantium tenetur et consequatur est quas.','Quia illo vitae maiores eos.'),(273,'magni',72903,983,'Et hic consectetur vel maiores praesentium earum natus.','Dolores distinctio qui consequatur autem.'),(274,'quisquam',50011512,314415147,'Voluptatem cupiditate possimus voluptatum sunt quis.','Odit eligendi magni sint cupiditate voluptatem consequatur minus.'),(275,'et',0,889062,'Itaque asperiores et impedit inventore non.','Ut porro quis voluptatibus consequatur quia.'),(276,'qui',37584,30094,'Nihil sint aut esse et est occaecati tenetur.','Reiciendis ut facilis itaque veritatis sunt nihil omnis.'),(277,'quia',81477401,373041,'Ut cumque quos incidunt repellat nemo omnis.','Cum quos asperiores sed natus aliquam optio.'),(278,'adipisci',715599713,69,'Nihil deserunt expedita et voluptate dolorum.','Est aut tenetur dolorem earum et pariatur et.'),(279,'repellendus',837,216121195,'Ut totam ea est eos distinctio consequatur in.','Illo nemo minima quis necessitatibus.'),(280,'animi',122849,378,'Labore id ut eligendi necessitatibus impedit.','Voluptas id non facilis totam itaque laudantium.'),(281,'exercitationem',837,9446,'Ad suscipit debitis nam neque.','Saepe sit ex voluptas beatae rerum.'),(282,'magni',398263,423,'Fugit nemo nobis neque et numquam inventore occaecati.','Quia ab sed voluptas autem asperiores in ipsam.'),(283,'reprehenderit',3,39581,'Corporis perspiciatis delectus deserunt doloribus placeat pariatur.','Qui maiores doloremque voluptate vel nihil.'),(284,'non',21196252,279,'Voluptatibus nostrum sed fugiat dolorem optio odit dolorem.','Ut nulla mollitia expedita autem et quam nisi.'),(285,'consequatur',1700,70412335,'Ex expedita quis magni illum.','Minus non sed rerum officiis quia odit voluptatem.'),(286,'nesciunt',888019,327,'Odio nostrum ab quae soluta et.','Modi sed porro velit.'),(287,'sint',32805989,503667432,'Nobis perferendis aut esse reprehenderit omnis vitae.','Consectetur sit fugit dolor et exercitationem dolor consectetur sed.'),(288,'quas',190,34429,'Sit voluptatem aliquid sed veritatis eos repellendus similique.','Quia in ut non voluptatem voluptatem.'),(289,'unde',93635,169484164,'Repellendus magnam impedit impedit minima vero porro quo voluptate.','Aut minima qui nam quia rem.'),(290,'dignissimos',30658,18675,'Est similique vero ratione occaecati mollitia atque libero.','Aperiam et consequatur nam dolores accusamus aperiam.'),(291,'deleniti',14,367570737,'Magni voluptatem eveniet natus ullam perspiciatis quia.','Quis nostrum aperiam modi laudantium maiores.'),(292,'cumque',0,7923759,'Eligendi libero numquam nulla repellat.','Aperiam sequi nesciunt voluptatem ipsa exercitationem ea.'),(293,'aut',82,97591,'Laborum quis voluptatem rerum est quia non iure.','Cum in et rerum tempore et nihil.'),(294,'ad',1532,0,'Enim nesciunt in officia.','Vel sapiente eligendi quam ullam exercitationem ut quia.'),(295,'enim',97926777,241140,'Dolorum eligendi praesentium placeat id asperiores dolor tenetur.','Ipsum odit consectetur vel et.'),(296,'dignissimos',25574,6971,'Et in optio ipsum rerum.','Eaque nulla numquam amet eos fuga assumenda quos.'),(297,'beatae',55,33097,'Rerum culpa non numquam illum voluptas sint.','Natus consectetur dolore rerum optio dolorem pariatur laborum.'),(298,'veritatis',4344850,0,'Aut est enim et blanditiis.','Autem sequi nemo alias.'),(299,'beatae',2788,78961577,'Quibusdam velit ut dolorum sed et et laboriosam.','Facilis perferendis minus maxime et quasi nihil fugit eaque.'),(300,'aliquid',1724788,907,'Animi et molestiae dolore debitis adipisci facilis assumenda.','Laboriosam est ut quis doloremque.');
/*!40000 ALTER TABLE `blogPage` ENABLE KEYS */;
UNLOCK TABLES;

--
-- Table structure for table `blogPost`
--

DROP TABLE IF EXISTS `blogPost`;
/*!40101 SET @saved_cs_client     = @@character_set_client */;
/*!50503 SET character_set_client = utf8mb4 */;
CREATE TABLE `blogPost` (
  `body` text CHARACTER SET utf8mb4 COLLATE utf8mb4_unicode_ci,
  `post_created` datetime DEFAULT CURRENT_TIMESTAMP,
  `post_updated` datetime DEFAULT CURRENT_TIMESTAMP,
  `blogPage_id` int unsigned NOT NULL,
  `blogPost_id` int unsigned NOT NULL AUTO_INCREMENT,
  PRIMARY KEY (`blogPost_id`)
) ENGINE=InnoDB AUTO_INCREMENT=301 DEFAULT CHARSET=utf8mb4 COLLATE=utf8mb4_unicode_ci;
/*!40101 SET character_set_client = @saved_cs_client */;

--
-- Dumping data for table `blogPost`
--

LOCK TABLES `blogPost` WRITE;
/*!40000 ALTER TABLE `blogPost` DISABLE KEYS */;
INSERT INTO `blogPost` VALUES ('Odit et pariatur qui.','2018-10-02 16:53:53','2021-06-29 12:19:47',1,1),('Accusamus nisi consequatur itaque repellendus placeat eos repellendus molestias.','2019-06-19 18:15:37','2022-01-02 22:30:36',2,2),('Reiciendis saepe voluptates est modi sed in.','2013-09-28 19:13:52','2021-08-18 20:39:04',3,3),('Pariatur exercitationem rerum explicabo libero aliquid voluptates mollitia sit.','2014-11-06 06:00:02','2021-09-23 05:29:57',4,4),('Aut molestias qui mollitia non maxime dicta.','2018-06-06 12:21:46','2021-05-02 19:58:39',5,5),('Dignissimos quod repellat voluptas alias.','2014-09-15 21:11:18','2021-03-20 06:02:37',6,6),('Accusantium quisquam blanditiis exercitationem totam quia blanditiis quis.','2015-05-23 18:37:06','2021-11-15 03:52:58',7,7),('Ut voluptatum unde itaque eum.','2016-10-05 00:27:00','2021-01-21 12:09:17',8,8),('Est minima earum similique dolorem.','2018-09-28 08:46:00','2021-12-27 12:43:59',9,9),('Omnis molestiae qui quam.','2013-01-12 12:31:50','2021-02-15 01:42:35',10,10),('Ut consequatur sint consequatur laudantium nostrum.','2016-01-24 17:35:35','2021-01-13 14:14:35',11,11),('Inventore dignissimos facilis omnis dolor quia ratione eaque vel.','2021-01-11 12:45:06','2021-08-14 02:27:25',12,12),('Odit deleniti consequatur dolor sint id et aut.','2019-05-09 01:38:17','2021-12-25 00:48:10',13,13),('Quo et alias aut ut reprehenderit.','2012-07-10 16:57:09','2021-12-18 08:44:38',14,14),('Ratione id dolorem eos voluptas enim praesentium cumque.','2017-03-10 16:51:18','2021-12-21 03:00:30',15,15),('Tempore maiores explicabo velit quia voluptas.','2012-08-24 06:40:11','2021-12-21 03:37:03',16,16),('Ipsa sit ut nulla labore ad hic.','2014-06-23 06:30:34','2021-12-21 22:24:16',17,17),('Sit non amet quaerat cupiditate assumenda similique sint.','2014-02-06 13:23:09','2021-05-18 07:20:07',18,18),('Voluptas incidunt similique aut.','2016-10-11 06:59:22','2021-08-04 02:08:55',19,19),('Quis tempore id numquam totam esse.','2016-04-19 13:29:24','2021-08-25 20:09:27',20,20),('Dolores et officia sed sapiente suscipit.','2012-06-03 01:52:23','2021-12-11 11:09:28',21,21),('Fuga et quaerat inventore dignissimos.','2017-12-01 06:58:44','2021-07-04 09:11:07',22,22),('Non aut rerum quos aliquam et.','2014-07-20 13:21:25','2021-09-14 19:03:17',23,23),('Esse ullam omnis aut aut ut possimus laborum.','2012-09-06 09:30:10','2022-01-11 19:12:09',24,24),('Voluptas aut aperiam eum perspiciatis dolorem.','2012-01-30 04:49:21','2021-02-28 03:38:54',25,25),('Consequatur beatae eligendi et qui deleniti.','2021-11-24 11:02:11','2021-12-18 06:38:37',26,26),('Perferendis esse aut nam voluptates voluptatum qui.','2017-01-07 06:34:33','2021-01-16 01:15:48',27,27),('Aspernatur eos officiis omnis qui perferendis.','2013-09-04 10:25:01','2021-04-17 02:05:46',28,28),('Harum fugit et sapiente eum.','2016-05-12 17:40:34','2021-12-14 11:20:59',29,29),('Reprehenderit perspiciatis est repellat esse quia amet possimus.','2012-06-17 16:26:23','2021-11-24 08:11:56',30,30),('Et doloribus rerum sunt recusandae doloremque quos.','2013-02-21 14:54:46','2021-07-20 15:15:53',31,31),('Corporis beatae nostrum quaerat nisi dolorem dolorem quia itaque.','2016-02-14 18:41:58','2021-11-03 07:23:10',32,32),('Aperiam non quod sit porro ducimus error at.','2015-11-04 07:13:57','2021-10-08 05:43:26',33,33),('Quis repellat est sit modi quia sunt possimus.','2017-08-26 16:05:12','2021-12-27 10:13:49',34,34),('Dicta molestiae repellat aut dolorem.','2016-10-30 10:49:09','2021-08-20 10:25:49',35,35),('Voluptatibus nesciunt rem et dolor voluptas et expedita.','2016-09-13 03:35:06','2021-09-14 19:45:26',36,36),('Adipisci libero sed omnis aut expedita quidem molestias.','2014-10-05 13:59:11','2022-01-05 08:44:41',37,37),('Expedita possimus tenetur odio placeat enim porro.','2015-09-30 20:15:54','2021-02-08 02:53:55',38,38),('Quo ex et sed eum temporibus quod numquam.','2014-12-28 04:31:31','2021-06-20 11:54:58',39,39),('Cum et aut expedita quaerat.','2015-03-12 17:53:37','2021-12-27 10:26:05',40,40),('Molestiae est modi velit.','2021-07-14 07:34:00','2021-02-16 16:03:37',41,41),('Iure et quaerat facere sint.','2017-05-08 18:41:47','2021-11-29 11:53:43',42,42),('Dicta ut sapiente eius ipsum dolorum voluptas suscipit et.','2017-02-25 14:48:39','2021-04-04 07:40:38',43,43),('Suscipit quia voluptas cumque delectus.','2013-04-15 05:31:31','2021-03-01 19:55:24',44,44),('Veritatis incidunt molestiae quo ut.','2019-08-11 10:29:43','2021-11-11 01:37:01',45,45),('Similique nostrum id sit omnis asperiores fugiat.','2016-10-14 15:17:52','2021-12-29 09:31:11',46,46),('Dicta quia repellendus itaque sint sed qui repellat ut.','2013-03-06 05:45:52','2021-08-27 10:53:42',47,47),('Nesciunt omnis necessitatibus sed aut vel.','2020-05-25 13:30:02','2021-12-04 03:29:30',48,48),('Esse sed quia natus.','2017-04-06 04:24:13','2021-07-25 02:55:29',49,49),('Velit incidunt possimus fugit voluptas rerum quis quaerat.','2021-10-29 04:48:26','2022-01-04 16:02:58',50,50),('Et at qui facilis sed aut ipsum.','2019-03-22 11:02:07','2021-04-19 19:11:53',51,51),('Cupiditate sit enim deserunt eveniet est ullam expedita.','2019-04-25 03:33:10','2021-01-13 19:42:20',52,52),('Ex ratione sit debitis facere illum voluptatem temporibus.','2021-10-29 17:28:04','2021-07-22 06:35:27',53,53),('Ut eos quod aperiam sint enim nemo iusto.','2016-02-24 03:57:08','2021-01-30 20:52:13',54,54),('Libero assumenda culpa dolor saepe omnis incidunt.','2012-01-28 01:35:59','2021-07-04 14:26:39',55,55),('Sed placeat ea perspiciatis facilis assumenda.','2017-01-13 23:18:01','2021-08-25 03:44:15',56,56),('Iure dignissimos ut quos quam et iure.','2015-03-15 05:34:19','2021-08-04 11:38:58',57,57),('Nisi expedita repellendus consequuntur vitae.','2019-10-17 19:36:08','2021-06-30 11:20:45',58,58),('Perferendis tenetur non ipsum neque ullam.','2016-04-20 19:53:35','2021-03-18 14:00:06',59,59),('Omnis recusandae doloremque qui voluptas quia id suscipit.','2019-05-06 22:55:41','2022-01-02 20:12:27',60,60),('Aperiam quam ut praesentium nihil.','2021-12-11 23:15:27','2021-06-27 01:37:48',61,61),('Porro iusto nesciunt eligendi magnam explicabo.','2016-12-09 14:35:30','2021-01-14 22:04:12',62,62),('Fuga ducimus error dignissimos quos velit reiciendis.','2020-11-29 18:17:16','2021-06-19 07:01:26',63,63),('Iste et ad aut recusandae porro quis occaecati.','2020-08-16 07:10:08','2021-09-19 02:49:55',64,64),('Doloremque et tenetur sequi corrupti assumenda quia ut.','2018-01-07 13:30:50','2021-06-18 14:05:40',65,65),('Porro sed officiis velit illum non consectetur totam.','2020-04-23 04:15:28','2021-10-27 07:20:52',66,66),('Quas quo neque nobis molestiae.','2016-09-20 04:21:25','2021-09-08 11:33:49',67,67),('Rerum dolor id possimus reprehenderit.','2019-02-12 11:39:53','2021-11-17 00:31:42',68,68),('Velit eius voluptas ex vitae enim neque dolore.','2012-09-10 01:44:24','2021-12-17 10:36:12',69,69),('Culpa ut soluta sed dolores voluptatem aperiam hic.','2014-01-25 10:35:12','2021-02-17 02:12:19',70,70),('Ut ipsa est explicabo ratione error quidem atque.','2021-01-24 03:39:56','2021-11-01 16:57:02',71,71),('Veritatis repudiandae asperiores repudiandae aut earum enim qui.','2020-12-05 23:43:02','2021-08-07 15:10:57',72,72),('Qui ratione magnam non quo sunt rerum omnis incidunt.','2013-12-25 09:11:43','2021-04-02 08:51:33',73,73),('Doloremque id et molestias et dicta cum corrupti dolor.','2019-08-16 20:03:28','2021-05-07 17:39:09',74,74),('Aperiam laudantium quisquam labore cum sunt dignissimos sapiente ducimus.','2014-08-13 21:19:49','2021-02-20 13:26:10',75,75),('Excepturi sint voluptatem repellendus qui aperiam eos.','2013-07-27 15:43:58','2021-12-31 10:46:01',76,76),('Quis modi earum et reprehenderit.','2016-01-07 22:13:25','2021-03-31 08:56:56',77,77),('Dolorum est et in deleniti quia ut.','2014-05-24 23:13:26','2021-05-28 02:53:29',78,78),('Doloribus tenetur ut reiciendis quam.','2020-09-05 16:16:29','2021-09-27 00:48:28',79,79),('Eum consequatur velit accusantium explicabo tempore qui.','2015-11-02 04:21:01','2021-08-06 21:37:00',80,80),('Amet est repellendus facere magnam.','2012-06-03 12:01:37','2021-11-16 17:05:09',81,81),('Tempore dolore ratione illum quo et itaque.','2017-02-16 12:44:30','2021-06-14 14:51:26',82,82),('Aut sit saepe maiores laudantium quos.','2020-08-31 14:49:04','2021-12-24 00:00:07',83,83),('Dignissimos ex magni culpa eligendi delectus et.','2014-06-05 10:08:29','2021-03-08 19:13:27',84,84),('Deleniti quia et sint blanditiis.','2021-11-03 10:42:47','2021-06-05 00:47:47',85,85),('Excepturi dolor consectetur eaque dolorum ullam.','2017-12-03 07:00:33','2021-02-20 16:42:24',86,86),('Accusantium esse ut pariatur dolor.','2021-04-18 10:10:37','2021-12-28 19:50:29',87,87),('Mollitia explicabo mollitia quas omnis quia odio.','2021-12-16 22:21:59','2021-09-19 23:31:39',88,88),('Vitae rerum similique pariatur sit.','2019-08-10 05:14:05','2021-10-17 21:19:53',89,89),('Dolor hic ea consequatur et facilis.','2012-04-09 23:12:12','2021-12-06 11:20:16',90,90),('Id recusandae vel qui amet consectetur debitis.','2019-08-09 09:12:12','2021-07-10 02:03:56',91,91),('Qui ut id ea cupiditate corrupti incidunt qui.','2018-12-19 11:17:21','2021-09-01 12:02:20',92,92),('Et voluptas debitis impedit adipisci.','2016-05-12 02:31:47','2021-10-01 10:26:06',93,93),('Molestias consectetur sapiente voluptatem velit modi sed.','2016-07-06 11:07:16','2021-09-01 22:25:54',94,94),('Laboriosam incidunt perferendis et sequi.','2020-04-29 09:41:22','2021-09-11 00:54:46',95,95),('Quis rerum aliquam explicabo ducimus qui est nihil qui.','2020-04-20 11:03:20','2021-07-17 15:36:53',96,96),('Fugit debitis voluptatem reiciendis in.','2021-01-07 12:14:49','2021-03-17 18:41:56',97,97),('Distinctio vero atque possimus sit.','2019-04-19 22:41:55','2021-03-09 20:21:22',98,98),('Harum explicabo dolorum voluptas quo reprehenderit.','2019-05-26 04:05:40','2021-12-04 14:06:19',99,99),('Non voluptatem ut iste in harum ipsam sapiente.','2019-12-12 18:32:23','2021-02-26 01:20:38',100,100),('Quas incidunt quod molestiae id corporis aliquam.','2015-08-20 22:32:09','2021-09-16 20:45:03',101,101),('Sit aut expedita cupiditate libero.','2013-01-02 03:55:01','2021-07-18 23:09:57',102,102),('Ut numquam accusamus inventore pariatur.','2015-07-01 04:04:50','2021-04-12 16:51:40',103,103),('Maxime minus vel ut sunt optio totam.','2013-01-11 15:15:34','2021-03-27 17:55:34',104,104),('Sint quia quo sunt debitis nobis.','2019-04-26 01:22:37','2021-04-18 14:25:40',105,105),('Incidunt explicabo repellat aut aut similique quo.','2014-01-16 09:26:55','2021-12-23 13:48:37',106,106),('Sit debitis iste repellat eum aut impedit magni.','2016-12-31 07:52:56','2021-05-05 15:14:50',107,107),('Vel architecto qui sequi eaque consequatur eos amet quidem.','2015-08-09 02:11:01','2021-12-30 13:30:34',108,108),('Possimus impedit et beatae quia consequuntur similique.','2013-01-31 06:13:15','2021-10-16 11:34:47',109,109),('Vel et harum non doloribus consequatur nemo quia.','2017-02-12 20:39:22','2021-01-16 06:14:16',110,110),('Occaecati ut molestias est.','2021-12-21 01:51:17','2021-02-25 19:42:24',111,111),('At est quibusdam esse officiis non ut.','2015-07-03 09:09:53','2021-12-02 16:32:40',112,112),('Velit praesentium illo ut molestias incidunt tenetur et.','2012-12-01 23:29:48','2021-04-24 05:45:30',113,113),('Eligendi molestias libero sapiente laboriosam est odio.','2014-10-28 16:06:26','2021-05-14 02:24:31',114,114),('Ut voluptatibus impedit provident harum ipsum quae itaque.','2020-07-05 06:00:50','2022-01-06 04:08:09',115,115),('Tempora ea dicta dolore.','2012-08-26 04:22:26','2021-08-04 23:38:44',116,116),('Voluptatem quo et ratione quis ipsa.','2014-11-25 10:50:04','2021-07-24 11:18:30',117,117),('Dignissimos earum voluptatem molestias iusto voluptas.','2016-06-07 01:22:37','2021-07-31 16:59:34',118,118),('Commodi iure consequuntur est dolore velit.','2018-11-01 00:50:14','2021-03-09 23:12:24',119,119),('Rem vel cumque magni ab hic.','2019-05-04 11:04:49','2021-07-06 23:39:08',120,120),('Vitae totam vel velit aut dolor iusto iste.','2015-12-19 13:04:58','2021-03-28 19:37:56',121,121),('Facere cupiditate libero facilis minima qui odit perspiciatis.','2016-04-06 09:35:09','2021-10-29 19:33:30',122,122),('Debitis optio maiores soluta nemo voluptas qui tempore.','2018-11-23 03:01:00','2021-01-18 05:03:43',123,123),('Aut ea voluptatem vel aut reprehenderit.','2018-11-04 03:18:34','2021-02-28 10:07:10',124,124),('Et id rerum sapiente explicabo veritatis dolorem.','2020-07-18 04:09:36','2022-01-01 03:13:47',125,125),('Qui autem aliquid qui hic.','2017-08-20 06:48:26','2021-01-14 22:38:07',126,126),('Ut est est est molestias enim.','2017-04-21 16:53:04','2021-06-24 09:26:18',127,127),('Iusto voluptatibus suscipit saepe dicta.','2012-10-02 04:01:22','2021-11-18 10:25:53',128,128),('Nesciunt doloremque porro totam nulla mollitia commodi dignissimos quo.','2020-11-23 21:46:13','2021-11-14 18:18:14',129,129),('Voluptate eligendi quos autem soluta quasi ad earum ullam.','2016-07-03 03:59:53','2021-10-17 16:20:07',130,130),('Perferendis itaque iure quos qui.','2018-11-07 10:50:32','2021-06-22 18:09:57',131,131),('In nisi vero quidem nemo quaerat vel temporibus.','2018-12-30 07:48:42','2021-04-18 07:26:34',132,132),('Est sit reiciendis porro libero aspernatur.','2019-07-03 23:21:25','2021-04-10 19:08:18',133,133),('Necessitatibus enim consequatur odit assumenda.','2017-02-28 19:01:31','2021-06-15 05:45:29',134,134),('Quae voluptas nam et voluptatem veniam quis.','2019-10-21 21:39:10','2021-04-06 10:39:04',135,135),('Sit error sit et atque.','2019-05-30 23:08:26','2021-09-12 18:09:28',136,136),('Odit non rerum beatae.','2012-07-13 22:50:40','2021-08-23 14:37:12',137,137),('Esse corrupti est unde nam.','2021-06-23 01:20:35','2021-11-03 00:03:24',138,138),('Qui ipsam possimus quia quam maiores quisquam.','2015-09-28 02:53:09','2021-02-20 11:34:59',139,139),('Perspiciatis nobis ut dolor aperiam rem nisi dolorum et.','2012-01-17 13:00:02','2021-04-07 15:05:12',140,140),('Qui omnis magni sed similique impedit.','2016-04-17 15:31:03','2021-03-10 03:19:20',141,141),('Magnam quos laudantium ea placeat.','2020-04-27 18:19:52','2021-05-19 17:03:56',142,142),('Suscipit sit nam magnam sunt vel.','2019-11-10 10:24:05','2021-06-14 01:25:49',143,143),('Distinctio vitae ullam saepe eius.','2016-08-19 18:35:23','2021-02-25 00:01:27',144,144),('Consequatur ipsam doloremque beatae.','2019-09-14 12:10:53','2021-05-03 08:14:28',145,145),('Provident ipsam aut fugit.','2021-09-08 09:01:56','2021-03-24 14:55:27',146,146),('Sit iure id vero minus et ex porro saepe.','2015-05-25 13:37:22','2021-12-14 16:58:17',147,147),('Doloribus accusantium eligendi facere quo et incidunt sunt.','2014-11-24 16:41:06','2021-08-18 15:40:56',148,148),('Voluptatem sit suscipit hic est.','2013-05-11 09:40:05','2021-11-01 14:36:27',149,149),('Ex nostrum velit quo ut autem.','2013-06-15 15:21:16','2021-07-22 17:19:58',150,150),('Et voluptates beatae quia vero natus excepturi.','2015-05-01 19:56:37','2021-03-26 14:59:36',151,151),('Corrupti repellat dolorem quia in quia.','2020-11-16 01:44:12','2021-03-27 02:46:32',152,152),('Ratione vero voluptatem illum porro cumque.','2016-03-12 18:46:23','2021-10-07 21:11:22',153,153),('Ratione magni soluta ipsum et qui.','2015-02-10 22:06:17','2021-05-11 23:28:38',154,154),('Voluptatem et animi eos quasi praesentium.','2017-05-04 05:25:40','2021-11-03 11:39:28',155,155),('Eaque culpa earum vero.','2017-01-08 17:33:52','2021-02-21 03:38:40',156,156),('Iure cumque labore est animi.','2021-03-15 04:41:32','2021-03-25 03:56:41',157,157),('Illum accusamus et qui eveniet nesciunt quas et.','2012-01-30 21:03:18','2021-01-23 12:13:00',158,158),('Omnis distinctio id fugiat doloribus voluptate.','2016-06-20 10:49:43','2021-05-23 02:25:10',159,159),('Quis sint ex vero et enim amet.','2014-01-02 01:46:04','2021-10-20 16:41:37',160,160),('Sit sed consequatur laborum repellat.','2013-10-02 03:07:18','2021-05-05 14:10:46',161,161),('Fugit voluptas cum quibusdam.','2015-10-22 19:44:19','2021-03-22 14:35:04',162,162),('Qui tempore nihil aspernatur sunt.','2018-07-26 19:48:01','2021-06-19 08:18:20',163,163),('Voluptates sequi quod animi qui sapiente corrupti accusantium.','2015-09-02 23:51:34','2021-07-04 06:44:57',164,164),('Reiciendis consequatur doloribus eum non.','2012-05-21 03:48:59','2021-11-06 22:52:49',165,165),('Sed nobis voluptates quam aspernatur optio perferendis.','2017-03-21 09:42:16','2021-06-14 16:51:25',166,166),('Quia mollitia porro aut totam.','2012-03-21 10:53:55','2021-06-30 03:33:18',167,167),('Adipisci earum vero enim ad enim rerum.','2015-02-09 02:29:34','2021-09-22 04:51:01',168,168),('Voluptatibus ut ipsa incidunt quaerat.','2018-11-21 03:21:58','2021-12-04 10:57:53',169,169),('Id iusto repellat aspernatur ad odio laboriosam est.','2018-09-09 10:22:04','2021-04-21 03:20:55',170,170),('Fuga molestiae repellendus tenetur rerum impedit.','2017-08-07 12:04:24','2022-01-02 15:56:42',171,171),('Fugit ea tempora corporis facilis itaque molestias et.','2017-05-27 19:13:58','2021-02-07 08:28:03',172,172),('Et quod praesentium totam eaque soluta fugiat quia.','2015-10-13 04:00:21','2021-06-06 16:25:37',173,173),('Minima repudiandae omnis quia officiis aspernatur eaque.','2015-12-26 21:09:35','2021-09-09 03:49:55',174,174),('Est minima qui in dicta enim dolores.','2020-05-12 18:53:31','2021-11-04 09:34:25',175,175),('Amet voluptatum rerum ut voluptatem repellendus qui ut.','2018-08-05 23:16:16','2021-09-02 22:09:51',176,176),('Iure assumenda excepturi qui autem.','2020-10-17 17:59:23','2021-06-15 14:05:53',177,177),('Et qui omnis a.','2020-10-10 08:52:55','2021-12-22 11:09:24',178,178),('Animi ut numquam ea quas rerum.','2012-07-04 12:47:39','2021-11-23 02:51:06',179,179),('Sed quia dolor et eligendi veniam molestias.','2019-07-03 08:43:53','2021-11-13 01:18:27',180,180),('Ab laborum sit est voluptatibus a ut.','2013-11-12 09:33:17','2021-08-23 09:23:24',181,181),('Enim ad fugiat odio ea impedit aut quia.','2015-07-04 15:31:24','2021-06-27 05:54:39',182,182),('Ipsum nemo vel est nulla omnis et voluptas.','2021-10-19 13:07:40','2021-11-26 06:29:12',183,183),('Labore consequatur veniam voluptas doloribus quia eum dignissimos.','2014-11-11 18:52:59','2021-06-08 23:04:38',184,184),('Occaecati debitis soluta fugiat dolore voluptatem et.','2020-11-20 12:42:11','2021-05-17 04:13:06',185,185),('Asperiores at perspiciatis dolore et cumque accusantium.','2013-09-28 19:54:45','2021-02-01 03:42:29',186,186),('Ut dolorem nihil non repudiandae.','2016-02-11 07:14:23','2021-09-09 09:17:14',187,187),('Magni corporis ea rerum cum dolores.','2017-05-02 17:33:16','2021-03-30 12:08:33',188,188),('Dolor et voluptatem aut.','2020-08-03 22:16:41','2021-02-05 04:33:16',189,189),('Unde tenetur sunt consequuntur fuga ea.','2017-10-14 22:44:28','2021-09-25 04:36:01',190,190),('Itaque aut facilis enim vel.','2014-10-09 00:02:29','2021-10-11 07:39:12',191,191),('Quia ullam sint beatae rem rerum et.','2012-07-08 03:34:44','2021-07-01 01:47:06',192,192),('Consequuntur fugiat aliquid voluptatum consequatur deserunt.','2013-02-05 05:49:18','2021-05-08 19:11:08',193,193),('Occaecati qui quis aut.','2020-08-19 02:53:49','2021-08-12 07:24:03',194,194),('Et fugit magni qui officiis cum mollitia cumque.','2012-04-06 23:12:51','2021-11-02 19:35:46',195,195),('Deleniti asperiores voluptas voluptatem inventore.','2018-08-10 11:30:03','2021-07-22 11:09:25',196,196),('Occaecati voluptatem aut voluptate.','2017-02-12 11:45:44','2021-04-28 15:32:14',197,197),('Laudantium voluptas aspernatur iure.','2018-03-19 07:12:16','2021-11-15 16:42:23',198,198),('Consequatur sit ipsum voluptas saepe.','2021-01-06 05:46:44','2021-03-18 13:16:22',199,199),('Iusto aut modi asperiores sed et.','2018-06-27 07:42:47','2021-06-27 17:34:19',200,200),('Et sed perferendis ut rerum sint facere.','2013-09-16 02:27:51','2021-12-24 02:26:43',201,201),('Nisi sed voluptas at qui et maiores esse quaerat.','2021-09-12 17:17:04','2021-11-01 11:45:52',202,202),('Ut facere excepturi aut ut dolorem magnam.','2018-04-23 14:00:53','2021-06-11 21:48:07',203,203),('Sunt delectus accusamus hic.','2016-07-18 14:57:31','2021-10-03 06:26:53',204,204),('Modi inventore enim impedit est blanditiis ipsum earum.','2019-03-20 21:21:54','2021-11-14 21:12:27',205,205),('Et omnis modi est voluptates aliquam.','2013-03-26 03:47:28','2021-12-20 21:23:50',206,206),('Iure repudiandae vel illo magni ab repellat distinctio.','2018-07-04 19:32:01','2021-06-24 11:15:20',207,207),('Necessitatibus quidem nemo nulla ipsa.','2019-09-14 00:52:51','2021-08-10 02:30:58',208,208),('Laudantium et perspiciatis dolor quia.','2014-01-22 10:08:17','2021-09-02 00:18:25',209,209),('Quo dolores quis corrupti quasi fuga sint qui.','2020-10-31 22:49:50','2021-02-09 11:22:52',210,210),('Fuga tempora ducimus fugit.','2013-09-14 17:19:05','2021-04-12 23:34:23',211,211),('Blanditiis in et adipisci.','2016-11-16 19:18:46','2021-06-16 18:38:32',212,212),('Deserunt facilis repellendus accusantium ea eum deserunt ut.','2020-07-04 22:11:39','2021-06-10 22:29:57',213,213),('Voluptate blanditiis porro ipsa eos quis a ut ut.','2014-12-01 04:35:09','2021-06-20 11:13:41',214,214),('Reiciendis perferendis maxime consequuntur saepe.','2012-07-10 17:35:11','2021-08-25 22:31:00',215,215),('Sunt labore inventore ab ut deserunt.','2013-08-14 11:39:20','2021-10-22 00:01:56',216,216),('Et saepe veritatis voluptas ea similique et.','2015-09-09 00:26:58','2021-09-05 15:01:40',217,217),('Ipsum quos delectus nihil vel quod iusto.','2016-10-20 05:42:41','2021-11-29 00:19:34',218,218),('Officiis eaque ratione quasi modi et.','2014-04-19 22:03:17','2021-07-27 06:19:55',219,219),('Ut et illo earum quis temporibus qui.','2016-07-30 10:01:29','2021-01-30 23:27:48',220,220),('Sit laboriosam ad inventore officiis consequatur vitae.','2012-04-14 19:10:12','2021-10-26 19:59:29',221,221),('Porro rem atque animi nihil ea.','2015-07-18 06:54:03','2021-09-13 11:19:30',222,222),('Nostrum qui at nostrum sit consequuntur.','2021-11-04 18:11:30','2021-08-05 13:09:05',223,223),('Qui dolor laudantium nihil architecto.','2017-08-11 07:51:57','2021-05-07 00:33:23',224,224),('Ut repellendus et ut veritatis et nisi et.','2017-08-15 00:21:59','2021-06-04 10:56:58',225,225),('Voluptatem consequuntur laudantium excepturi itaque quasi voluptate numquam.','2015-03-07 14:29:06','2021-11-11 07:30:52',226,226),('Vel harum enim esse maiores.','2014-12-12 05:28:29','2021-10-21 23:41:32',227,227),('Id dolores reiciendis qui porro impedit fugiat.','2018-06-30 16:21:17','2022-01-10 07:19:27',228,228),('Iure perspiciatis consequatur facere pariatur fugiat tenetur quae.','2014-03-16 04:52:48','2021-07-22 13:29:33',229,229),('Quia quis officia tenetur aperiam.','2015-02-06 07:15:08','2021-12-26 11:07:40',230,230),('Recusandae perspiciatis et sequi atque quia totam.','2021-06-23 02:50:04','2021-04-15 11:12:53',231,231),('Quod est quia et officiis velit.','2020-09-14 10:50:51','2021-07-25 07:46:14',232,232),('Qui dolor minus reiciendis voluptatem vitae eveniet deserunt sit.','2019-08-10 09:37:52','2021-02-16 16:56:30',233,233),('Molestias eaque blanditiis qui qui.','2012-11-20 09:38:48','2021-05-02 16:54:01',234,234),('Est et exercitationem voluptates excepturi.','2017-10-17 09:06:39','2021-07-13 21:40:56',235,235),('Ut mollitia dolor rerum ipsa molestiae quo ut.','2014-07-31 22:14:31','2021-10-14 19:06:26',236,236),('Voluptas aut tempore doloremque corrupti consequatur eum sed facere.','2019-08-28 23:17:45','2021-08-20 22:17:49',237,237),('Enim modi vero et quo sed.','2013-05-28 01:13:17','2021-04-22 01:20:46',238,238),('Quia distinctio esse incidunt doloremque quae commodi incidunt.','2020-05-14 11:19:23','2021-10-13 17:44:03',239,239),('Commodi porro placeat quia praesentium sed.','2017-09-28 15:55:31','2021-10-18 08:04:03',240,240),('Corporis molestiae voluptatem nihil eos doloremque aut adipisci.','2014-02-08 20:18:33','2021-09-21 05:01:06',241,241),('Excepturi dolor odio laboriosam iste voluptatem.','2012-02-24 03:15:59','2021-12-21 12:59:31',242,242),('Officiis blanditiis qui et dolorem.','2016-01-29 11:59:32','2021-06-30 06:38:20',243,243),('Repellat repellendus nostrum molestias nesciunt et id.','2019-08-15 21:45:11','2022-01-11 23:58:26',244,244),('Et atque consequuntur qui aut minima.','2018-11-12 05:26:19','2021-10-31 12:27:22',245,245),('Non nobis minus aliquid repellat autem eaque.','2013-10-20 09:05:31','2021-08-14 06:21:45',246,246),('Temporibus vel mollitia animi incidunt harum eos reprehenderit animi.','2014-02-25 21:40:19','2021-08-23 18:48:34',247,247),('Perferendis quaerat impedit dolor voluptas sunt.','2016-12-09 07:16:39','2021-03-30 14:33:42',248,248),('Est odit quo earum ad odit sit.','2016-03-01 09:35:35','2021-08-22 05:37:32',249,249),('Quibusdam et vitae ipsum commodi maiores consequatur quasi.','2016-05-15 21:27:04','2021-01-23 03:47:22',250,250),('Nihil tenetur distinctio velit.','2019-08-09 05:23:56','2021-07-05 19:40:12',251,251),('Omnis occaecati sit error totam.','2019-05-17 07:53:35','2021-09-16 11:00:50',252,252),('Doloremque sint repellat sit eligendi.','2015-02-08 08:58:31','2021-09-27 18:00:40',253,253),('Voluptatem qui culpa ipsum sit similique nihil sapiente.','2015-04-25 18:24:50','2021-01-16 05:09:48',254,254),('Ab quos omnis et delectus et.','2017-04-20 23:41:00','2021-10-15 04:27:29',255,255),('Nesciunt veritatis necessitatibus non eveniet nisi maiores.','2017-04-22 05:26:45','2021-01-26 18:27:41',256,256),('Consequatur provident animi autem in eaque.','2012-06-12 04:59:11','2021-06-01 00:11:21',257,257),('Tempora non dolorum necessitatibus dicta nihil et nam.','2013-05-21 16:49:19','2021-09-29 12:40:59',258,258),('Et non provident ut ad quis.','2020-11-25 01:58:53','2021-02-04 07:27:54',259,259),('Vel laborum totam veritatis qui impedit non non.','2021-05-20 21:17:00','2021-08-24 02:35:58',260,260),('Non veritatis deleniti ad.','2015-10-25 00:12:08','2021-04-25 15:12:55',261,261),('Fuga voluptates ipsum et voluptate et corrupti.','2021-06-28 02:28:25','2021-09-02 07:07:18',262,262),('In aut saepe molestiae aspernatur est voluptatem.','2018-10-27 06:34:08','2021-06-14 16:33:32',263,263),('Itaque nemo ad cum nihil molestiae.','2015-07-28 06:06:55','2021-12-06 13:05:23',264,264),('Aut consequatur id similique.','2017-12-16 14:30:39','2021-12-03 09:21:31',265,265),('Et ullam repellat totam cumque error.','2021-06-09 01:01:23','2021-06-23 12:04:17',266,266),('Magnam tenetur explicabo deserunt omnis.','2014-04-30 11:02:05','2021-08-30 14:34:00',267,267),('Recusandae quibusdam neque laudantium iste impedit molestiae dolor.','2016-01-02 05:25:28','2021-08-30 23:51:22',268,268),('Aut est exercitationem mollitia voluptas unde.','2016-12-23 22:02:36','2021-08-03 12:14:09',269,269),('Aut illum consectetur molestiae aliquam placeat commodi.','2017-08-06 18:38:54','2021-06-16 22:33:41',270,270),('A recusandae occaecati consequatur vero.','2019-10-10 21:39:37','2021-11-03 18:40:12',271,271),('Vel est repudiandae tenetur minima sit voluptatem.','2019-05-21 23:27:22','2021-10-24 12:02:59',272,272),('Ducimus voluptatem qui laudantium voluptatibus aperiam tempora sapiente.','2013-11-05 06:52:26','2021-09-21 09:23:10',273,273),('Reiciendis doloremque consequatur a nobis.','2018-02-04 04:18:42','2021-11-05 16:09:14',274,274),('Quasi voluptate omnis magnam suscipit libero omnis qui.','2020-01-27 21:27:36','2021-12-06 13:44:22',275,275),('Id officia modi hic deleniti omnis sapiente qui impedit.','2020-03-19 18:17:14','2021-06-06 02:23:17',276,276),('Quos voluptatem reiciendis autem eos accusamus.','2012-05-06 02:25:56','2021-10-08 18:31:50',277,277),('Dignissimos veniam quia dolor enim suscipit magnam.','2018-09-01 13:46:07','2021-05-29 22:09:20',278,278),('Dolore quaerat natus vero et est.','2020-05-09 19:15:44','2021-02-14 10:11:28',279,279),('Et ex atque occaecati quis ratione.','2012-11-24 15:10:44','2022-01-06 22:15:04',280,280),('Est voluptas fugit illum iusto perspiciatis est et.','2018-06-15 00:28:10','2021-07-23 03:38:08',281,281),('Id quo voluptas impedit et doloremque accusantium.','2018-01-08 06:05:47','2021-07-25 13:54:06',282,282),('Dolore expedita et nostrum quo.','2013-08-27 14:50:14','2021-08-10 07:10:51',283,283),('Eveniet odio voluptas perferendis.','2018-10-29 23:04:26','2021-04-15 12:58:14',284,284),('Esse velit cum aut aut sint.','2019-05-31 13:24:26','2021-06-15 21:14:43',285,285),('Exercitationem eum ipsam ea et qui incidunt incidunt.','2012-12-13 06:25:14','2021-06-18 07:44:10',286,286),('Fuga dignissimos molestias voluptas ut est quia.','2021-01-26 21:59:22','2021-09-10 14:57:53',287,287),('Quia et vel beatae eligendi.','2015-05-13 15:08:26','2021-05-22 04:38:56',288,288),('Tempora at quam ut quibusdam fugit ipsa.','2020-04-27 17:46:24','2021-12-13 00:41:32',289,289),('Consectetur quidem nihil facere sunt.','2018-12-15 19:19:15','2021-04-29 19:11:57',290,290),('Dolore odio eaque quae in ipsum.','2016-07-22 12:29:32','2021-02-24 23:38:21',291,291),('Error placeat neque voluptas sequi quod hic ullam.','2020-08-12 12:58:42','2021-05-11 05:08:55',292,292),('Dolores quam voluptatem quia quibusdam odio voluptas.','2018-03-23 21:34:13','2021-04-17 02:21:18',293,293),('Eum voluptatem a qui iste expedita placeat.','2018-12-31 08:29:46','2021-10-12 10:33:06',294,294),('Ex officia ipsam quasi aspernatur.','2016-10-04 16:51:58','2021-12-03 08:48:30',295,295),('Dolor hic ratione unde mollitia voluptatem qui.','2021-12-11 04:10:02','2022-01-08 23:14:37',296,296),('Illo autem veritatis officia mollitia.','2017-10-15 15:23:09','2021-01-26 17:43:03',297,297),('Quo pariatur corporis reprehenderit.','2015-08-24 20:27:48','2021-08-15 06:07:02',298,298),('Harum molestias et voluptatem ipsum illum ratione.','2012-10-03 18:27:40','2021-11-26 23:18:07',299,299),('Molestias voluptatem sequi quod esse culpa consectetur laboriosam ea.','2018-07-29 18:55:57','2021-06-19 00:10:04',300,300);
/*!40000 ALTER TABLE `blogPost` ENABLE KEYS */;
UNLOCK TABLES;

--
-- Table structure for table `commun`
--

DROP TABLE IF EXISTS `commun`;
/*!40101 SET @saved_cs_client     = @@character_set_client */;
/*!50503 SET character_set_client = utf8mb4 */;
CREATE TABLE `commun` (
  `id` int unsigned NOT NULL AUTO_INCREMENT,
  `name` varchar(100) CHARACTER SET utf8mb4 COLLATE utf8mb4_unicode_ci DEFAULT NULL,
  `member_amount` int unsigned DEFAULT NULL,
  `welcome_post` text CHARACTER SET utf8mb4 COLLATE utf8mb4_unicode_ci,
  `priority_post` text CHARACTER SET utf8mb4 COLLATE utf8mb4_unicode_ci,
  `private` tinyint(1) DEFAULT NULL,
  `incoming_request` int unsigned NOT NULL,
  PRIMARY KEY (`id`)
) ENGINE=InnoDB AUTO_INCREMENT=301 DEFAULT CHARSET=utf8mb4 COLLATE=utf8mb4_unicode_ci;
/*!40101 SET character_set_client = @saved_cs_client */;

--
-- Dumping data for table `commun`
--

LOCK TABLES `commun` WRITE;
/*!40000 ALTER TABLE `commun` DISABLE KEYS */;
INSERT INTO `commun` VALUES (1,'ea',0,'Optio minima illo expedita eveniet amet eligendi suscipit tempore.','Repudiandae aliquam at voluptatem tempora sunt voluptatem laudantium id.',1,105),(2,'in',0,'Rerum velit temporibus id nobis.','Deserunt architecto et est.',1,27),(3,'adipisci',507796,'Veniam ut aspernatur totam qui consequatur quod sit.','Corrupti necessitatibus facere voluptates.',1,133),(4,'cumque',2719466,'Culpa ab aliquam asperiores rerum ut adipisci reiciendis.','Non placeat velit deserunt ipsum et et reiciendis deleniti.',0,232),(5,'aliquid',0,'Quis occaecati amet corrupti repudiandae est maxime laboriosam.','Et a officiis ea.',1,5),(6,'consequatur',637516,'Maiores error quibusdam et in corporis est eligendi.','Id veniam magnam alias ab.',1,116),(7,'voluptas',174760,'Laudantium fugiat quae earum et.','Molestiae et optio officia atque.',0,220),(8,'est',9760851,'Rerum facere quae sed dolorem.','Ducimus molestias cupiditate ipsam molestias dolores.',1,181),(9,'vitae',4,'Est non dolorem in nisi.','Dolorum eligendi ut voluptatem autem id quae.',0,270),(10,'eius',3026595,'Vel aut quis delectus.','Unde velit impedit maiores exercitationem et harum ut.',1,120),(11,'ea',0,'Non ea qui aliquid.','Quia fugiat quia aliquam voluptatem doloremque eaque quasi.',1,200),(12,'voluptates',0,'Eum sit asperiores aut voluptas voluptas.','Voluptatibus in minus est et architecto harum non eius.',1,106),(13,'repellendus',2267,'Quas dolor minus rerum asperiores quo quibusdam.','Et quod nisi maiores asperiores quis nemo nulla.',1,20),(14,'provident',10,'Asperiores et dolorem perspiciatis nisi.','Est omnis et eos quisquam.',0,241),(15,'animi',254,'Dolores mollitia ut voluptatibus similique molestias possimus odio.','Et illum est aut voluptas animi optio.',1,95),(16,'voluptas',5048532,'Et voluptatibus nostrum iste corrupti dignissimos aut quisquam ut.','Cum numquam adipisci nesciunt.',0,254),(17,'et',1662,'Dolor consequuntur et deleniti nostrum maiores.','Dolores dolor in aspernatur quam aliquam ut.',0,1),(18,'quis',12,'Exercitationem perspiciatis in et qui facilis omnis.','At dolorem aut est quam at et.',1,201),(19,'perferendis',3698299,'Ut pariatur libero officia.','Culpa et ut aut perferendis.',1,164),(20,'voluptatem',0,'Architecto recusandae molestiae nihil laudantium.','Aliquid qui sed dolor provident.',0,172),(21,'consequuntur',0,'Qui nesciunt consequuntur accusamus odit laborum.','Harum eveniet hic omnis quis autem vel vel.',0,163),(22,'qui',0,'Voluptatem rerum non aut itaque et facilis.','Est tenetur asperiores similique natus.',0,83),(23,'molestiae',5817651,'Modi quis aperiam nemo deleniti rem architecto.','Architecto porro provident non consequuntur qui id.',1,37),(24,'dolor',145588917,'Autem odit vitae nostrum voluptatum possimus.','Dicta soluta laborum eius vero veritatis blanditiis sed.',0,83),(25,'aut',58335,'Quidem eaque voluptas voluptatibus qui et quia.','Ut est et aliquam et molestiae qui sint repudiandae.',1,215),(26,'ducimus',1637101,'Exercitationem qui libero neque iusto at nisi vitae architecto.','Sed perferendis fugiat autem ullam sit.',1,83),(27,'non',4810,'Cum ut alias et ut qui veritatis itaque.','Dignissimos quibusdam eos perferendis natus.',1,233),(28,'sapiente',58,'Cum expedita voluptas voluptate illum dolores ut.','Sapiente occaecati aperiam magnam vitae eius vel.',1,238),(29,'qui',1610,'Aut alias sit dicta aut non.','Vel recusandae eum eveniet eaque.',1,274),(30,'illum',3265797,'Natus facere nesciunt ea esse.','Aut quis perspiciatis mollitia.',1,251),(31,'vitae',22172,'Non ut minima architecto saepe voluptas et dicta.','Culpa unde qui facilis.',0,216),(32,'excepturi',9,'Consequatur minus quasi explicabo itaque sit non.','Ut eius ipsum dolorem pariatur.',0,91),(33,'aut',220361,'Id eum consectetur nihil.','Et magnam qui tenetur vitae aut.',0,278),(34,'dicta',3,'Maiores ab architecto minima laudantium asperiores iusto.','Ut atque saepe sequi odio est.',0,148),(35,'itaque',2,'Eum facere aut et placeat.','Provident sit veniam autem repellat tenetur dignissimos est.',1,166),(36,'odio',741,'Sint id nam maiores commodi.','Perspiciatis reprehenderit aliquam est omnis asperiores porro.',0,13),(37,'nam',2461833,'Voluptatibus facilis eaque repellendus eum.','Non nam est exercitationem in.',0,67),(38,'commodi',1011,'Accusantium architecto illo vitae molestiae ut.','Quod et fugit aut ut asperiores.',1,50),(39,'quae',42160,'Laboriosam ipsum dolores cupiditate ipsa.','Eligendi ut quos sed temporibus esse maiores.',0,300),(40,'beatae',109,'Et corporis vel vel id minima.','Laboriosam nihil dicta quos quos.',0,165),(41,'quibusdam',49880,'Ex et numquam enim odit soluta eum.','Optio nobis iste est incidunt.',1,291),(42,'nemo',99,'Qui debitis ad explicabo.','Possimus tenetur est adipisci eos vel.',1,169),(43,'quasi',115434028,'Incidunt dolorum voluptas nemo repellendus nemo porro.','Omnis perferendis aut laborum a voluptatem nulla.',1,198),(44,'veniam',42,'Deserunt vel minus qui tenetur consequatur qui.','Et eius beatae tempore dolorum libero dolor.',1,93),(45,'sed',6,'Optio sit aut aliquam est ea.','Est error rerum aut non inventore enim.',0,188),(46,'a',436133,'Qui ratione molestiae veniam dicta vel quas.','Architecto dolore quia aut voluptatum dolorem magnam aspernatur est.',0,178),(47,'nihil',75386,'Unde blanditiis quia praesentium sit a consectetur consequatur.','Inventore rerum eum accusantium quo aut.',0,275),(48,'ipsam',0,'Aut rerum distinctio repudiandae facilis dolore consequatur.','Harum et eaque et quo rem omnis ea omnis.',1,119),(49,'animi',21506799,'Doloribus velit dolor quis rerum aperiam aut.','Omnis reprehenderit in quas ad.',1,68),(50,'veniam',591414928,'Culpa reiciendis amet aut facere.','Cum et ipsam consequatur in similique quis.',1,95),(51,'cumque',206,'Excepturi totam reiciendis non nesciunt est error saepe.','Iste itaque iste qui et voluptatum.',0,3),(52,'ipsam',867882,'Sit assumenda veniam ipsum ut.','Qui dignissimos nobis necessitatibus doloremque labore.',0,247),(53,'ea',351,'Est et iure cupiditate accusamus.','Ea dolor libero odio et quo quos.',1,288),(54,'voluptate',825,'Qui quia mollitia facilis quae.','Quia voluptas earum ut sed repudiandae nihil repellat blanditiis.',0,56),(55,'omnis',0,'Iusto nam quia ea eveniet.','Nobis cupiditate aut sapiente asperiores.',1,182),(56,'similique',26222380,'Nisi similique et enim vel voluptas qui aut.','Vel accusamus quod voluptas ut nisi ea.',1,243),(57,'nobis',5,'Illo repellat perferendis a voluptatem reprehenderit.','In debitis tempora animi magnam officiis.',1,102),(58,'est',8,'Iusto ut in iste.','Autem error deserunt quos voluptatem ut.',0,129),(59,'a',277448121,'Unde neque et distinctio quo consequatur.','Veniam non autem occaecati blanditiis ut placeat.',1,94),(60,'quis',3071310,'Odit modi laudantium cumque voluptatem sed debitis.','Eaque veniam qui et ea quo similique quod.',1,191),(61,'nostrum',19864351,'Aut est sit eos asperiores corrupti numquam.','Odit molestiae expedita enim laudantium ab ut.',1,176),(62,'ut',8,'Totam ea tempore libero cumque delectus.','Quia alias sit reprehenderit explicabo omnis doloremque.',0,134),(63,'omnis',41826,'Voluptatibus aut amet eius.','Aut accusantium vitae quas architecto porro.',1,175),(64,'accusamus',15,'Inventore odio animi inventore ipsum ea.','Veniam iure excepturi et earum quo aut et.',1,39),(65,'reiciendis',285,'Officia consequatur corrupti nisi omnis mollitia.','Itaque rem consequatur aliquid odio.',1,178),(66,'amet',0,'Ut ea fugiat aut ut blanditiis.','Distinctio quia facilis velit vel voluptatem quis dolore.',0,220),(67,'quas',0,'Doloribus nemo eaque ratione sed veritatis.','Vel placeat nam illum excepturi.',1,228),(68,'id',2161131,'Voluptatem et hic et.','Laboriosam voluptates distinctio quos quam nemo.',0,194),(69,'facere',82570108,'Sunt atque quis enim consectetur quo.','Distinctio culpa a voluptatem ullam quae.',1,70),(70,'consequuntur',47435810,'Consequatur hic veniam sequi voluptas voluptatem.','Deserunt atque ducimus consequatur unde illo accusamus error.',0,136),(71,'perspiciatis',190857981,'Quo nobis cum iure.','Harum quo dolores dolorem aut totam ut.',1,176),(72,'placeat',25,'Corporis ex consequuntur porro quam.','Fugit ipsum aspernatur mollitia aut id et porro.',0,273),(73,'esse',311924,'Qui beatae cumque ipsa sit.','Quis similique ut fugiat nemo.',1,39),(74,'recusandae',7699898,'Asperiores dolor fugiat ipsum occaecati nesciunt suscipit hic.','Aliquid voluptate repudiandae maxime debitis.',1,225),(75,'et',2,'Repudiandae dolorem voluptas consequatur rerum.','Tempore quis eos quod ut officiis quia.',0,137),(76,'vero',34853,'Placeat voluptas quo neque perspiciatis est ea cumque.','Ullam vel ratione deserunt laudantium.',0,181),(77,'sed',11638693,'Illum possimus non voluptatibus cum.','Provident fugit facilis eaque voluptas dicta aut alias.',1,81),(78,'non',278,'Tempora ut quaerat est debitis sunt.','Et beatae delectus ut quibusdam quas eveniet.',0,124),(79,'quos',3893,'Vitae totam reprehenderit amet.','Hic animi at fugiat corrupti et quos.',1,131),(80,'est',27469582,'Ipsam ut aspernatur in ullam dolor.','Dignissimos aliquid modi eos natus voluptas.',1,108),(81,'odio',17325581,'Iste repellendus praesentium ea aut commodi autem sed est.','Dolores ea itaque cum sit ab.',0,79),(82,'dicta',59271,'Deserunt voluptas iure neque fuga ut molestiae neque eos.','Similique laboriosam tenetur in nemo aliquid sunt nam.',1,281),(83,'velit',6384,'Rem omnis nisi ducimus amet dolores est.','A aliquam quis illo eos voluptate est at eaque.',1,83),(84,'rem',2604251,'Saepe dolorem ea enim qui harum.','Illum et expedita exercitationem.',0,123),(85,'doloremque',2,'Fugiat architecto neque ratione officiis et quia qui.','Consequatur vel molestiae ullam labore.',1,172),(86,'deleniti',297,'Et et aliquam id adipisci blanditiis dignissimos.','Quis voluptas unde vel.',1,111),(87,'fugit',2,'Autem in ex eos libero et assumenda numquam unde.','Odit hic impedit et.',0,260),(88,'molestiae',60,'Quae quisquam aliquam voluptas repellendus.','Reiciendis deserunt vel magni velit voluptatibus fugiat.',1,288),(89,'molestiae',154,'Omnis eligendi distinctio ipsam sed.','Voluptatum harum ducimus consectetur in consequatur omnis.',1,154),(90,'esse',2684015,'Soluta optio quia corporis ratione quia culpa.','Dolor voluptatibus ipsam rerum deleniti cumque quod ut.',0,107),(91,'velit',2,'Molestias autem laborum aut qui.','Fuga quidem totam adipisci rerum.',0,234),(92,'blanditiis',7,'Qui accusamus iste dolor adipisci neque maiores sed.','Non excepturi ut tenetur.',1,126),(93,'adipisci',70327,'Quis cupiditate ut eveniet rerum voluptates.','Consequatur vero quis beatae iure itaque voluptatem.',0,246),(94,'ullam',0,'Dolore ut veniam corrupti nulla odio illum unde.','Et officiis in nobis ut aut nesciunt.',0,211),(95,'ut',141368,'Dolores facere vero aut reprehenderit numquam fugiat.','Consequuntur id nisi dolore illo laborum.',1,180),(96,'eum',0,'Vel pariatur sint et quas vel aut.','Et sit incidunt amet aut culpa rerum velit.',0,23),(97,'debitis',8,'Quo dolore commodi voluptatum veniam velit asperiores.','Placeat repudiandae saepe et inventore vel rerum velit.',1,99),(98,'officiis',0,'Illo magnam vel autem magni odit odit est.','Sed voluptatem quos et aut.',0,35),(99,'neque',10,'Impedit et sed dicta a.','Ex commodi qui voluptatem quidem.',0,90),(100,'et',12,'Qui nobis error accusamus veniam reprehenderit corporis.','Cupiditate aperiam nobis accusamus.',1,168),(101,'odit',236238371,'Nulla iste rerum vitae omnis tempora assumenda consequatur.','Quo eius sed similique.',0,155),(102,'qui',453,'Laborum mollitia eos non eius.','Dicta eum maiores perspiciatis illo neque sed dolor odit.',0,79),(103,'deleniti',0,'Possimus ut commodi ut culpa sint voluptatem sit.','Voluptas ullam commodi et ex officia.',0,291),(104,'nemo',1,'Corporis expedita aut quae omnis.','Quod ipsa maiores delectus et non commodi.',0,76),(105,'ea',7493,'Laborum labore facilis voluptates aliquam officiis cumque.','Amet pariatur molestias dolores deleniti consequatur eos corporis praesentium.',0,62),(106,'est',76,'Eum voluptatem totam dolores error at.','Culpa vel enim corporis asperiores.',0,209),(107,'architecto',25,'Ipsam placeat doloribus quasi asperiores asperiores quia itaque.','Qui hic minus distinctio voluptatem amet iure modi.',1,21),(108,'culpa',8235061,'Fuga odit dolorem et inventore.','Est repellendus placeat provident sit vel in odit.',0,61),(109,'quibusdam',2385517,'Eius repudiandae voluptatum suscipit.','Eos ea ipsum aliquid.',1,74),(110,'explicabo',248342,'Quia nobis natus quam sint quas.','Ullam sed eos eum ducimus quaerat minima eos.',1,190),(111,'suscipit',355,'Delectus quos voluptas sed ullam eos eius molestiae.','Earum maxime perferendis iste doloribus temporibus.',1,251),(112,'quibusdam',254880,'Architecto nemo excepturi similique sed omnis incidunt ratione sit.','Doloribus cumque consectetur et.',1,8),(113,'doloribus',60496,'Ullam velit minus explicabo qui sed ipsum.','Beatae quidem rerum qui facere recusandae vel in incidunt.',0,56),(114,'et',3845,'Qui aut et quidem ullam.','Omnis reiciendis at incidunt qui.',0,178),(115,'explicabo',44242,'Aut praesentium enim accusamus sed sit.','Eum vero perspiciatis alias repudiandae.',1,280),(116,'dicta',8,'Nostrum deleniti mollitia neque est iusto saepe.','Deserunt et molestias excepturi nisi voluptas.',1,206),(117,'quaerat',795779,'Sed maiores quidem itaque atque est.','At culpa quae facere id.',1,104),(118,'ducimus',11,'Nulla harum molestiae blanditiis dolores quo.','Qui non perspiciatis exercitationem veniam earum.',0,114),(119,'ut',21854,'Quasi aut est autem pariatur aut soluta quod.','Quia consequatur dolore et veritatis tenetur voluptatem.',0,285),(120,'et',102162463,'Aut suscipit quas cum et voluptatem qui.','Enim veritatis id impedit aut error voluptatibus voluptates.',0,103),(121,'omnis',467,'Facilis voluptatibus officia ipsam non.','Sunt iste libero exercitationem ad voluptas vitae.',0,196),(122,'enim',793,'At ducimus nostrum sapiente ad et deserunt.','Ut ut molestias tempore quidem libero voluptatum.',0,232),(123,'quo',5625937,'Ducimus sapiente quis deserunt sit.','Tenetur amet laborum mollitia dolores dolorem aut.',0,154),(124,'beatae',78780968,'Eos vero qui sed vel est ea pariatur.','Ex et enim voluptatum non.',0,195),(125,'eos',404,'Illum ducimus qui qui.','Tenetur sit hic et et nihil autem.',0,18),(126,'quo',0,'Magni molestiae occaecati est corporis eum.','Accusamus in commodi omnis cum fuga repellat.',0,15),(127,'hic',288,'Ab commodi sunt dolores sunt sapiente quo ea.','Quod quod ut sed inventore sunt.',0,83),(128,'ut',0,'Perferendis vel qui sunt qui.','Iure hic quisquam perferendis maiores cum magni nisi.',1,112),(129,'voluptates',53966,'Velit eaque sit minus non.','Laboriosam beatae facilis vero consequatur consequatur.',1,165),(130,'enim',0,'Corporis voluptas iure modi velit aut.','Ipsa et nihil at in tenetur.',1,6),(131,'cum',802486,'Id ex assumenda porro vitae recusandae hic.','Assumenda placeat minima sed et quis et quia.',1,142),(132,'rerum',592,'Necessitatibus consequatur tempora non quos provident ullam.','Sit aut corporis corporis ea rerum voluptates quae atque.',0,145),(133,'non',120838190,'Est voluptatum rerum ea ut nihil.','Odit et dolorem quis non.',1,12),(134,'ut',50668,'Modi est non corporis repudiandae et sit officia sit.','Quo labore illo dolor consequatur et est fugiat.',0,110),(135,'neque',22,'Ut aut maxime reprehenderit animi.','Tenetur non excepturi et earum aut.',0,183),(136,'ad',42,'Enim laborum quo dolores quia.','Placeat debitis sed accusantium est aut laborum ratione qui.',0,53),(137,'temporibus',31,'Molestiae nihil quas et ex.','Suscipit est atque a occaecati perspiciatis error.',0,5),(138,'quas',1111,'Molestiae ea unde rerum deleniti reiciendis quaerat.','Ipsa optio sapiente qui delectus.',0,7),(139,'aut',334698699,'Voluptatem voluptatem sint id.','At sequi molestias tempore exercitationem perspiciatis nesciunt.',1,205),(140,'beatae',567149964,'Officia sunt nisi quasi dolor et quo.','Eos possimus consectetur aliquam dolor.',1,158),(141,'magni',0,'Iure laboriosam in sed animi quis tempore iure.','Reiciendis numquam velit aut reprehenderit.',1,92),(142,'tempora',0,'Numquam odit est ad voluptas fugit blanditiis earum.','Doloremque id et quis repellendus soluta.',0,40),(143,'consectetur',74416031,'Et debitis iure deserunt sint sint aut.','Mollitia ut animi molestias aut dolorem est magnam officiis.',0,262),(144,'placeat',888,'Doloribus veniam et qui non deleniti tempore numquam consequatur.','Deleniti voluptas modi totam.',0,226),(145,'illum',1,'Modi animi voluptas deleniti quasi animi ipsam maiores.','Unde dolor harum aut voluptates dolorem.',1,20),(146,'modi',858,'Quos porro est fugiat minima repellendus incidunt quaerat.','Sit debitis veniam velit enim atque rerum nisi.',1,181),(147,'dicta',62582,'Fugit quo assumenda libero ea.','Reprehenderit libero nam consequuntur earum sit voluptatum.',1,87),(148,'voluptas',4,'Animi harum eligendi ut quas.','Id omnis molestiae inventore cupiditate earum laborum sed.',0,243),(149,'illum',25378231,'Est vel rerum dolorum dolor natus rem quia.','Sit qui nihil soluta error accusantium molestias.',1,242),(150,'itaque',401799,'Tempora saepe tempora quo odio molestias qui distinctio vitae.','Eum commodi saepe quo.',1,21),(151,'adipisci',82102,'Non vero ducimus eaque.','Optio voluptatem dignissimos excepturi iste eum ducimus.',1,100),(152,'dolorem',0,'Qui repellendus non ratione eaque.','Eos quia ut dolor aliquid possimus consequatur eius.',0,227),(153,'quisquam',10379,'Id quasi est quos.','Ipsum in quam sed aut consequuntur iusto adipisci.',0,122),(154,'qui',38891,'Quia tempore inventore sunt ut similique aliquid officia.','Quaerat earum quia eius aspernatur qui.',1,33),(155,'perspiciatis',428,'Laborum ratione impedit omnis et quia.','Harum aut reiciendis et et enim.',1,209),(156,'unde',0,'Illum sed tempora rerum et qui officia aliquid et.','Magni laboriosam est quibusdam ducimus a ut.',0,83),(157,'aut',0,'Aut harum ut est soluta laudantium ut.','Quibusdam libero magnam veritatis.',1,126),(158,'quis',1,'Cum sunt cumque laboriosam voluptas cupiditate.','Nemo molestiae modi temporibus reprehenderit quos.',1,129),(159,'et',496380866,'Necessitatibus placeat necessitatibus iure autem ut.','Dolorem alias ut ipsum voluptas.',0,12),(160,'dolor',274767455,'Dolorum nihil quis autem non.','Odio debitis aperiam omnis.',0,179),(161,'ratione',8230969,'Corrupti officia soluta aut id optio cum.','Ut est iusto eaque sequi porro fugit.',0,23),(162,'tempore',28,'Modi ad aliquam fuga quos quod ipsam.','Error consequatur magnam quos et labore voluptates.',1,101),(163,'repellat',22,'Eveniet et inventore in.','Et nihil asperiores harum quisquam assumenda.',1,156),(164,'et',2301,'Aspernatur sit nostrum dolorum repellat.','Quisquam at dolorum accusamus error facere sit magni.',0,140),(165,'quasi',40107,'Molestias nihil et ut ipsum beatae.','Voluptas et exercitationem pariatur dolores dolor reprehenderit exercitationem.',0,7),(166,'nam',20,'Alias culpa voluptatem fuga aut.','Qui dolores fugiat optio sed unde.',0,110),(167,'autem',132,'Enim quo saepe assumenda dolores et sit nesciunt.','Magni perferendis repudiandae non qui.',0,196),(168,'iusto',0,'Quo earum esse dignissimos.','Sunt libero quas architecto est mollitia in voluptas.',1,277),(169,'reprehenderit',20,'Enim impedit modi blanditiis molestias quasi asperiores vero.','Neque minima soluta optio quos sint.',1,193),(170,'eligendi',15534401,'Iusto molestias voluptatem deserunt facere est quo deserunt.','Enim officiis voluptatem sed beatae voluptatem.',0,122),(171,'nobis',3586190,'Fugiat nostrum modi dolore impedit tempora qui dolor facilis.','At odio molestiae consequuntur impedit repellendus et sit.',0,229),(172,'dolor',4513873,'Quas fuga itaque qui nemo facilis molestiae.','Quidem tenetur alias sunt doloremque a.',1,216),(173,'qui',688,'Occaecati tenetur voluptatem iure doloribus ipsam est architecto possimus.','Distinctio ducimus autem culpa id est enim.',0,289),(174,'eligendi',7,'Perferendis ut explicabo reiciendis sapiente.','Et quis et voluptatem omnis assumenda omnis atque molestiae.',1,298),(175,'deleniti',39997,'Qui voluptatem et animi ut deserunt porro.','Sapiente est adipisci sed nobis et voluptatem.',0,255),(176,'nobis',0,'Voluptatem impedit cupiditate fugiat officia tenetur quisquam pariatur.','Dolores rerum vel veniam quos eum voluptatum dolores natus.',1,65),(177,'expedita',0,'Perspiciatis quod sed officia eius rem necessitatibus modi.','Aperiam minus quos et aspernatur.',1,192),(178,'suscipit',130,'Impedit nam voluptatem debitis qui officiis.','Odit laudantium sunt deleniti odio accusamus.',1,167),(179,'et',3,'Molestiae libero at vero in sunt sed.','Autem facilis natus et quos facere et earum autem.',1,164),(180,'ducimus',283225063,'Et autem non occaecati nostrum quae.','Id adipisci molestiae voluptas quos.',1,298),(181,'velit',6,'Nesciunt consequatur nostrum facere autem.','Assumenda placeat ipsa magni.',0,216),(182,'amet',2704113,'Accusantium laboriosam natus sed rem quia.','Libero aspernatur libero doloremque omnis.',0,187),(183,'rerum',0,'Quibusdam distinctio et rem optio pariatur qui et.','In ea unde perferendis sunt.',1,280),(184,'harum',394,'Qui ad quis explicabo dolores sed eius et.','Sit voluptas illum suscipit eaque dignissimos.',1,106),(185,'porro',471672,'Ullam recusandae est omnis quia amet iste.','Eveniet enim nostrum itaque molestias tempore perspiciatis.',0,4),(186,'dolor',1359,'Voluptatem consequatur error molestias.','Voluptatem sed mollitia odio voluptas aut esse.',1,115),(187,'quasi',3592,'Quod ut est et ducimus.','Architecto voluptatum itaque sint.',1,276),(188,'quos',18,'Consequatur velit dolore voluptatum molestiae.','Delectus eum reiciendis officiis quia.',1,19),(189,'voluptatem',2,'Odit delectus perspiciatis ipsam molestiae voluptatibus enim.','Voluptatem sed molestias consectetur vitae.',1,219),(190,'voluptas',3,'Odio et alias repudiandae et sunt voluptatem sint.','Voluptatem reiciendis commodi tempora quis.',0,290),(191,'fugit',6923,'Similique expedita beatae ducimus sed et.','Consectetur nostrum et velit omnis magnam culpa incidunt.',0,247),(192,'velit',2,'Doloremque et et alias ex sed voluptate.','Quod omnis aut blanditiis harum voluptatem.',0,50),(193,'eos',10659019,'Deserunt corrupti non voluptatum dolores est aut eos.','Voluptas ea et rerum id quod reiciendis asperiores.',1,192),(194,'blanditiis',24609816,'Fugiat voluptate et excepturi placeat quas magni.','Officia autem eos aut aliquid maxime natus suscipit.',1,35),(195,'occaecati',50,'Quae sunt possimus tempora nihil maiores omnis ut.','Et nisi rerum doloremque quam dicta eius illo.',0,42),(196,'eos',10,'Sint accusantium quas omnis vel ut dolorem qui.','Non tempore et cum et libero quos necessitatibus.',1,78),(197,'dolorem',2,'Fugiat ex neque facere quas consequatur.','Ut amet maxime et natus adipisci.',1,166),(198,'fugit',0,'Blanditiis id eligendi quo ducimus.','Perferendis ut perspiciatis enim autem rerum.',1,164),(199,'id',875144,'Officiis non a voluptate eos.','Sunt qui sit tempore fugiat sed aut atque.',0,291),(200,'modi',0,'Quod magnam unde harum ad distinctio.','Qui velit temporibus non illum.',0,292),(201,'dicta',690559,'Minus voluptatem ut natus ut eius id.','Consequatur aut nesciunt doloribus.',0,69),(202,'aliquid',116394,'Quia nisi atque quia cum.','Enim aut deserunt qui.',0,96),(203,'deserunt',12970801,'Voluptatem beatae quisquam autem atque rerum blanditiis.','Soluta nihil debitis ea aut.',1,22),(204,'amet',0,'Consequatur fuga aut distinctio commodi ullam temporibus et.','Quod eligendi et at quasi molestias.',1,102),(205,'eos',739,'Quas cupiditate voluptate animi ut earum.','Aut est iure sit ea tenetur enim nihil quae.',1,4),(206,'a',79738878,'Sed odio tempora vel.','Non consequatur dolores qui officiis neque.',1,165),(207,'doloribus',485157,'Et magnam laboriosam magni quis qui quo qui qui.','Exercitationem et eaque eaque non incidunt.',0,95),(208,'quo',25103,'Vel dolores nisi ea voluptas.','Et sequi rerum repellat iste nesciunt facere voluptatibus.',0,212),(209,'sunt',2709369,'Id est nam ut voluptatum.','Voluptatem id quo tenetur necessitatibus sit sequi similique.',0,189),(210,'nihil',443309299,'Libero aut ipsa vitae nostrum et dolorem nihil.','Minima occaecati sequi qui nobis exercitationem ut tempore.',1,123),(211,'molestias',34607923,'Dolores id consequatur aut quam.','Qui quia tempore et ipsum.',1,142),(212,'veniam',152470255,'Velit consequatur aliquid omnis dignissimos eos sit quisquam.','Ipsa est voluptas eum doloremque.',1,6),(213,'excepturi',189649246,'Qui excepturi voluptatem ullam praesentium praesentium voluptatibus.','Officiis nulla voluptas dolore maiores quia voluptate quasi optio.',0,148),(214,'et',142444282,'In modi minima sint ad est.','Velit quo enim quibusdam rem numquam.',0,83),(215,'reprehenderit',416064819,'Sunt perferendis fugiat modi consequatur sint vel.','Aperiam voluptas et itaque consequatur impedit facilis nam.',0,278),(216,'ea',4200,'Id et adipisci blanditiis veniam.','Beatae delectus aspernatur non atque officiis sed.',1,282),(217,'velit',10,'Aspernatur consequuntur possimus doloremque dolorem fugit.','Quia est voluptatem aut qui.',1,32),(218,'minima',0,'Doloremque laudantium quis sed aliquid similique.','Placeat repudiandae commodi aliquid non.',1,176),(219,'enim',227739,'Dolor at eligendi suscipit magni esse aut non.','Eveniet quo et soluta sit delectus voluptatem voluptatem.',1,69),(220,'voluptas',266,'Et sint sed autem non voluptatem.','Eos accusamus vel vel unde.',1,127),(221,'quo',6338901,'Enim et aliquid dignissimos veritatis sequi.','Recusandae repudiandae aperiam fugit dolor praesentium voluptates.',1,248),(222,'voluptatum',42500281,'Dolorem accusantium occaecati dicta expedita.','Quam quae pariatur quae quis aut inventore.',1,107),(223,'voluptates',71132925,'Enim ullam eos id quidem.','Officiis est eius quia ut molestias veritatis cupiditate.',0,22),(224,'nisi',0,'Dignissimos aut et beatae perspiciatis aliquid dolorem.','Dolore quia architecto maxime et aperiam qui.',0,151),(225,'est',10,'Soluta ipsam molestias ullam a autem veniam.','Nemo quia officiis facere fugiat minus optio dolore.',0,247),(226,'ab',26,'Ex quis in occaecati sapiente vel tempore.','Ullam culpa in doloremque in ratione.',1,196),(227,'blanditiis',4220872,'Autem vel corrupti quidem non blanditiis.','Et aut fugit quia optio sit.',1,258),(228,'recusandae',367457,'Dolores sed repellat ratione dignissimos consequatur.','Aspernatur cum tenetur aut nulla quaerat ut voluptatem.',1,209),(229,'et',0,'Animi magnam voluptatem reiciendis.','Qui ut molestiae explicabo reprehenderit eligendi est porro.',0,181),(230,'architecto',765075962,'Qui quo accusamus blanditiis.','Qui eveniet beatae consequatur natus.',0,21),(231,'dolores',2864,'Accusamus omnis sit aut delectus molestias quo est et.','Quisquam quas aut voluptate ab distinctio necessitatibus qui.',1,168),(232,'est',4081297,'Voluptatum et reprehenderit veniam nobis eos reprehenderit ut.','Repellendus doloribus ducimus est corporis odit beatae voluptatem.',1,38),(233,'excepturi',666,'Vitae est quo laboriosam et iusto.','Qui harum dicta quaerat vero dignissimos.',1,221),(234,'dignissimos',781,'Ut est incidunt et facilis.','Nostrum veritatis eligendi voluptatem voluptate suscipit vero.',1,213),(235,'eum',76738,'Id et rerum ea consequatur.','Aut reiciendis veniam officiis numquam inventore.',1,227),(236,'itaque',2501911,'Blanditiis dolor et dolor quos itaque praesentium.','Sint cupiditate non qui quo debitis.',1,126),(237,'odio',194583308,'Animi aut veritatis dignissimos deserunt quis molestias.','Laboriosam dolor quam unde et.',1,146),(238,'non',18708,'Et officiis qui perspiciatis enim porro reiciendis.','Harum est suscipit culpa.',0,101),(239,'eos',5566305,'Debitis deserunt dolore qui qui.','Corporis excepturi libero corporis dicta voluptatem fugit veritatis accusamus.',0,257),(240,'fugit',16787,'Et accusamus odit et accusantium minima qui.','Reiciendis eos autem laboriosam assumenda et laborum.',0,46),(241,'laborum',10632275,'Voluptas et odit nihil ducimus nihil necessitatibus.','Odio architecto doloremque fuga maiores.',1,273),(242,'officia',175,'In autem voluptates quos voluptatum expedita magni sit.','Distinctio sunt sapiente sequi est ut neque.',1,204),(243,'veniam',1,'Delectus in sunt porro dolorem repellat officia facere.','Autem adipisci sed sed delectus.',0,91),(244,'sint',4955809,'Possimus occaecati expedita sed tempora voluptas officiis quo.','Dolores aspernatur praesentium ex aut ex.',1,220),(245,'nisi',980,'Sint illo rem dolore sequi.','Incidunt eaque aut vel veritatis omnis exercitationem.',0,105),(246,'temporibus',40,'Voluptatem nulla excepturi sit facilis consectetur.','Et quaerat id incidunt eos at tempore.',1,17),(247,'ab',1303993,'Adipisci ut porro ut at.','Non et aut aut perferendis necessitatibus.',0,20),(248,'voluptatem',7,'Molestiae architecto illo officiis enim.','Quia quibusdam consequatur atque praesentium animi quia.',0,165),(249,'quae',5415911,'Eligendi aspernatur tempora et nostrum consequatur et ut.','Tenetur voluptates suscipit voluptas dolores consequatur magnam quam.',1,17),(250,'nostrum',40139,'Voluptatem natus repudiandae at optio quia enim omnis.','Nostrum ipsam quo omnis excepturi similique excepturi occaecati.',1,195),(251,'corrupti',34,'Quo similique est ea eveniet sunt veniam totam.','Fuga incidunt quia non ut voluptatem.',0,166),(252,'quia',72225,'Qui ut eveniet esse dolorem.','Ut vel esse corporis dolorem quas.',0,149),(253,'dolor',217251591,'Animi nulla qui rem.','Dolorum voluptas perspiciatis non magni voluptatum et.',1,13),(254,'consequatur',726442,'Ex aut ullam minima voluptatum magnam qui ratione.','Reiciendis velit quia consequatur.',1,28),(255,'enim',43379298,'Error pariatur maxime fuga.','Et illo eius quibusdam aspernatur voluptas eos reprehenderit.',0,295),(256,'qui',11245126,'Aspernatur voluptatum est molestias.','Vel omnis perspiciatis officiis voluptas.',0,113),(257,'sapiente',65169,'Aut officiis commodi qui tenetur omnis assumenda.','Praesentium totam quia dolorem omnis.',1,237),(258,'qui',0,'Vero sit animi soluta quia.','Incidunt molestiae vel hic.',1,89),(259,'asperiores',834,'Officiis nemo saepe quos quis.','Repudiandae dolorum molestiae ducimus enim dolorum aut.',1,205),(260,'aut',761,'Incidunt repellat veniam esse expedita ducimus modi est.','Id facere tempore voluptatem eligendi enim magni eos.',0,229),(261,'qui',892117609,'Officiis autem ipsam molestiae aut repudiandae velit impedit.','Aut esse doloribus nam.',0,170),(262,'qui',1,'Cumque sit saepe sed voluptates id.','Rerum magni voluptate sequi dolor.',1,283),(263,'quidem',3038489,'Sapiente temporibus deserunt cum.','Ut ipsa porro reiciendis aut neque doloribus ut quo.',0,228),(264,'enim',12,'Enim et omnis nobis corrupti enim.','Ab est quisquam architecto voluptas est et.',0,32),(265,'voluptatem',0,'Omnis molestiae quaerat qui labore quos voluptatem aut.','Aperiam eveniet molestias eaque eos.',0,62),(266,'vel',169660275,'Vero animi excepturi magni odio ipsam cumque.','Asperiores tempore consequatur quasi veniam.',0,114),(267,'dolor',0,'Ut quas ducimus qui tempore.','Voluptatem assumenda sit sed aut et laudantium.',1,75),(268,'eveniet',99542347,'Quia ratione doloremque id omnis asperiores voluptatibus aut sunt.','Voluptas laboriosam et dolores fugiat.',1,88),(269,'laboriosam',22,'Dolores nam velit nulla cumque ut deleniti.','Quam autem aliquam architecto nobis magnam qui veniam.',1,1),(270,'et',122685,'Quisquam eos impedit inventore nesciunt cupiditate.','Earum aperiam porro ipsam explicabo nostrum corrupti neque quae.',0,289),(271,'modi',189659,'Voluptas error quo ab voluptatem amet dolores.','Deserunt aperiam et sunt ut sit alias.',1,284),(272,'provident',1502,'Quidem asperiores aut tempora blanditiis sapiente at.','Dolores iure ipsa doloremque qui id incidunt velit.',1,56),(273,'voluptas',1,'Ut voluptatibus aut minima.','Et facere asperiores nostrum sunt unde vel qui.',0,6),(274,'voluptas',209,'Consequatur suscipit sequi eos et voluptate quis.','Fugit minus sint libero similique impedit.',1,55),(275,'totam',76084945,'Id aut voluptatem officia quaerat.','Et laboriosam laboriosam odio sed voluptatum iste autem exercitationem.',0,100),(276,'error',435143,'Quisquam iste eius recusandae.','Voluptas eius nostrum et explicabo quia sit libero.',1,258),(277,'rerum',11,'Magnam sed et sint molestiae magnam corrupti.','Nihil est doloremque expedita molestiae quod quae quia.',1,27),(278,'in',141,'Eos et non qui.','A perferendis inventore laboriosam tenetur dolore ut.',1,251),(279,'voluptas',58449,'Tempora sit ducimus dolore beatae minus.','Optio quibusdam quam vero facere.',0,30),(280,'illo',0,'Qui vitae adipisci quo architecto itaque.','Accusantium et esse asperiores.',0,80),(281,'aliquam',28622,'Eum nulla recusandae ex sapiente dolorum rem vero.','Ipsum magnam architecto consequatur dicta ab nostrum id ratione.',0,30),(282,'praesentium',157,'Provident ullam dolore ex id.','Velit facere aut ut odit nihil ratione.',0,273),(283,'repellendus',2054,'Molestias doloremque ullam repellat sit.','Omnis et perspiciatis ut ipsa architecto.',1,178),(284,'voluptate',62422,'Dicta odio quam nihil sint in.','Molestiae delectus nobis quia dolorum neque ipsam.',1,58),(285,'qui',0,'Rerum ratione rerum ipsam ut.','Et accusamus ad expedita voluptatibus dolorem modi nam.',1,22),(286,'totam',10759917,'Sunt veritatis ratione pariatur voluptates.','Voluptatem magnam ipsam ipsam amet.',1,190),(287,'qui',26972,'Officiis cumque id ut et officia.','Quasi nesciunt nemo minus consectetur laboriosam.',0,35),(288,'doloribus',0,'Labore dolorem est blanditiis rerum et.','In sed natus et iusto saepe.',0,166),(289,'aut',28042584,'In deleniti sint et maiores voluptate sequi deserunt.','Aut beatae impedit laboriosam est iusto commodi exercitationem.',0,253),(290,'placeat',149558,'Neque illo ut earum reiciendis.','Distinctio commodi eligendi eaque veritatis dolor.',0,111),(291,'et',269236741,'Laudantium autem est molestias debitis rem dolorem.','Aut non tenetur minus tempora adipisci.',0,219),(292,'dolor',103,'Optio quis ea et distinctio.','Rerum vitae vel animi laudantium sapiente sit quod.',1,65),(293,'atque',779741,'Laudantium impedit perferendis debitis dicta qui ad cupiditate.','Perspiciatis error et ex voluptas consequuntur velit.',0,142),(294,'cum',6254043,'Molestias consequatur ullam quam expedita praesentium dolorem.','Eum aut quo officia eos quas et doloribus.',1,37),(295,'vel',0,'Voluptatem maxime non doloribus ut ea consequatur laudantium.','Voluptatem beatae et ipsa.',1,196),(296,'debitis',19766,'Quam sed fugiat quia iure.','Nemo laborum quia minima vero nulla maiores.',0,283),(297,'aspernatur',45,'Temporibus harum dicta est dolore eius.','Aut quia possimus qui voluptatem est nihil qui.',0,293),(298,'ullam',122,'Ut sed enim iusto aspernatur.','Est ex rem iure ipsa architecto eum.',1,39),(299,'assumenda',183,'Omnis minima similique quia tempora dicta.','Minima iste illum animi fugit.',0,9),(300,'neque',180,'Quae reiciendis doloribus eveniet vel rerum praesentium.','Voluptatem neque sint odit numquam.',1,182);
/*!40000 ALTER TABLE `commun` ENABLE KEYS */;
UNLOCK TABLES;

--
-- Table structure for table `communMember`
--

DROP TABLE IF EXISTS `communMember`;
/*!40101 SET @saved_cs_client     = @@character_set_client */;
/*!50503 SET character_set_client = utf8mb4 */;
CREATE TABLE `communMember` (
  `user_id` int unsigned NOT NULL,
  `commun_id` int unsigned NOT NULL,
  `joined` datetime DEFAULT CURRENT_TIMESTAMP,
  `member_status` int unsigned NOT NULL,
  `member_power` tinyint(1) DEFAULT NULL,
  PRIMARY KEY (`user_id`,`commun_id`)
) ENGINE=InnoDB DEFAULT CHARSET=utf8mb4 COLLATE=utf8mb4_unicode_ci;
/*!40101 SET character_set_client = @saved_cs_client */;

--
-- Dumping data for table `communMember`
--

LOCK TABLES `communMember` WRITE;
/*!40000 ALTER TABLE `communMember` DISABLE KEYS */;
INSERT INTO `communMember` VALUES (1,1,'2021-01-19 05:11:18',0,1),(2,2,'2021-03-17 14:10:36',0,1),(3,3,'2021-03-28 01:08:00',0,1),(4,4,'2021-02-03 15:15:04',0,0),(5,5,'2021-11-28 19:07:11',0,1),(6,6,'2021-10-22 23:30:48',0,1),(7,7,'2022-01-09 05:08:52',0,0),(8,8,'2021-11-12 03:46:55',0,0),(9,9,'2021-11-24 05:33:54',0,0),(10,10,'2021-09-18 13:22:02',0,0),(11,11,'2021-01-17 17:26:51',0,1),(12,12,'2021-07-12 15:03:59',0,0),(13,13,'2021-06-10 03:20:11',0,0),(14,14,'2021-06-12 10:05:25',0,1),(15,15,'2021-09-21 14:41:32',0,1),(16,16,'2021-10-25 17:24:06',0,0),(17,17,'2021-07-06 19:20:14',0,0),(18,18,'2021-07-13 14:57:55',0,0),(19,19,'2021-08-26 07:47:54',0,0),(20,20,'2021-05-10 08:35:07',0,1),(21,21,'2021-07-19 03:57:29',0,1),(22,22,'2021-11-16 04:33:20',0,0),(23,23,'2021-12-03 08:29:44',0,0),(24,24,'2021-02-18 22:02:42',0,1),(25,25,'2021-02-12 23:38:25',0,1),(26,26,'2021-09-02 16:13:29',0,1),(27,27,'2021-05-24 05:14:31',0,1),(28,28,'2021-05-30 18:43:28',0,1),(29,29,'2021-01-28 07:24:19',0,0),(30,30,'2021-11-25 15:53:45',0,0),(31,31,'2021-07-14 21:29:08',0,1),(32,32,'2021-08-28 11:33:38',0,0),(33,33,'2021-06-12 09:02:11',0,0),(34,34,'2021-08-15 11:12:30',0,1),(35,35,'2021-09-08 13:05:50',0,0),(36,36,'2021-03-03 19:34:07',0,1),(37,37,'2021-08-02 22:16:18',0,0),(38,38,'2021-08-13 09:06:51',0,1),(39,39,'2021-11-27 08:07:58',0,0),(40,40,'2021-12-30 12:32:06',0,0),(41,41,'2021-02-01 07:10:37',0,0),(42,42,'2021-10-23 07:28:20',0,1),(43,43,'2021-07-19 20:09:43',0,0),(44,44,'2021-10-24 16:22:22',0,0),(45,45,'2021-07-31 21:40:14',0,0),(46,46,'2021-11-26 16:08:27',0,0),(47,47,'2021-03-04 15:31:06',0,1),(48,48,'2021-08-10 11:14:09',0,1),(49,49,'2021-11-04 06:08:22',0,1),(50,50,'2021-03-24 07:50:46',0,1),(51,51,'2021-01-19 07:32:45',0,1),(52,52,'2021-03-23 12:20:53',0,1),(53,53,'2021-10-19 02:13:22',0,0),(54,54,'2021-10-30 02:55:39',0,1),(55,55,'2021-12-07 16:50:14',0,0),(56,56,'2021-05-21 11:21:30',0,1),(57,57,'2021-06-10 04:36:43',0,0),(58,58,'2021-11-30 16:08:17',0,1),(59,59,'2021-04-19 04:53:49',0,1),(60,60,'2021-06-04 17:18:51',0,0),(61,61,'2021-04-03 05:55:52',0,0),(62,62,'2021-01-18 12:33:13',0,1),(63,63,'2021-08-15 06:30:39',0,1),(64,64,'2021-01-30 22:14:30',0,1),(65,65,'2021-06-13 08:53:07',0,1),(66,66,'2021-02-12 09:45:36',0,1),(67,67,'2021-12-24 00:27:46',0,1),(68,68,'2021-08-18 09:13:00',0,1),(69,69,'2021-08-26 01:26:07',0,0),(70,70,'2021-04-04 05:45:09',0,0),(71,71,'2021-12-26 02:03:50',0,1),(72,72,'2021-04-14 10:09:31',0,1),(73,73,'2021-06-20 11:32:00',0,0),(74,74,'2021-10-04 07:14:50',0,0),(75,75,'2021-09-30 23:47:54',0,1),(76,76,'2021-10-02 16:49:49',0,0),(77,77,'2021-11-09 23:40:41',0,1),(78,78,'2021-05-15 15:10:15',0,0),(79,79,'2021-12-05 03:37:38',0,0),(80,80,'2021-05-31 15:18:53',0,0),(81,81,'2021-11-21 01:02:06',0,1),(82,82,'2022-01-09 03:23:50',0,1),(83,83,'2021-05-28 04:40:44',0,1),(84,84,'2021-03-11 04:57:38',0,0),(85,85,'2021-05-14 13:17:23',0,1),(86,86,'2021-08-29 18:53:34',0,1),(87,87,'2021-09-11 12:32:51',0,1),(88,88,'2021-09-27 01:14:48',0,0),(89,89,'2021-10-22 16:05:05',0,1),(90,90,'2021-08-26 13:38:21',0,1),(91,91,'2021-02-02 11:44:52',0,0),(92,92,'2021-08-06 06:33:54',0,1),(93,93,'2021-03-01 15:06:46',0,1),(94,94,'2021-12-17 21:09:36',0,1),(95,95,'2021-06-14 10:18:28',0,1),(96,96,'2021-04-12 17:30:29',0,1),(97,97,'2021-02-07 22:43:27',0,1),(98,98,'2021-04-22 08:52:01',0,0),(99,99,'2021-07-04 22:53:51',0,1),(100,100,'2021-12-30 12:32:01',0,1),(101,101,'2021-12-23 21:19:39',0,1),(102,102,'2021-06-12 18:05:27',0,1),(103,103,'2021-03-30 19:26:36',0,0),(104,104,'2021-07-13 14:03:14',0,1),(105,105,'2021-12-06 01:56:08',0,1),(106,106,'2021-01-29 19:10:52',0,1),(107,107,'2021-04-17 22:20:03',0,0),(108,108,'2021-02-22 14:38:59',0,0),(109,109,'2021-02-12 16:27:00',0,0),(110,110,'2021-09-17 15:17:34',0,0),(111,111,'2021-04-04 06:55:54',0,0),(112,112,'2021-11-06 11:31:21',0,0),(113,113,'2021-06-21 03:57:11',0,0),(114,114,'2021-02-27 21:20:57',0,1),(115,115,'2021-12-24 20:52:04',0,1),(116,116,'2021-11-04 00:29:28',0,0),(117,117,'2021-11-01 11:02:37',0,1),(118,118,'2021-05-07 05:46:31',0,1),(119,119,'2021-11-14 18:13:39',0,0),(120,120,'2021-10-11 18:09:39',0,0),(121,121,'2021-06-01 21:28:36',0,1),(122,122,'2021-05-23 20:12:13',0,1),(123,123,'2021-11-27 18:25:46',0,0),(124,124,'2021-07-09 22:51:00',0,1),(125,125,'2021-09-10 05:33:14',0,0),(126,126,'2021-09-28 00:59:28',0,1),(127,127,'2021-09-23 19:31:06',0,0),(128,128,'2021-10-20 18:22:48',0,1),(129,129,'2021-08-06 04:10:52',0,0),(130,130,'2022-01-08 01:58:32',0,1),(131,131,'2021-04-22 09:02:50',0,1),(132,132,'2021-04-27 06:09:06',0,1),(133,133,'2021-08-17 21:48:25',0,0),(134,134,'2022-01-03 01:32:56',0,0),(135,135,'2021-03-23 11:30:26',0,1),(136,136,'2021-11-22 10:11:17',0,0),(137,137,'2021-08-20 04:42:29',0,1),(138,138,'2021-03-05 05:04:48',0,1),(139,139,'2021-01-21 15:53:42',0,1),(140,140,'2021-10-16 09:08:33',0,1),(141,141,'2021-03-18 01:47:02',0,0),(142,142,'2021-04-04 17:58:17',0,1),(143,143,'2021-11-17 21:51:28',0,1),(144,144,'2021-05-07 10:43:00',0,1),(145,145,'2021-09-21 05:52:38',0,1),(146,146,'2021-09-25 01:27:50',0,0),(147,147,'2021-06-28 19:01:44',0,0),(148,148,'2021-03-21 16:30:02',0,1),(149,149,'2021-12-05 10:48:16',0,1),(150,150,'2021-07-06 05:48:03',0,1),(151,151,'2021-09-02 07:20:39',0,0),(152,152,'2021-08-26 14:19:26',0,0),(153,153,'2021-02-26 08:04:25',0,0),(154,154,'2021-09-26 09:03:06',0,1),(155,155,'2021-08-03 12:17:47',0,0),(156,156,'2021-01-20 16:27:50',0,0),(157,157,'2021-04-14 14:27:08',0,1),(158,158,'2021-02-01 20:39:57',0,0),(159,159,'2021-08-28 15:06:23',0,0),(160,160,'2021-12-22 02:09:10',0,1),(161,161,'2021-12-08 10:01:34',0,1),(162,162,'2021-03-18 16:45:42',0,1),(163,163,'2021-07-31 15:17:50',0,0),(164,164,'2021-09-15 09:20:34',0,1),(165,165,'2021-09-03 11:32:51',0,1),(166,166,'2021-03-03 19:54:08',0,1),(167,167,'2022-01-09 02:13:31',0,0),(168,168,'2021-05-25 05:23:49',0,1),(169,169,'2021-08-30 13:02:30',0,1),(170,170,'2021-08-31 20:03:33',0,0),(171,171,'2021-11-28 00:34:55',0,0),(172,172,'2021-05-02 00:26:30',0,0),(173,173,'2022-01-11 16:28:40',0,0),(174,174,'2021-05-29 11:42:45',0,1),(175,175,'2021-11-09 07:40:03',0,0),(176,176,'2021-05-06 07:30:25',0,0),(177,177,'2021-08-30 07:55:17',0,0),(178,178,'2021-07-20 23:07:26',0,0),(179,179,'2021-01-17 22:43:07',0,1),(180,180,'2021-06-27 16:41:03',0,1),(181,181,'2021-10-20 04:03:50',0,0),(182,182,'2021-04-13 16:26:16',0,0),(183,183,'2021-06-17 07:59:43',0,1),(184,184,'2021-05-27 23:43:54',0,0),(185,185,'2021-06-24 01:54:24',0,0),(186,186,'2021-03-24 11:24:57',0,0),(187,187,'2021-12-24 09:48:14',0,0),(188,188,'2021-05-25 13:36:28',0,0),(189,189,'2021-03-18 11:32:54',0,1),(190,190,'2021-04-12 00:37:01',0,1),(191,191,'2021-06-06 01:38:07',0,1),(192,192,'2021-12-14 14:47:02',0,1),(193,193,'2021-08-18 08:55:48',0,1),(194,194,'2021-09-16 09:10:23',0,0),(195,195,'2021-05-29 10:22:18',0,0),(196,196,'2021-05-30 12:46:20',0,0),(197,197,'2021-07-20 13:11:36',0,1),(198,198,'2022-01-05 12:59:17',0,1),(199,199,'2021-10-29 01:20:37',0,1),(200,200,'2021-04-25 04:05:01',0,0),(201,201,'2021-03-20 12:19:38',0,0),(202,202,'2021-05-26 06:13:05',0,1),(203,203,'2021-12-29 01:31:17',0,0),(204,204,'2021-04-28 08:30:46',0,0),(205,205,'2021-03-08 16:17:21',0,0),(206,206,'2021-12-21 05:44:22',0,0),(207,207,'2021-04-17 09:14:42',0,0),(208,208,'2021-04-12 00:48:45',0,1),(209,209,'2021-04-19 10:32:38',0,1),(210,210,'2021-01-31 12:26:52',0,1),(211,211,'2022-01-03 04:02:54',0,0),(212,212,'2021-02-18 11:28:32',0,0),(213,213,'2021-08-14 21:37:00',0,0),(214,214,'2021-10-03 16:56:07',0,0),(215,215,'2021-03-22 22:19:20',0,0),(216,216,'2021-12-23 22:06:45',0,0),(217,217,'2021-02-20 23:37:25',0,1),(218,218,'2021-01-26 11:37:53',0,0),(219,219,'2021-07-14 23:31:32',0,0),(220,220,'2021-06-11 08:27:30',0,1),(221,221,'2021-10-29 09:11:37',0,1),(222,222,'2021-11-08 18:07:18',0,0),(223,223,'2021-03-12 10:50:04',0,0),(224,224,'2021-05-12 13:52:27',0,1),(225,225,'2021-08-16 17:46:38',0,0),(226,226,'2021-08-12 23:33:55',0,1),(227,227,'2021-06-27 13:33:14',0,1),(228,228,'2021-03-18 17:40:10',0,0),(229,229,'2021-05-26 02:19:04',0,1),(230,230,'2021-09-30 09:27:12',0,1),(231,231,'2021-12-16 23:07:26',0,0),(232,232,'2021-08-09 18:30:18',0,1),(233,233,'2021-12-26 14:21:31',0,1),(234,234,'2021-11-15 16:45:51',0,1),(235,235,'2021-10-20 05:51:40',0,1),(236,236,'2021-07-23 03:18:52',0,1),(237,237,'2021-07-28 10:34:11',0,1),(238,238,'2021-03-09 18:31:50',0,1),(239,239,'2021-01-26 05:03:53',0,1),(240,240,'2021-07-30 23:05:54',0,1),(241,241,'2021-05-03 12:56:22',0,1),(242,242,'2021-12-07 23:34:00',0,0),(243,243,'2021-05-10 21:26:21',0,1),(244,244,'2021-06-28 08:45:49',0,0),(245,245,'2021-06-28 02:18:22',0,1),(246,246,'2021-07-21 09:17:04',0,0),(247,247,'2021-03-17 14:16:09',0,1),(248,248,'2021-12-02 12:11:51',0,1),(249,249,'2022-01-07 11:15:10',0,1),(250,250,'2021-02-23 18:38:19',0,1),(251,251,'2021-04-06 12:31:22',0,1),(252,252,'2021-02-14 13:54:22',0,1),(253,253,'2021-09-14 04:15:10',0,0),(254,254,'2021-06-04 11:53:41',0,1),(255,255,'2021-08-19 23:37:24',0,0),(256,256,'2021-12-17 11:46:24',0,0),(257,257,'2021-11-01 07:09:28',0,1),(258,258,'2021-12-12 10:40:35',0,0),(259,259,'2021-07-03 05:45:26',0,0),(260,260,'2021-04-15 08:31:17',0,1),(261,261,'2021-04-11 01:21:07',0,1),(262,262,'2021-07-05 10:25:40',0,0),(263,263,'2021-01-25 01:22:56',0,0),(264,264,'2021-06-01 10:15:45',0,1),(265,265,'2021-04-13 03:15:35',0,0),(266,266,'2021-09-04 02:43:37',0,1),(267,267,'2021-02-23 15:33:45',0,1),(268,268,'2021-02-27 05:30:09',0,0),(269,269,'2021-02-12 04:24:47',0,1),(270,270,'2021-08-12 08:44:37',0,1),(271,271,'2021-09-04 15:10:58',0,1),(272,272,'2021-04-24 04:29:57',0,0),(273,273,'2021-05-29 17:22:03',0,0),(274,274,'2021-08-06 05:19:34',0,0),(275,275,'2021-07-11 23:19:05',0,1),(276,276,'2021-11-28 02:59:55',0,0),(277,277,'2021-10-24 09:18:38',0,1),(278,278,'2021-11-10 23:37:28',0,0),(279,279,'2021-09-24 06:23:22',0,0),(280,280,'2021-03-07 10:26:00',0,0),(281,281,'2021-08-24 22:38:18',0,1),(282,282,'2021-02-22 17:35:50',0,1),(283,283,'2021-05-18 06:55:02',0,1),(284,284,'2021-05-23 14:14:20',0,1),(285,285,'2021-09-06 12:57:29',0,0),(286,286,'2021-06-19 01:11:50',0,0),(287,287,'2021-10-01 14:26:20',0,0),(288,288,'2021-12-15 04:41:31',0,0),(289,289,'2021-09-23 07:43:10',0,0),(290,290,'2021-09-01 05:33:02',0,0),(291,291,'2021-04-04 10:43:07',0,1),(292,292,'2021-04-10 18:41:08',0,1),(293,293,'2021-04-12 19:36:56',0,0),(294,294,'2021-06-09 04:46:15',0,1),(295,295,'2021-08-11 06:47:20',0,1),(296,296,'2021-03-21 18:35:13',0,1),(297,297,'2021-04-13 05:37:14',0,1),(298,298,'2021-09-22 01:52:51',0,1),(299,299,'2021-04-23 18:07:50',0,0),(300,300,'2021-01-19 04:23:41',0,0);
/*!40000 ALTER TABLE `communMember` ENABLE KEYS */;
UNLOCK TABLES;

--
-- Table structure for table `dialog`
--

DROP TABLE IF EXISTS `dialog`;
/*!40101 SET @saved_cs_client     = @@character_set_client */;
/*!50503 SET character_set_client = utf8mb4 */;
CREATE TABLE `dialog` (
  `dialog_id` int unsigned NOT NULL,
  `deleted_id` text CHARACTER SET utf8mb4 COLLATE utf8mb4_unicode_ci,
  `unread_id` text CHARACTER SET utf8mb4 COLLATE utf8mb4_unicode_ci,
  `user_id` int unsigned NOT NULL,
  `profiles_id` int unsigned NOT NULL,
  PRIMARY KEY (`user_id`,`dialog_id`),
  UNIQUE KEY `user_id` (`user_id`)
) ENGINE=InnoDB DEFAULT CHARSET=utf8mb4 COLLATE=utf8mb4_unicode_ci;
/*!40101 SET character_set_client = @saved_cs_client */;

--
-- Dumping data for table `dialog`
--

LOCK TABLES `dialog` WRITE;
/*!40000 ALTER TABLE `dialog` DISABLE KEYS */;
INSERT INTO `dialog` VALUES (749,'1430031','',1,1),(94,'13632','7',2,2),(206,'5940802','8',3,3),(731,'914153','9',4,4),(30,'51084579','2',5,5),(184,'2433291','5',6,6),(615,'245689524','2',7,7),(180,'54675671','3',8,8),(791,'','4',9,9),(493,'279','6',10,10),(986,'1','',11,11),(174,'98805662','3',12,12),(260,'','7',13,13),(582,'497802','2',14,14),(47,'3','4',15,15),(789,'7451','1',16,16),(638,'179380','5',17,17),(335,'6','',18,18),(98,'39176354','9',19,19),(508,'74225169','6',20,20),(752,'584474333','4',21,21),(121,'277424','9',22,22),(322,'87','9',23,23),(85,'160206577','6',24,24),(686,'790','',25,25),(849,'31','1',26,26),(194,'981165','6',27,27),(603,'66135','4',28,28),(962,'6343','2',29,29),(678,'222353','3',30,30),(502,'61413132','5',31,31),(946,'','2',32,32),(294,'716572708','1',33,33),(49,'3765439','1',34,34),(59,'622100','8',35,35),(647,'','5',36,36),(751,'806696706','7',37,37),(35,'12255024','8',38,38),(570,'69','8',39,39),(266,'5990373','5',40,40),(938,'49','1',41,41),(354,'174454770','1',42,42),(405,'3','3',43,43),(947,'9341263','5',44,44),(249,'7389','3',45,45),(287,'126630','5',46,46),(878,'785629404','8',47,47),(966,'543632777','6',48,48),(863,'8','1',49,49),(886,'13289666','7',50,50),(494,'9585','2',51,51),(138,'367','6',52,52),(372,'96600637','2',53,53),(837,'276','9',54,54),(591,'467','9',55,55),(247,'484024529','4',56,56),(569,'54745369','1',57,57),(600,'192','8',58,58),(905,'6251065','6',59,59),(904,'664883660','4',60,60),(510,'383','3',61,61),(120,'561163813','8',62,62),(344,'5703607','1',63,63),(562,'46322219','2',64,64),(450,'843518652','1',65,65),(680,'4013','1',66,66),(103,'8426337','8',67,67),(50,'773890312','8',68,68),(972,'4242785','1',69,69),(653,'779082659','2',70,70),(845,'2','7',71,71),(745,'5','9',72,72),(291,'71476888','1',73,73),(26,'92','',74,74),(238,'8','9',75,75),(771,'84238','6',76,76),(364,'93','6',77,77),(559,'1837','7',78,78),(337,'','5',79,79),(802,'4338','1',80,80),(24,'570','8',81,81),(358,'3981','2',82,82),(379,'1','1',83,83),(401,'6','9',84,84),(374,'891611','2',85,85),(224,'8','3',86,86),(293,'7187','7',87,87),(669,'708','7',88,88),(465,'97061396','2',89,89),(977,'41118','9',90,90),(735,'7678','6',91,91),(270,'27746804','',92,92),(733,'9900','3',93,93),(923,'52676','7',94,94),(393,'22388113','7',95,95),(719,'9','7',96,96),(801,'7798082','4',97,97),(189,'55698','8',98,98),(832,'91','1',99,99),(578,'148697','8',100,100),(730,'9594731','5',101,101),(66,'96','',102,102),(767,'55','1',103,103),(471,'5797485','3',104,104),(383,'94881','8',105,105),(558,'','7',106,106),(563,'287661','9',107,107),(400,'14365','',108,108),(243,'7268','9',109,109),(770,'','2',110,110),(673,'6096833','2',111,111),(618,'8959200','1',112,112),(988,'6374605','4',113,113),(482,'68','1',114,114),(548,'98','5',115,115),(498,'88','1',116,116),(150,'6','9',117,117),(427,'6','',118,118),(703,'6','',119,119),(55,'94991','9',120,120),(797,'38771','4',121,121),(503,'933665094','7',122,122),(790,'770','2',123,123),(540,'13','',124,124),(2,'934539933','1',125,125),(820,'','9',126,126),(437,'22203','9',127,127),(635,'790983','3',128,128),(199,'','5',129,129),(128,'6010698','5',130,130),(987,'8003979','8',131,131),(178,'821487','8',132,132),(218,'472','8',133,133),(219,'25695','2',134,134),(328,'144','',135,135),(692,'4378180','9',136,136),(410,'1339959','8',137,137),(31,'61939536','',138,138),(380,'1442547','2',139,139),(930,'26480','1',140,140),(684,'935990','4',141,141),(84,'79220688','2',142,142),(898,'706364','',143,143),(237,'40589','7',144,144),(981,'612','7',145,145),(757,'','9',146,146),(311,'852706332','',147,147),(292,'750657971','7',148,148),(54,'8762','3',149,149),(826,'353','7',150,150),(97,'2404','',151,151),(132,'5911660','6',152,152),(492,'70422','3',153,153),(649,'639216491','8',154,154),(734,'1','6',155,155),(198,'978247692','4',156,156),(806,'938','9',157,157),(950,'3792','2',158,158),(34,'27','8',159,159),(406,'2080','2',160,160),(221,'8','6',161,161),(989,'763510385','6',162,162),(269,'346','9',163,163),(116,'59','7',164,164),(681,'','2',165,165),(445,'614','3',166,166),(384,'56186','',167,167),(674,'4334','6',168,168),(916,'83','4',169,169),(394,'731010162','5',170,170),(619,'26255087','1',171,171),(376,'50606','7',172,172),(195,'94','',173,173),(214,'29','4',174,174),(36,'43581','7',175,175),(386,'','7',176,176),(823,'130285340','1',177,177),(497,'3678','8',178,178),(220,'987','6',179,179),(351,'54215','4',180,180),(772,'2890','6',181,181),(581,'7889','',182,182),(557,'','7',183,183),(33,'84400','5',184,184),(610,'4508','8',185,185),(276,'88','4',186,186),(62,'270232','8',187,187),(876,'30','2',188,188),(883,'','4',189,189),(728,'73657','6',190,190),(368,'411069','1',191,191),(650,'737773851','5',192,192),(564,'7201','3',193,193),(152,'285475998','1',194,194),(743,'1990806','6',195,195),(70,'5483','6',196,196),(453,'129707','8',197,197),(42,'67','',198,198),(130,'','2',199,199),(37,'3265','6',200,200),(726,'1937703','3',201,201),(973,'3662699','4',202,202),(52,'80788039','',203,203),(951,'43556547','',204,204),(91,'7','4',205,205),(200,'8','',206,206),(590,'28944192','3',207,207),(19,'7','',208,208),(889,'21','2',209,209),(134,'','4',210,210),(629,'70779','7',211,211),(868,'437307','1',212,212),(262,'','6',213,213),(353,'939','',214,214),(205,'424911373','4',215,215),(305,'19704','3',216,216),(979,'66055892','4',217,217),(925,'','1',218,218),(489,'','9',219,219),(162,'27313','7',220,220),(945,'647456369','5',221,221),(748,'9','4',222,222),(584,'148492','7',223,223),(736,'516','7',224,224),(231,'6299','4',225,225),(928,'7','',226,226),(894,'1038','2',227,227),(149,'5267','7',228,228),(527,'5973','1',229,229),(488,'706305412','3',230,230),(980,'25464','2',231,231),(235,'','4',232,232),(51,'2631','7',233,233),(887,'681472','2',234,234),(388,'','',235,235),(402,'351003','4',236,236),(890,'','7',237,237),(13,'46355587','7',238,238),(955,'12473','6',239,239),(398,'460810','1',240,240),(324,'10295','4',241,241),(455,'8','6',242,242),(927,'24090102','3',243,243),(389,'63086','9',244,244),(982,'152598','2',245,245),(87,'548466583','',246,246),(822,'8919849','2',247,247),(411,'668','7',248,248),(275,'220','3',249,249),(425,'35','',250,250),(662,'7520','4',251,251),(242,'52487','3',252,252),(762,'3527','6',253,253),(14,'87104169','8',254,254),(978,'770826881','6',255,255),(222,'756135','1',256,256),(792,'102688319','1',257,257),(597,'944','2',258,258),(959,'','5',259,259),(971,'','6',260,260),(509,'7','4',261,261),(920,'5','3',262,262),(690,'61','6',263,263),(671,'5','6',264,264),(68,'536','',265,265),(107,'7693238','4',266,266),(756,'664644','5',267,267),(10,'1990','',268,268),(131,'562520','9',269,269),(803,'91227','7',270,270),(461,'','6',271,271),(20,'431','4',272,272),(181,'4593','3',273,273),(418,'784441','1',274,274),(396,'','1',275,275),(587,'62','6',276,276),(700,'5131','5',277,277),(869,'63209','7',278,278),(438,'1636','3',279,279),(329,'83','3',280,280),(685,'1','9',281,281),(71,'555352','6',282,282),(467,'','2',283,283),(500,'368911','5',284,284),(921,'65896301','',285,285),(895,'','',286,286),(82,'3631557','3',287,287),(777,'716','',288,288),(21,'177335','7',289,289),(933,'295859','3',290,290),(586,'932919','1',291,291),(861,'82','3',292,292),(268,'','8',293,293),(129,'518461','5',294,294),(513,'1357513','1',295,295),(213,'','4',296,296),(729,'724071','9',297,297),(833,'9714','9',298,298),(413,'','1',299,299),(857,'52','3',300,300);
/*!40000 ALTER TABLE `dialog` ENABLE KEYS */;
UNLOCK TABLES;

--
-- Table structure for table `files`
--

DROP TABLE IF EXISTS `files`;
/*!40101 SET @saved_cs_client     = @@character_set_client */;
/*!50503 SET character_set_client = utf8mb4 */;
CREATE TABLE `files` (
  `id` int unsigned NOT NULL AUTO_INCREMENT,
  `saved_files_user_id` text CHARACTER SET utf8mb4 COLLATE utf8mb4_unicode_ci,
  `downloaded_files_user_id` text CHARACTER SET utf8mb4 COLLATE utf8mb4_unicode_ci,
  `uploaded_files_user_id` text CHARACTER SET utf8mb4 COLLATE utf8mb4_unicode_ci,
  `notes_user_id` text CHARACTER SET utf8mb4 COLLATE utf8mb4_unicode_ci,
  `bookmarks_user_id` text CHARACTER SET utf8mb4 COLLATE utf8mb4_unicode_ci,
  `user_id` int unsigned NOT NULL,
  `profiles_id` int unsigned NOT NULL,
  PRIMARY KEY (`id`,`user_id`),
  UNIQUE KEY `id` (`id`)
) ENGINE=InnoDB AUTO_INCREMENT=301 DEFAULT CHARSET=utf8mb4 COLLATE=utf8mb4_unicode_ci;
/*!40101 SET character_set_client = @saved_cs_client */;

--
-- Dumping data for table `files`
--

LOCK TABLES `files` WRITE;
/*!40000 ALTER TABLE `files` DISABLE KEYS */;
INSERT INTO `files` VALUES (1,'Eum laborum qui rerum enim dicta.','Omnis qui rerum mollitia ut.','Culpa autem quaerat a quisquam.','Quos expedita tenetur et rerum excepturi dolores.','19727',1,1),(2,'Voluptas officia mollitia adipisci et.','Architecto voluptatem fuga beatae est.','Temporibus possimus consequuntur et repellat culpa.','Sunt reprehenderit consectetur a expedita.','125',2,2),(3,'Officia ut voluptatum ut optio blanditiis voluptatibus ut.','Est temporibus ratione ab quis magnam nihil rerum molestiae.','Quaerat sequi culpa numquam dolor qui quam reiciendis.','Dolorem ipsum nostrum totam voluptatem repudiandae.','306737',3,3),(4,'Distinctio id debitis illum aliquid laborum repellendus.','Quasi et temporibus vero unde exercitationem ut fugit omnis.','Beatae impedit aut corrupti et ut.','Cum ut cum voluptate animi natus voluptatem at quas.','106147',4,4),(5,'Doloribus tenetur necessitatibus voluptatem sed non laudantium.','Dignissimos voluptatem eius quam velit voluptas.','Consequatur sit modi neque magni atque natus dolore.','Sit ut architecto doloribus voluptates.','94858',5,5),(6,'Reiciendis molestiae quia voluptate commodi sequi sequi consequatur.','Non animi ab dolor aut ipsam voluptate.','Corrupti aliquam aut distinctio assumenda dolor omnis autem.','Qui et quo iste.','389983830',6,6),(7,'Et aut molestias neque.','Velit dolores aliquam ipsa assumenda.','Id modi iste vero voluptate eos cum ducimus.','Consectetur deleniti nam accusantium voluptatem commodi aspernatur distinctio.','57772',7,7),(8,'Dolores similique quasi laudantium dolores voluptates numquam expedita.','Est in officia sunt et quaerat dolore amet.','Aperiam aliquid aut ab quia praesentium atque.','Id optio asperiores eos aspernatur sunt.','7',8,8),(9,'Voluptas impedit ratione accusamus suscipit.','Et animi occaecati perferendis ad dolor minus.','Sit impedit id sint veniam non porro aperiam.','Et odit ducimus vel laboriosam eaque eveniet possimus qui.','2',9,9),(10,'Sit voluptatibus inventore consequatur.','Qui voluptatem vitae vel aliquid.','Necessitatibus molestiae dolor voluptates dolorum doloribus qui nemo.','Nostrum non blanditiis eum autem ut corrupti.','70',10,10),(11,'Placeat deserunt in et molestias dignissimos excepturi accusamus.','Et eligendi aspernatur eaque magnam deserunt quam recusandae.','Voluptatibus dolor animi fuga iusto optio maiores.','Porro id impedit eligendi quam.','2',11,11),(12,'Sed a temporibus recusandae placeat necessitatibus quo.','Est delectus cupiditate culpa consequatur quasi suscipit.','Eaque distinctio ullam deleniti consequatur eos odit soluta rem.','Non voluptatem corrupti minima nemo quis.','8791791',12,12),(13,'In quam dolor a fugit magnam debitis aut.','Eveniet cum ut tenetur voluptate nihil iure ut.','Ipsam beatae iste omnis sed libero distinctio omnis assumenda.','Maxime totam doloribus aut aperiam quae eius.','162409081',13,13),(14,'Et porro quas vitae cupiditate.','Quibusdam ea nobis temporibus dignissimos occaecati.','Voluptates perferendis dolor iste et.','Et at repellat modi.','',14,14),(15,'Consectetur quas adipisci illo commodi.','Ipsum ut qui assumenda voluptates quia.','Excepturi voluptas doloribus eaque molestiae laboriosam voluptatem sit ut.','Iure commodi quia ipsam provident enim aut.','',15,15),(16,'Exercitationem ratione vero accusamus et dolore exercitationem deleniti itaque.','Unde repellendus error praesentium perferendis accusamus optio doloribus.','Vitae vel voluptatum atque odit quis aut vitae.','Consequatur unde eum sunt.','1817591',16,16),(17,'Architecto qui natus tempora sapiente ut.','Qui recusandae consequatur itaque hic alias repellendus.','Corporis ut qui ut modi porro accusamus et.','Quaerat deserunt repellat provident voluptas voluptates quis maxime.','',17,17),(18,'Velit consequatur nulla voluptate.','Minima non occaecati libero sit.','Voluptas id similique dicta cumque deleniti.','Qui reprehenderit accusantium quibusdam vitae voluptas ut.','338',18,18),(19,'Similique provident porro ipsam dolores.','Quibusdam corrupti et rerum quia rerum sit.','Iusto est voluptas voluptas similique optio.','Dolor ea nesciunt eos facilis velit deserunt est suscipit.','35194974',19,19),(20,'Porro vero earum eveniet hic suscipit ipsa.','Sit omnis quia illum eius ut vel.','Consequuntur praesentium accusamus incidunt recusandae ipsa culpa consequuntur et.','Quidem veritatis est iure aut natus optio accusantium.','252',20,20),(21,'Explicabo quis deleniti repellendus deserunt doloremque.','Non labore ratione sed minus placeat necessitatibus.','Error accusamus dolorum nisi ut quam.','Esse at explicabo facilis vel.','1289',21,21),(22,'Esse sed quis ea quia.','Vero ea ut eum.','Tempora quis assumenda qui eveniet in.','Et quidem accusantium ut laudantium sit velit quos.','1731',22,22),(23,'Animi est voluptatem rem maiores expedita necessitatibus deleniti.','Non quis impedit ut non error.','Optio suscipit officiis neque.','Sunt occaecati unde libero dolor laboriosam velit.','23156392',23,23),(24,'Similique aperiam aut porro aspernatur non asperiores.','Labore est ipsum dignissimos et quis voluptate ut.','Laborum ex animi rem autem.','Laboriosam suscipit atque qui aut voluptatum fugit corrupti.','41510598',24,24),(25,'Atque enim quos veniam earum sint commodi.','Quia alias delectus et sint.','Amet asperiores ut nihil provident ad perferendis excepturi.','Possimus exercitationem exercitationem natus enim.','7034',25,25),(26,'Perspiciatis debitis est dolorum saepe id dignissimos et sit.','Eum quo commodi accusamus corporis omnis voluptatum dolores.','Numquam veritatis architecto fugiat odio voluptatibus explicabo.','Aspernatur tempore similique qui quis soluta quas magnam.','',26,26),(27,'Praesentium accusamus voluptatem placeat magni voluptatem.','Ut culpa ipsam nisi occaecati.','Et mollitia qui et qui voluptatem.','Quod hic sit dolor cumque doloremque nam exercitationem.','655566',27,27),(28,'Minus officiis et cupiditate velit sequi sit unde.','Explicabo distinctio beatae et mollitia.','Architecto consequatur voluptatem quis sint maxime.','Id asperiores aut voluptas.','910807',28,28),(29,'Blanditiis rerum alias numquam consequuntur odit.','Molestiae voluptatum autem voluptatibus ea quasi perspiciatis officia neque.','Quisquam velit sapiente quo quibusdam non.','Tempore quidem ut dolore commodi sed.','3072',29,29),(30,'Eum quasi quidem illum deleniti aliquid rerum omnis rem.','Porro est et veritatis ut et.','Qui et quis quidem adipisci unde.','Soluta molestiae cupiditate magni voluptatibus et autem ullam.','93',30,30),(31,'Est animi in temporibus impedit.','Sunt aut voluptatem adipisci eaque accusantium quo explicabo.','Rerum omnis debitis omnis ratione possimus eos.','Quidem et dolores dolorem dolores dicta molestiae voluptates dolor.','97455',31,31),(32,'Necessitatibus cumque et repudiandae consequatur molestiae nulla eos.','Voluptas et ea vel natus consequatur suscipit.','Saepe fugiat sapiente et quis.','Sunt nostrum laborum corporis eius.','2899',32,32),(33,'Occaecati explicabo dignissimos sed velit rerum explicabo sapiente et.','Quod sed eos molestias enim dolores.','Ratione officiis provident dicta autem veniam.','Deserunt voluptas dignissimos sit officia.','746607407',33,33),(34,'Odio nisi dolor quas.','Et cupiditate voluptas est aut quis culpa.','Excepturi repellat quo nobis molestiae incidunt voluptas.','Vero quis quisquam ex et velit inventore dolor.','25098288',34,34),(35,'Et quia assumenda nisi repellat.','Accusantium voluptatem maiores illo aut ut.','Excepturi voluptatem perspiciatis fuga quia non quia.','Itaque quia repellat aut.','1480',35,35),(36,'Reprehenderit est totam laborum consequuntur voluptatibus distinctio totam.','Sint voluptatem officia suscipit totam totam sit impedit optio.','Mollitia qui blanditiis laboriosam ut.','Pariatur aut aut voluptatem adipisci sequi cum commodi.','819977579',36,36),(37,'Est qui minima qui nisi ex.','Reprehenderit explicabo similique est labore laboriosam aut dignissimos similique.','Sit a tenetur nesciunt voluptatem.','Excepturi labore maxime dolore quas delectus delectus.','83696',37,37),(38,'Cupiditate id sint fugit sed rerum suscipit unde.','Aspernatur iusto maxime eveniet quidem non.','Sed dolor mollitia eum aperiam.','Repudiandae qui nisi nostrum et.','',38,38),(39,'Maiores nihil odio recusandae aut voluptate.','Nesciunt ut non possimus quidem quia.','Et aut exercitationem omnis.','Qui cumque et rem aut aut molestiae.','674788',39,39),(40,'Consequuntur autem nobis beatae molestiae.','Dolorem modi et commodi explicabo ratione vero.','Inventore quo rerum et voluptas eos corporis.','Libero quasi eos sit dolor doloremque.','9211092',40,40),(41,'Vero quia ab molestiae ad.','Ut possimus tenetur earum nobis tenetur.','Quasi eum exercitationem nostrum omnis ea non repellat est.','Maxime dolore nihil totam ut.','',41,41),(42,'Aut omnis consequatur error.','Eaque ut quia amet pariatur maxime quisquam.','Voluptas debitis voluptas expedita omnis doloremque.','Non et sit sed sint.','584192904',42,42),(43,'Modi itaque ad dolor ullam.','Eius unde sed incidunt odit fugiat.','Dolorem omnis molestiae amet.','Quam ad dolore vero inventore rerum.','6874224',43,43),(44,'Nobis vel reprehenderit sapiente ex nostrum.','Ea soluta ipsam quia mollitia qui dolorem.','Accusamus quaerat dolor illo accusantium occaecati mollitia blanditiis.','Ad harum id optio voluptatem modi laudantium.','8349',44,44),(45,'Ut est distinctio non odio maxime.','Impedit mollitia nisi libero aliquid delectus qui quod.','Aut architecto doloribus vero rerum ea.','Quia consectetur voluptatem et.','177379',45,45),(46,'Praesentium esse ea autem.','Ducimus et enim nostrum.','Consequatur animi eos molestiae est.','Odit aut voluptatum et quasi necessitatibus quidem quia.','942',46,46),(47,'Omnis eum voluptas excepturi architecto eos rerum consequatur.','Adipisci ad omnis reiciendis alias.','Ut dicta consequatur dolorem recusandae modi vero doloribus.','Quia earum tenetur nulla odio rerum.','3',47,47),(48,'Sunt ut illo iusto facere ut.','Non voluptatum impedit totam deserunt praesentium voluptas.','Voluptatem assumenda cum aperiam dolores.','Quis quidem animi et.','3802',48,48),(49,'Et magni nesciunt repellat et cum.','Est aperiam ex assumenda fuga similique consectetur.','Quam quam omnis voluptas quam.','Illum saepe voluptas illum est in.','72',49,49),(50,'Aliquam labore velit eveniet voluptatem facere illo.','Corrupti aut occaecati vel quos harum vero est.','Unde placeat itaque vel modi quia ad impedit.','Magnam dolorem animi officia ut aut.','',50,50),(51,'Rerum harum sed quis exercitationem sit tempore aperiam.','Fugit magni nihil doloribus a ut.','Sint eum laudantium cumque nemo reprehenderit dolore dicta.','Similique sint dolore facere quia molestiae qui libero.','',51,51),(52,'Animi non qui beatae magnam excepturi sed.','Tenetur vero officiis aut quis eum.','Eligendi eum sed et aut aliquid.','Quae assumenda error autem aspernatur.','77',52,52),(53,'Sit in aliquam earum est iste ut.','Molestias consectetur iste distinctio est itaque.','Reprehenderit cupiditate possimus quia ea sed laborum.','Natus repudiandae dolores dolorem.','37618',53,53),(54,'Ipsum nesciunt doloribus et quaerat consequuntur porro autem.','Nisi et rerum tempora.','Qui natus nobis nihil id animi.','Voluptatem quas esse autem et ullam.','7',54,54),(55,'Explicabo et accusantium unde consequatur nihil nisi.','Illum voluptate enim aut excepturi.','Molestiae deserunt fuga ratione aut sint distinctio maxime.','Omnis eaque illum quia adipisci temporibus ab.','26952978',55,55),(56,'Enim cum eos amet ratione.','Debitis quibusdam commodi eum fuga aut et.','Adipisci adipisci voluptas ullam et dicta odio ipsum.','Consectetur vitae eius quis quia voluptatem commodi voluptas.','28',56,56),(57,'Mollitia iusto molestias tenetur velit nemo atque non praesentium.','Est voluptate doloremque nobis quibusdam culpa.','Et dolore maxime quibusdam dignissimos blanditiis.','Veniam mollitia modi ex sint dolor quod.','',57,57),(58,'Excepturi qui voluptates distinctio et ut.','Aut iusto et aliquam quia eos.','Architecto aut voluptas vero excepturi fugiat unde qui.','Est et sequi magnam laudantium quod debitis assumenda.','302467545',58,58),(59,'Architecto autem occaecati recusandae quis quo non dolor quia.','Enim commodi voluptate reprehenderit rerum ducimus voluptate.','Hic accusantium ut et quis ratione.','Eaque ut deleniti voluptatem enim.','28888303',59,59),(60,'Culpa sunt illo ea omnis atque aut necessitatibus rerum.','Id at quod et voluptatem.','Est expedita consectetur consectetur illo dolores quisquam animi.','Labore error ratione beatae dolore officiis.','159547',60,60),(61,'Sed quia vero dolore repellat quisquam non.','Et minus aspernatur cupiditate voluptas laboriosam et tempora pariatur.','Animi libero laborum iste recusandae qui ipsam eligendi.','Ut eum dignissimos dolores minus nulla vel eveniet.','910958',61,61),(62,'Aliquam tempore qui voluptas.','Impedit quas facilis aperiam officia.','Alias voluptatum harum est nulla.','Unde error natus consequatur.','538177',62,62),(63,'Explicabo in laborum quisquam sint sint in.','Et iure corporis veniam praesentium.','Facilis deleniti dolor et libero tenetur illum.','Impedit inventore harum quam sunt architecto maiores.','3',63,63),(64,'Rerum consequuntur doloribus beatae assumenda itaque.','Aperiam quo quo ut neque.','Et ut neque excepturi.','Quasi minima cum dolorem eos culpa similique provident.','',64,64),(65,'Voluptas ut alias aut eum in nihil.','Quo velit error quos ad maxime quo ut.','Dolores velit laboriosam eum ipsam doloribus.','Iste et quisquam voluptas inventore illo est.','',65,65),(66,'Laborum inventore facilis architecto dolor eum aut quaerat.','Eos voluptatibus praesentium veritatis.','Maxime tempora fugit itaque voluptatem veritatis.','Qui vitae maxime aut dicta et omnis sed.','601599',66,66),(67,'Non est ea voluptatibus.','Dolorem aut voluptas asperiores sapiente id rerum sapiente.','Officiis cum et omnis natus.','Quo et rerum tempora doloremque quas.','8',67,67),(68,'Voluptatem ullam excepturi omnis.','Molestias cumque eos cum reiciendis.','Est excepturi itaque sunt quaerat et.','Eaque vitae voluptas consectetur dignissimos.','2047985',68,68),(69,'Enim facilis ullam repudiandae voluptatum.','Ipsa in sit optio voluptatum ut voluptatibus et.','Eos consequatur laborum harum rerum.','Iste possimus provident et commodi quaerat numquam quas.','96251372',69,69),(70,'Repudiandae error ducimus dolores commodi quia vitae similique.','At ipsam corporis quibusdam est est perferendis magnam.','Similique ipsum rerum unde.','Deserunt voluptatem sunt in hic occaecati quia deserunt earum.','563',70,70),(71,'Nihil eaque corrupti tempore nihil molestiae dolorem et.','Velit quasi ullam ea explicabo qui perspiciatis est.','Est qui tenetur ipsa incidunt quo.','Perferendis et laboriosam facere doloremque cupiditate libero praesentium.','',71,71),(72,'Et esse vitae magni explicabo neque voluptatibus cumque.','Impedit ratione ut exercitationem veritatis occaecati distinctio eius.','Rerum accusantium reprehenderit sunt et voluptate nisi ipsam assumenda.','Harum libero et enim itaque in in veniam.','8149308',72,72),(73,'Et sit et eaque inventore.','Quia voluptates suscipit blanditiis asperiores ea vel unde.','Et eos eveniet perferendis hic.','Voluptatum sapiente odit eos nulla non est autem reprehenderit.','8',73,73),(74,'Eum quam nemo architecto animi recusandae qui.','Itaque ea non expedita ipsa porro et.','Omnis laborum enim odit iusto.','Sunt est quia cupiditate dolorem mollitia officia.','37316543',74,74),(75,'Sit ut nesciunt possimus.','Explicabo doloremque excepturi nostrum velit nemo numquam.','Officia voluptates possimus voluptatem nihil ut voluptatibus.','Exercitationem magnam sint unde sed ut ducimus.','662474103',75,75),(76,'Eveniet delectus quasi nobis porro nulla qui ut dolorem.','Aliquid vel quia facere aspernatur eligendi voluptas.','Molestiae omnis vero temporibus eum voluptatum.','Ex sit fugit architecto voluptatem iste quaerat sit.','776369344',76,76),(77,'Ut unde libero alias sunt qui nemo.','Eaque illo libero ut consequatur eligendi voluptate quibusdam.','Architecto et repellat nihil quae.','Quae eaque molestias eum sunt et rerum expedita.','419783',77,77),(78,'Nihil modi nihil itaque qui et accusamus magnam.','Est delectus possimus aut ullam.','Quam quas aut autem quo amet qui molestias.','Aut iusto dolores adipisci consequatur placeat.','551364403',78,78),(79,'Quam porro tempora aut modi ut atque.','Dolore enim omnis accusantium doloremque nostrum ullam quo.','Ipsa quis odio pariatur ut eligendi laboriosam cumque.','Pariatur id repudiandae facilis ut ut voluptas.','694',79,79),(80,'Itaque quo nobis nemo aliquam esse et consequuntur.','Voluptatem voluptas fugit maxime nostrum perspiciatis commodi.','Eaque ratione a officiis aspernatur.','Vero voluptas sint labore ut aut.','76',80,80),(81,'Magnam tempora perspiciatis vel architecto cumque tempora.','Dolorem repellat quia quae dolor quos placeat.','Magni veniam tempora aut officia non.','Dolores culpa asperiores voluptas sunt.','776740086',81,81),(82,'Et consequatur minus provident earum.','Omnis deserunt maxime molestiae reiciendis.','Omnis voluptatum consequuntur voluptatem tempore voluptas in quisquam.','Aut vel molestiae necessitatibus qui sit repellendus a dolor.','84759',82,82),(83,'Et reiciendis blanditiis et modi et maiores consequatur.','Ex non eligendi dignissimos nam molestiae aspernatur.','Est optio aut ducimus est error ab officiis.','Voluptatem deserunt soluta molestias autem incidunt ea fugit.','87',83,83),(84,'Aliquam pariatur aut omnis a culpa et nisi repellendus.','Repudiandae non quia totam excepturi est rem nihil ad.','Unde voluptatum sunt officiis.','Atque quo aperiam qui repellendus.','43',84,84),(85,'Maxime est modi voluptas itaque est blanditiis.','Pariatur corporis debitis saepe modi.','Aut quod odit eos ut earum repellendus.','Quia eos necessitatibus dolore.','9777',85,85),(86,'Harum illum temporibus omnis voluptas praesentium fuga.','Corporis qui magni beatae numquam soluta et laudantium.','Rerum eaque qui dicta sunt cumque cumque.','Ea beatae quos voluptatem aut odio.','9157',86,86),(87,'Eum vel maxime quis reprehenderit tempora ullam laborum.','Placeat sit facilis rem nulla et dolores quia ea.','Quam hic voluptas voluptatem itaque est.','Dolorum debitis eaque mollitia eum et totam dolor.','92',87,87),(88,'Fugiat repellat repellat totam deleniti quibusdam accusamus ea eum.','Eos culpa distinctio non est numquam.','Consectetur earum iusto veritatis cumque.','Animi dolorem minima dolore.','',88,88),(89,'Nobis et temporibus reiciendis quo cumque vitae.','Harum nesciunt cum occaecati neque fuga.','Quod sequi sint sed dolorem qui quia corrupti.','Consectetur ab eum qui enim in numquam maxime rem.','453362',89,89),(90,'Vitae praesentium ut et sint aliquam aut.','Explicabo veniam quasi ab qui.','Nihil cupiditate eligendi dolorem voluptates accusantium.','Vero optio illo voluptatem eum.','',90,90),(91,'Doloribus iure consequatur ab pariatur.','Est quidem nobis quidem repellendus.','Itaque ut ut iste aliquam praesentium asperiores ipsa.','Aut maxime et blanditiis est.','',91,91),(92,'Est quam eum quibusdam saepe.','Consequatur doloremque et autem rerum.','Repudiandae tenetur aut sequi eaque non.','Velit cupiditate similique consequatur sed ad aut aliquam.','21220488',92,92),(93,'Voluptates est sit veniam qui.','Voluptate praesentium rerum molestiae corporis molestiae et eos delectus.','Distinctio mollitia dolores est quam architecto.','Laborum ipsum velit minima eligendi.','129',93,93),(94,'Voluptas modi nesciunt impedit eos ipsum et.','Maiores voluptatem eligendi veritatis architecto voluptatem quod ipsam eius.','Et eos expedita pariatur magni sapiente dolorem.','Praesentium ratione iusto consequuntur earum aut qui commodi sunt.','',94,94),(95,'Voluptate iure tempora dolores hic vel.','Dolore veniam unde accusantium corporis ipsa perferendis qui.','Enim natus hic qui consectetur nesciunt.','Odit dolores quod repellat adipisci provident id et.','530783725',95,95),(96,'Nulla minus aperiam ut quia.','Ab totam quibusdam quisquam est non.','Eaque iure doloribus voluptatem.','Corporis dolorem ipsa asperiores dolorem.','369220',96,96),(97,'Et occaecati nam ducimus porro sunt veniam molestiae soluta.','Velit molestiae numquam nihil voluptas nulla.','Voluptatem est sit officiis ad alias ab.','Animi aut vitae aut alias eum cum.','5667',97,97),(98,'Autem aut aperiam assumenda consequuntur expedita error.','Debitis quis ad similique voluptas eum.','Et optio facere et beatae aut.','Atque iste magnam porro omnis.','51043624',98,98),(99,'Pariatur dolorum quia nemo aut.','Voluptatem exercitationem ut molestiae quia rem dolor numquam.','Est aspernatur occaecati omnis ducimus cum.','Vel consequuntur nihil tempore sunt.','58353',99,99),(100,'Architecto provident id neque.','Totam iste adipisci aperiam sed dolorem.','Dolor hic totam nihil rerum ad commodi.','Repellendus corporis ut natus quo impedit totam eius.','3686151',100,100),(101,'Ratione in laboriosam ratione saepe et aliquid omnis blanditiis.','Cumque aliquam esse provident.','Asperiores sequi voluptatem qui quia.','Sed cumque corrupti ea veniam minima.','77',101,101),(102,'Molestiae deleniti dignissimos quas qui.','Delectus accusamus repellat reprehenderit ex rerum unde.','Accusantium nihil aut sit quasi dicta dolores vel.','Sapiente veniam quis iusto rerum cumque magnam.','194035266',102,102),(103,'Perspiciatis natus occaecati fugit omnis minus qui rerum.','Et reprehenderit dolorem est aspernatur iure.','Nihil repellat et praesentium itaque.','Sint sit esse assumenda dolores deleniti expedita.','65708',103,103),(104,'Blanditiis alias reiciendis hic quia officiis facilis fuga.','Molestias in eaque dolorum asperiores laborum veniam.','Ipsam eaque tempora doloribus quo.','Ea non est saepe ut.','',104,104),(105,'Minus expedita culpa dolores optio.','Omnis similique minus omnis molestiae mollitia est quia.','Rem aut saepe fugiat temporibus et.','Et nihil distinctio ratione assumenda qui.','42692689',105,105),(106,'Et quisquam excepturi ipsum.','Blanditiis repudiandae non tempore asperiores.','Ut reiciendis quod exercitationem.','Reiciendis eum debitis culpa voluptatem quisquam perferendis repudiandae.','8',106,106),(107,'Officia voluptas consequatur beatae.','Quaerat et aliquid sunt aut provident reiciendis.','Qui sed magni excepturi nulla.','Voluptas quo quia dolorem quas ducimus.','853',107,107),(108,'Amet et ipsam quia vel.','Id est accusamus qui eaque aut dolorem culpa.','Eum at voluptatem ut sed molestiae est beatae.','Maxime eum neque aperiam iure porro veniam voluptate.','',108,108),(109,'Sed asperiores quasi est vero.','Quo illum deserunt consectetur et aspernatur reprehenderit.','Et et reprehenderit optio natus quos ipsum sed.','Ex labore mollitia dolorum eveniet sint dolor sunt.','122',109,109),(110,'Asperiores voluptate iusto voluptatibus.','Deleniti laudantium eius eos est architecto enim provident.','Quibusdam fugit aut aspernatur et eos sit sit sint.','Neque cumque laboriosam et dolorum officiis dolores.','50841841',110,110),(111,'Autem totam distinctio totam quo.','Accusantium rerum et sed id repudiandae ullam libero.','Excepturi nihil pariatur similique necessitatibus.','Eaque vitae cumque voluptatem corporis odio accusantium est provident.','87742231',111,111),(112,'Voluptatem est omnis occaecati.','Repellendus facilis vitae magnam minus magni.','Ducimus quis inventore consequatur excepturi nihil.','Similique sed cum eligendi inventore earum sunt.','56672',112,112),(113,'Suscipit excepturi non vitae sunt possimus ex pariatur.','Debitis eius et aut ea error.','Consequatur rem quo id eos incidunt est.','Velit velit enim unde reiciendis aut.','9648957',113,113),(114,'Repellat delectus est quae assumenda totam quos quia.','Earum voluptatem quibusdam saepe similique odit delectus.','Quis quos odit impedit similique.','Consequatur molestias quo error est fuga repellendus et.','48486607',114,114),(115,'Eligendi laborum maiores eaque veritatis asperiores vel dolor qui.','Ut id enim vel laborum dolor.','Voluptas est aliquid magni tempore asperiores quia.','Illum cum quia fugiat incidunt accusamus non.','9',115,115),(116,'Impedit nam ut perferendis laborum quam explicabo rerum.','Neque sit quam dolores nostrum sed et magni pariatur.','Dignissimos animi maiores vel quod ut repudiandae officiis.','Architecto consequatur debitis in aspernatur.','748',116,116),(117,'Fuga blanditiis explicabo explicabo porro.','Debitis doloremque quam aut ratione.','Ipsam ut possimus asperiores nihil.','Ut omnis cumque qui.','621',117,117),(118,'Nihil debitis tenetur nostrum.','Qui sequi reiciendis sed blanditiis earum tempora.','Rem dignissimos numquam consequatur quo.','Nisi quis maiores consequatur tempore voluptas.','',118,118),(119,'Incidunt rerum molestiae animi nostrum sunt officia.','Ex vitae accusamus nobis sit.','Et exercitationem nulla minus ex dolor assumenda.','Maxime est ipsa veniam quidem mollitia cumque.','3869',119,119),(120,'Enim ut soluta delectus.','Omnis ratione ab eveniet.','Deserunt consequatur illo accusamus.','Omnis rerum perspiciatis consequatur beatae dolores.','436',120,120),(121,'Placeat et aut quis explicabo autem.','Consectetur perspiciatis provident fuga repudiandae.','Eum qui animi necessitatibus necessitatibus odio animi.','Repudiandae et corrupti sit molestiae dolores.','9210',121,121),(122,'Earum laborum et vel iure neque culpa.','Suscipit consequuntur perferendis magni.','Laboriosam eligendi quo neque voluptas iste.','Neque laboriosam deleniti commodi cum sed repellendus.','211',122,122),(123,'Neque corrupti vel in reprehenderit commodi assumenda dolor.','Incidunt perspiciatis ullam est amet nam tempora culpa.','Repudiandae dolorum ad dolorem molestiae.','Quisquam similique veniam sed.','7482',123,123),(124,'Eaque est reprehenderit provident qui ratione nostrum.','Debitis nostrum voluptas soluta.','Ex ea maiores ut.','Veritatis quis molestiae expedita aliquam omnis cumque odit ratione.','39019',124,124),(125,'Molestiae magni aut possimus quis amet consequuntur quo.','Quas ullam et iure rem.','Consectetur debitis rerum qui cum eum.','Illo voluptatum aspernatur laudantium aspernatur.','507748050',125,125),(126,'Animi nihil ut soluta praesentium.','Pariatur et ut vitae quae similique.','Placeat unde aut perspiciatis eos sunt.','Sunt suscipit vitae facilis nam voluptas.','41',126,126),(127,'Explicabo accusantium autem et minima.','Quia ipsam occaecati ipsa est quia vitae maxime.','Voluptatum omnis deleniti rerum.','Voluptatem odit sunt praesentium ipsum ut pariatur eos.','58186036',127,127),(128,'Laborum deleniti et quibusdam ut quasi dolore.','Fuga sequi quo incidunt nesciunt sunt eaque ut.','Fuga eligendi iusto est.','Nobis inventore ut impedit quae.','35655',128,128),(129,'Velit illo sed itaque perferendis omnis quas incidunt.','Eum dolore reprehenderit et quos.','Iusto ullam tempora quam explicabo consectetur reprehenderit ex quo.','Cumque voluptates labore libero aut dolorem et.','64524314',129,129),(130,'Voluptatibus necessitatibus sed eos rerum voluptas voluptatibus asperiores totam.','Doloribus quia ipsa dolor architecto animi beatae consectetur.','Ea modi minima ipsa numquam repellendus.','Dolor rerum officia ipsam.','52719373',130,130),(131,'Rem vitae ut inventore ut quod quo voluptas.','Nemo labore voluptate rerum voluptatem ipsa sit.','Et mollitia eum voluptates aperiam.','Temporibus distinctio quo omnis eum nisi.','7104880',131,131),(132,'Autem aut sunt voluptas.','Aut libero velit in optio qui illum omnis.','Molestiae in soluta sed placeat.','Qui quia qui repellendus et ad velit illum.','1',132,132),(133,'Nisi quo et a qui nulla.','Quia aut inventore id pariatur est impedit veritatis.','Aut quis magnam non numquam ut.','Maiores voluptate harum facilis corporis corrupti.','723034631',133,133),(134,'Temporibus cum expedita hic in occaecati ullam ipsam aut.','Rem repudiandae amet commodi quia fuga fugiat cumque.','Repudiandae dolorem nihil ut.','Dolore nobis delectus vitae laudantium cum.','97227',134,134),(135,'Ipsum eum eos molestiae quaerat praesentium et deleniti.','Non similique omnis eaque quae illo nihil omnis.','Unde et inventore ut eveniet libero.','Quis quod quis qui sunt voluptatibus dolore et.','88197',135,135),(136,'Harum distinctio omnis vel quasi excepturi.','Et sed accusantium autem aperiam.','Veritatis voluptates vitae consequuntur amet iusto.','Sint aliquam debitis ex laudantium.','87780',136,136),(137,'Consectetur dicta assumenda dolores perspiciatis temporibus error deleniti.','Aspernatur earum ipsum voluptas consequatur.','Aut et necessitatibus et eligendi repellat ipsum veritatis.','Numquam eos atque id autem.','6726',137,137),(138,'Et earum et eum illum repellendus dolorum ut aut.','Dolor soluta aut qui nihil.','Quod incidunt omnis corporis laboriosam expedita in.','Sed in voluptatem cupiditate veniam quis accusamus.','87',138,138),(139,'Fugit laborum ab vel sequi tenetur qui.','Delectus dicta ullam vel consequatur aut.','In repellat repellendus eaque laudantium qui aspernatur excepturi.','Dolorem fugit harum eius quo soluta enim velit.','1',139,139),(140,'Nihil quasi soluta et.','A molestias dolores explicabo rerum quisquam beatae.','Iste nihil dolores iusto corrupti rerum quia et.','Eius vel sed aspernatur.','3296',140,140),(141,'Consequatur eos delectus debitis saepe pariatur.','Soluta ea ut aliquam velit.','Sequi vel dolorem tenetur nihil sit.','Dolor debitis eaque delectus asperiores numquam.','740',141,141),(142,'Debitis ut expedita quis ea minus velit.','Illo sunt dolorum ad velit blanditiis sunt.','Enim assumenda consectetur aut deleniti dolorem exercitationem.','Iure est voluptatem itaque.','2042',142,142),(143,'Provident quae ratione animi maiores similique et quis iure.','Delectus natus alias fugiat autem.','Sed ea et est libero doloribus.','Eius ut quod autem fugiat et est eos.','',143,143),(144,'Deleniti quibusdam excepturi voluptatibus qui placeat non soluta.','Tempore blanditiis fuga repellendus vitae dignissimos.','Ipsam dolorum voluptatem totam eos numquam.','Ut dolorem a soluta.','67180073',144,144),(145,'Nostrum dolore nam esse qui dolorum.','A eligendi culpa omnis cumque deserunt.','In molestias nulla recusandae quo.','Sed aut ut et eum sit ullam dolorum.','70646372',145,145),(146,'Suscipit sed officia aut veritatis dicta.','Iure unde cum iste nesciunt est.','Aut temporibus rerum est dolore maiores.','Quas et voluptate molestiae vel est.','890273854',146,146),(147,'Dolores aut soluta consequatur aliquam dolorem repellat error et.','Sint dolorem distinctio expedita reiciendis dolorum.','Minima est voluptas autem et ea impedit.','Voluptas ut consectetur est voluptatem voluptates.','966719777',147,147),(148,'Occaecati iste numquam impedit sit.','Ut voluptate aliquid non rerum harum mollitia.','Quae et voluptatem a neque adipisci culpa eum.','Qui autem suscipit quisquam assumenda.','995',148,148),(149,'Aut cum vero ut quas adipisci.','Ad id voluptas fugiat sunt.','Natus sint quidem et aliquam ab enim ea.','Commodi voluptas facilis et soluta.','32365',149,149),(150,'Enim magni labore labore dolor.','Sit architecto rerum nesciunt autem.','Commodi cum dolor possimus explicabo veritatis.','Ut qui aut id.','627995376',150,150),(151,'Aliquid assumenda sed autem facere qui.','Doloribus aut eos quam.','Cumque quia cum repellendus et eius esse.','Nihil non est iste.','169162',151,151),(152,'Et aut voluptatum aut eum.','Quidem iste quibusdam rerum architecto.','Repellat deserunt ea quae aut.','Impedit fuga asperiores inventore cum.','',152,152),(153,'Aliquam harum magnam modi molestias est.','Eum quidem blanditiis nemo cumque ratione molestiae qui aut.','Pariatur temporibus sed blanditiis dolor et accusantium enim consequatur.','Est nisi excepturi iusto aut.','292628819',153,153),(154,'A odit dolorem consectetur.','Laboriosam expedita debitis odio cumque voluptatem unde.','Veritatis eveniet vel error ipsa.','Dolorem rerum praesentium rerum accusantium.','66876',154,154),(155,'Numquam vel nisi accusantium nihil autem dolor quam.','Est voluptatem pariatur a.','Ut et et a voluptate vel ut omnis.','Consequuntur soluta doloremque optio omnis dolor vero iusto.','',155,155),(156,'Et culpa animi ut molestiae dignissimos.','Illo rem omnis facere temporibus.','Aut quae illo nemo sint sed nostrum ducimus.','Eos ea impedit quia dolorum alias quis sequi perferendis.','21',156,156),(157,'Consectetur aut velit repellendus sunt voluptas vel sit.','Et sequi aspernatur alias totam molestiae voluptas eum.','Atque accusamus quis sit.','Error sunt possimus dolores nostrum.','695',157,157),(158,'Error dolorem quas enim rerum nam aut.','Asperiores dolore asperiores ullam et voluptate et.','Quod dolor molestias quaerat sit.','Totam et vel mollitia sint facilis sit optio.','5',158,158),(159,'Et impedit sint accusantium consequatur magni qui sit dignissimos.','Quam minima nulla iste unde.','Id ipsa quidem et maxime.','Eius cupiditate provident consequatur aut voluptate.','115458958',159,159),(160,'Et quos aperiam harum modi quia nihil.','Et velit ut aspernatur soluta ut nihil.','A magnam harum ipsam consequuntur.','Aliquam doloribus voluptatum ipsa illum.','60318489',160,160),(161,'Consequatur qui odit aut corporis odio amet.','Consequuntur dolore est et hic recusandae possimus a.','Suscipit voluptatem porro quis qui sed sapiente dignissimos.','Ea aspernatur eveniet non qui animi.','',161,161),(162,'Assumenda quaerat iusto et enim libero reprehenderit.','Nostrum rerum possimus reprehenderit dolor sunt.','Maiores quia quos omnis vel quo.','Quasi sunt aut illo et blanditiis suscipit.','8120',162,162),(163,'Assumenda ratione eius dignissimos possimus.','Vel rerum quis aperiam.','Nihil qui consequatur sunt.','Repellendus ut velit eos totam laborum reiciendis.','80651521',163,163),(164,'Rem eos voluptas voluptas repellat dolorum quod.','Dignissimos nulla qui animi repellendus.','Dignissimos molestias sapiente et vitae cupiditate qui animi.','Omnis hic dolore voluptatum cupiditate.','',164,164),(165,'Quia exercitationem vero sed.','Perferendis unde voluptates ipsam velit possimus sit.','Et incidunt impedit architecto.','Quia doloremque qui amet distinctio.','55',165,165),(166,'Mollitia sint delectus perspiciatis sint non rerum modi.','Laboriosam enim neque beatae dolor tempora sit.','Sit quo voluptate impedit iste.','Culpa est consequatur ut dignissimos.','898',166,166),(167,'Maiores autem est et reprehenderit voluptas.','Voluptatem porro repudiandae nobis quia.','Eos qui consequuntur corporis dolores quod.','Officiis quia dolores eum esse nihil vel.','2',167,167),(168,'Fugit numquam sint voluptatum rerum laudantium quam quibusdam.','Rerum modi quibusdam qui architecto beatae omnis magni eos.','Vero laudantium delectus facere itaque officiis accusantium.','Aliquid dolor beatae dolorum autem sed.','6636',168,168),(169,'Excepturi ipsa ut non nesciunt ipsum.','Natus laboriosam incidunt alias quia sed.','Sunt non nesciunt ut praesentium.','Repudiandae ut blanditiis eligendi dolorum voluptatibus.','2',169,169),(170,'Repudiandae excepturi nobis atque repellat.','Omnis neque asperiores cumque saepe tempore accusamus.','Ut eos voluptas dignissimos sed ad quibusdam.','Nulla ut quidem voluptates omnis perspiciatis est.','34',170,170),(171,'Laboriosam beatae cum et similique omnis accusamus.','Eum fuga facere quis omnis eos.','Et tempore ab sit explicabo quaerat veniam.','Ab id sint vero explicabo perspiciatis.','4',171,171),(172,'Sapiente quibusdam blanditiis temporibus rerum aut deserunt.','Sunt et et blanditiis dolores provident.','Ullam esse ex fugit voluptatibus provident aspernatur repudiandae.','Qui et asperiores maxime eos rem eius ut similique.','763',172,172),(173,'Repellat aut sed et ad possimus est.','Expedita voluptates et dolor et et.','Occaecati eos et ratione veritatis ea.','Sed adipisci qui corporis ad.','6022',173,173),(174,'Sed et ullam expedita quisquam aut magni.','Recusandae est nulla rerum soluta at unde ab dolores.','Explicabo et sunt facere quae voluptas dolores fuga.','Nostrum reiciendis laboriosam fuga reiciendis fugiat placeat delectus.','24',174,174),(175,'Deserunt rerum esse unde error voluptate aliquid eveniet.','Error cumque eos hic nulla non.','Maxime officia aut qui illum autem.','Labore illum consequatur corporis a quam harum eos.','8610372',175,175),(176,'Laboriosam et distinctio non culpa molestiae ea aliquam in.','Aut consequatur cumque earum et.','Atque voluptas et cum at repellendus voluptas facilis occaecati.','Eius qui quaerat odit officiis rerum veniam aperiam doloribus.','29808',176,176),(177,'Voluptatem delectus consectetur dicta animi.','Reiciendis quis at molestiae neque.','Harum exercitationem eum voluptas quod et quidem explicabo officia.','Quia voluptatum quasi id nisi omnis nihil voluptatem.','97439',177,177),(178,'Sed minima occaecati numquam.','Necessitatibus aut dolores dolor pariatur cumque voluptates soluta.','Natus minima voluptas expedita ut beatae molestiae ea.','Sed numquam blanditiis consequatur commodi vitae esse exercitationem.','3705024',178,178),(179,'Et ad et minima dolorum nostrum.','Qui deserunt excepturi exercitationem unde quia rerum et.','Quia quia eius quaerat quis aut.','Esse debitis quam repellat voluptas delectus qui.','5604',179,179),(180,'Velit blanditiis expedita nobis quasi qui.','Totam possimus vel voluptatem earum dolor nam.','Consequuntur quidem veritatis animi velit omnis.','Ut magnam odio qui aperiam id.','250379',180,180),(181,'Ipsum voluptatem tempora quisquam quia ut voluptate.','Debitis quibusdam officia aut eum.','Et distinctio voluptas culpa eos ut cupiditate sit.','Sed quia dolor ea in cumque assumenda.','704',181,181),(182,'Cum explicabo illum enim ut reprehenderit cum.','Sapiente accusantium dolorum qui vel.','Maxime deserunt totam voluptatem ut dolor quis.','Recusandae sunt sunt maiores asperiores repellendus accusamus quia placeat.','74667',182,182),(183,'Numquam quo minus sit accusantium voluptas quam excepturi.','Vero repellendus alias fuga in reiciendis minima.','Nulla inventore minus rerum.','Aperiam qui facere blanditiis laudantium non ad vel non.','9306',183,183),(184,'Voluptatem dolorem et non rem enim ea consequatur.','Sed sequi ea quae animi.','Itaque impedit officiis dolores.','Similique dolore occaecati et voluptatem nobis id odio.','483',184,184),(185,'Et reprehenderit dicta nesciunt.','Et provident dolorem eaque veniam numquam qui.','Deserunt fugit corrupti ipsam laudantium.','Eligendi nihil tempore in.','40',185,185),(186,'Molestiae consequatur voluptates omnis.','Maxime iure at quibusdam et velit eveniet quia omnis.','Voluptates nisi iste explicabo in repellendus consequatur harum.','Et ipsam nihil laborum vitae dignissimos.','97',186,186),(187,'Eos minus nihil recusandae aperiam corrupti provident voluptates.','Dicta omnis laborum ullam odio dolorem.','Enim sunt porro officia explicabo sunt rerum corrupti.','Quasi quia quibusdam blanditiis quisquam.','407',187,187),(188,'Voluptatibus error neque officia qui et.','Distinctio sit omnis vitae ea.','Recusandae dolorem itaque illo ut sunt explicabo.','Est perferendis sint velit sit aliquam vitae et.','630',188,188),(189,'Magni occaecati nihil consectetur quo repudiandae qui.','Porro laboriosam atque repellat sapiente doloremque.','Exercitationem vitae et excepturi incidunt quasi.','Ut voluptatem deserunt et itaque.','5701319',189,189),(190,'Fuga id suscipit repellat nam excepturi rerum.','Sit perferendis ad esse cumque dolor amet.','Qui praesentium maiores totam fuga veritatis et aliquam.','Ipsum labore tempora ea.','1',190,190),(191,'In tenetur pariatur dolor corporis provident.','Vitae dolorem repellat temporibus et est nesciunt.','Non id ex animi natus similique repellendus laudantium.','Doloribus ullam quia nulla deleniti.','',191,191),(192,'Sit quisquam omnis quae commodi.','Alias temporibus quibusdam sit assumenda tenetur nihil mollitia.','Quod aspernatur autem consectetur iste quia laboriosam provident.','Voluptatibus unde impedit incidunt sit.','2711',192,192),(193,'Exercitationem cumque dolores voluptas expedita eaque voluptatibus.','Natus ipsa architecto molestias cumque porro atque tempora aut.','Enim voluptatem minus et eos.','Est provident ex et quo non inventore ab.','25',193,193),(194,'Architecto at voluptatibus et porro ipsum sed alias nam.','Est necessitatibus quo illo et autem.','Quasi minima reprehenderit corporis vel magnam repudiandae consequatur.','Perferendis maiores libero perferendis molestiae animi repellat.','8688872',194,194),(195,'At debitis perspiciatis explicabo maxime cumque veritatis.','Ut a officiis libero.','Aut est dolore earum non.','Dolores tenetur magni ut rerum.','2',195,195),(196,'Natus enim officiis quidem magni repudiandae.','Numquam nihil molestiae aut sunt labore dignissimos.','Quidem quia laboriosam illo natus qui vel.','Dolores vel dignissimos molestias expedita facere.','',196,196),(197,'Alias libero praesentium at possimus.','Ducimus quisquam vel officia illum soluta cumque.','Qui non voluptas magni ut vero.','Qui corrupti in quod quidem tenetur.','43539802',197,197),(198,'Ut et quod possimus velit minima quod sint.','Omnis quos quas vel.','Ab perferendis provident vel nesciunt.','Cumque atque est quia non harum architecto.','406758842',198,198),(199,'Et dolorem nobis mollitia omnis minima.','Voluptas consequatur non laboriosam consequatur quis.','Quos modi velit reiciendis quod.','Enim necessitatibus dignissimos quisquam voluptate.','184806064',199,199),(200,'Cum eligendi omnis aut sed tempore temporibus dolores itaque.','Hic occaecati assumenda quia laboriosam aliquid nesciunt.','Magni aut aut et quia.','Voluptas id impedit est reiciendis.','1',200,200),(201,'Dicta et repellendus iste deleniti atque molestias aut.','Iure nisi occaecati assumenda veritatis aperiam.','Sunt a quo perspiciatis dolorum pariatur consequuntur harum.','Alias fugit et suscipit at non necessitatibus laudantium velit.','',201,201),(202,'Dignissimos et iusto deserunt sit.','Id quo dignissimos dicta magnam animi.','Repellendus amet provident eaque blanditiis rerum.','Dolores dolorem deserunt earum molestiae non molestiae.','',202,202),(203,'Soluta necessitatibus omnis et quis vel ipsa laboriosam.','Alias recusandae consectetur numquam sed eum.','Qui id tenetur ipsum ut explicabo.','Molestias voluptatum eos repudiandae.','8093',203,203),(204,'Est hic in aut.','Odit illum tenetur autem voluptatem.','Doloremque nihil qui vel natus dolores assumenda saepe illo.','Dolorem nulla consectetur maxime sit distinctio eius debitis.','',204,204),(205,'Non reiciendis nam sed rem ab ut.','Et odit dicta corrupti aut saepe.','Laboriosam nostrum aliquid repudiandae reprehenderit omnis voluptates nihil.','Consequatur ipsam nemo qui expedita pariatur tempore.','94',205,205),(206,'Beatae dolores laborum quas dolores veniam voluptatem.','Ut veniam distinctio eius odio nulla ut adipisci molestiae.','Molestias non dolor tempora natus.','Et similique error consequuntur voluptatem quasi aut veritatis.','43',206,206),(207,'Omnis est sunt harum velit nihil.','Laborum laboriosam qui aut quasi inventore aut laboriosam.','Est quasi quaerat odit aut numquam consequuntur aut voluptatem.','Voluptates architecto voluptates beatae iste eveniet sapiente.','50341',207,207),(208,'Alias ut porro non recusandae aspernatur.','Fuga suscipit vel accusamus ab sint nihil.','Excepturi molestiae et laboriosam atque at.','Dolorem nostrum totam sit ut.','9',208,208),(209,'Illo blanditiis magni culpa molestiae accusamus voluptas.','Repudiandae repellendus et ad.','Nulla fugit totam sed sapiente aspernatur tenetur.','Consectetur non dolorem quisquam voluptatem tempore.','8',209,209),(210,'Mollitia vitae ullam laborum quae deleniti repudiandae adipisci eligendi.','Et aut et et.','Blanditiis magni eos et minima labore et odio porro.','Impedit recusandae in placeat fugit.','6964',210,210),(211,'Doloribus cupiditate odit et neque voluptatem.','Nisi recusandae a deleniti.','Hic maxime soluta debitis.','Eveniet autem reiciendis temporibus et.','266',211,211),(212,'A incidunt soluta reiciendis est aut ex itaque.','Aspernatur sed adipisci voluptatem assumenda veritatis saepe laborum.','Reiciendis et et et odit et velit.','Soluta in quia voluptas.','721159248',212,212),(213,'Doloribus nihil voluptates sed unde pariatur neque iure.','In dolor adipisci qui temporibus nam non reprehenderit.','Consequatur repellat molestiae amet porro id.','Dicta et aut hic assumenda libero necessitatibus.','982591820',213,213),(214,'Quis voluptas voluptatem omnis.','Exercitationem quasi quia aut id optio qui tenetur aperiam.','Aut laborum asperiores error sunt blanditiis.','Velit officiis qui dicta sunt dolor maiores tenetur.','92087289',214,214),(215,'Sunt fugit molestias rerum et.','Dolore fuga voluptas repellendus laborum rem.','Soluta ad iure aut dolores minima molestiae quo.','Non dolorum fuga fugit deserunt assumenda magnam eum.','52',215,215),(216,'Eaque accusamus rerum adipisci facere eveniet ea sunt similique.','Sunt quam et facilis itaque nihil error.','Mollitia culpa ut mollitia sequi error.','Eligendi deserunt amet excepturi qui libero qui.','99',216,216),(217,'Odio est molestiae cumque rerum eum id nemo.','Ipsum voluptatum fugiat qui soluta quod est.','Est inventore et ea dolor laudantium consectetur.','Occaecati saepe est quas nesciunt voluptatem.','402223',217,217),(218,'Tempore rerum in facere.','Ipsum ea sint qui reprehenderit alias.','Reiciendis perferendis sint ad magni sint quis voluptates.','Voluptate porro qui veritatis hic ullam.','4685',218,218),(219,'Iste fugiat reprehenderit quidem deserunt omnis.','Saepe repudiandae deserunt sit nulla adipisci ut.','Rerum omnis provident vel.','Consequatur excepturi eos repellendus qui qui deleniti nobis.','',219,219),(220,'Rerum mollitia pariatur odit.','Sequi aperiam eum architecto nam.','Officia itaque repellat praesentium qui eum aliquid omnis.','Itaque maiores aspernatur voluptas.','34714',220,220),(221,'Ut et necessitatibus dolor rerum et est architecto.','Vel et minima dolorum repellendus dolor blanditiis.','At quia illum est deleniti.','Rerum porro excepturi animi.','1412',221,221),(222,'Aut excepturi blanditiis soluta.','Necessitatibus suscipit eius quasi quis provident veritatis voluptatem quo.','Et distinctio quidem nostrum molestiae repellat.','Voluptas dolorem quibusdam quod minima.','1413',222,222),(223,'Nihil voluptate at assumenda ut sint reiciendis.','Dolores nam et rerum nobis tenetur.','Ut natus voluptatem consectetur commodi consequatur ut.','Vel explicabo sint dolores placeat sunt.','92',223,223),(224,'Consequatur doloribus ipsa eaque distinctio sequi laboriosam tempore.','Amet deserunt quae rem qui rerum.','Dolorum aut nostrum quia sint.','Aspernatur quasi quia eum molestias vel et.','',224,224),(225,'Magnam repudiandae nisi sed esse sit dolorem eos.','Inventore quam labore veniam est dolores error.','Non voluptatem eum odio voluptatem.','Consequatur possimus rerum quod itaque illo.','18065',225,225),(226,'Enim expedita consequuntur repellat cumque occaecati in architecto.','Ut dolorum voluptas quia ut similique.','Sapiente alias repellendus sunt excepturi necessitatibus maxime facilis.','Nemo sit pariatur sequi totam non mollitia.','678221750',226,226),(227,'Consequuntur sit tenetur eos magni.','At laboriosam aut maiores sed.','Expedita similique ipsum et et.','Explicabo perferendis fugiat est et.','921923104',227,227),(228,'Repudiandae expedita numquam qui culpa quibusdam qui rerum.','Occaecati omnis error voluptas et ratione iure.','Id porro enim commodi maiores.','Occaecati est soluta rerum sed ut non.','56902972',228,228),(229,'Debitis soluta ab repellendus aliquam.','Architecto nisi labore et sunt consequatur modi dolores.','Aut sint dolorem quis error blanditiis totam.','Aliquid tempora harum quae sunt sit quae.','4766311',229,229),(230,'Officiis explicabo autem labore tenetur ut optio voluptate.','Rerum rerum numquam quibusdam aut repellendus dolores impedit.','Fugit rerum architecto quasi numquam.','Recusandae sed placeat consequuntur dolore ratione atque qui natus.','196763',230,230),(231,'Quae illum vero est labore deleniti.','Nulla sapiente minus expedita sed delectus minus id.','Et quia quia mollitia laudantium.','Optio voluptatem alias accusamus.','604836',231,231),(232,'Quasi dolore natus cumque sit facilis officia.','Dolores quis officia dicta possimus quis eos numquam.','Quo et quaerat est est iste hic numquam.','Animi atque ut commodi eos incidunt ut facilis.','71',232,232),(233,'Illum amet quisquam et eos illum eos.','Asperiores non rem ut sed dolore libero quaerat pariatur.','Voluptatem explicabo beatae voluptatem ex.','Quia nihil consequatur natus porro iste.','520642781',233,233),(234,'Sit rem non eligendi voluptates doloremque expedita et.','Laborum iste quisquam perferendis sed minima pariatur.','Ut eum quia qui.','Assumenda eius error tempore optio explicabo.','5297967',234,234),(235,'Atque mollitia possimus in corporis enim facilis non voluptas.','Vel totam alias illum et illum.','Quis deserunt qui necessitatibus consequuntur.','Mollitia minus assumenda quis officia veritatis dolor.','514027',235,235),(236,'Eos voluptas nihil ad a dolor.','Corrupti et ab occaecati aut quod perspiciatis.','Delectus dolor inventore magnam ad non praesentium.','Cum velit quas aperiam sit velit.','7787',236,236),(237,'Ab ut ratione esse cum et enim.','Est quaerat doloremque aliquam doloribus dolor.','Nihil laboriosam aut in odit.','Omnis tempora inventore et dolore tenetur.','258369624',237,237),(238,'Aperiam quia beatae at eveniet.','Amet qui quo repudiandae.','Sed ea voluptas ut fugit cupiditate vitae omnis.','Velit delectus autem quia ipsam labore.','7',238,238),(239,'Magni perspiciatis ut officia omnis eos voluptatem veritatis recusandae.','Maiores et qui expedita ipsum eveniet aut excepturi ut.','Aliquid possimus culpa quas enim.','Voluptas aut aut aut et.','809818',239,239),(240,'Perspiciatis laboriosam adipisci est voluptate exercitationem inventore.','Inventore qui molestias quia qui rerum repudiandae.','Minus tenetur dolorem maiores.','Laudantium ullam consequuntur repudiandae voluptas nostrum sed.','20500',240,240),(241,'Laudantium ut maxime ut quis aspernatur.','Similique error odio labore nihil sint fuga aut.','Rerum eos quia possimus quam possimus.','Minima nostrum fugit cum eos iste voluptatum a.','9',241,241),(242,'In est omnis natus ea amet.','Voluptas quidem est mollitia optio non adipisci eum.','Dolore tempora asperiores non blanditiis ipsam eius deleniti.','Rem veritatis consequatur accusamus dolorem dolorem.','2050326',242,242),(243,'Et itaque ducimus unde sit quisquam dicta.','Sit et deserunt qui ea et ad.','Soluta voluptate tempore laborum minima.','Nihil id voluptatum id aut et officiis nobis.','19',243,243),(244,'Voluptatem molestiae optio et esse aspernatur.','Et voluptate voluptate aut cupiditate error.','Sequi debitis quidem velit consequuntur rerum nulla nihil.','Id odit aut autem iste ab voluptatem.','271852',244,244),(245,'Veniam pariatur animi repellendus quia vel.','Rerum et dolores voluptatem culpa et omnis natus.','Fuga quos molestias omnis aut.','Ipsum ipsum fugiat et soluta.','',245,245),(246,'Et sit ut temporibus sed maxime maiores.','Id nam dolorem eum quas quos molestiae.','Cum aut quis voluptas consequatur voluptatem.','Molestiae ducimus voluptatem perferendis praesentium.','372920',246,246),(247,'Suscipit neque molestiae quia dolores est voluptas qui.','Ut aut dolorum laborum libero totam ullam voluptate.','Adipisci odio suscipit minima ad.','Et et quisquam aspernatur qui corporis facilis perspiciatis rerum.','57549569',247,247),(248,'Est sed vitae repellat voluptates.','In aut et fugiat facilis blanditiis error.','Iure eligendi cumque quisquam earum ut.','Iusto tempore accusamus rerum beatae odio.','24',248,248),(249,'Amet explicabo nemo et atque non sed ratione.','Magnam natus nihil omnis eos.','Ea totam eum explicabo magnam nulla.','Aut pariatur id cum odio aut error quod.','39608905',249,249),(250,'Aspernatur aut aperiam provident accusantium alias.','Voluptatem rem corrupti explicabo suscipit aut.','Quia saepe officiis veniam repellat et consequatur nam.','Voluptas quia quibusdam quos ratione repudiandae.','4',250,250),(251,'Et mollitia consequatur vel voluptatum eum.','Nobis asperiores accusantium exercitationem aut in.','Minima enim esse illo eos officia.','Rerum culpa provident ad et similique quia.','1',251,251),(252,'Molestiae occaecati at quis quis nemo assumenda rerum.','Dolores atque aut quo ullam excepturi aut eaque.','Dolorem in qui qui sint consequatur ut voluptatem.','Porro doloremque minus omnis quidem harum rerum.','818291',252,252),(253,'Nulla est consequuntur ut hic voluptas.','Magnam asperiores assumenda quam molestiae unde omnis ut.','Officia numquam perspiciatis molestiae architecto exercitationem quia.','Itaque facere neque cumque illo voluptatem et.','',253,253),(254,'Qui a ut et nesciunt.','Eum quo dolor minima ut sunt possimus eum.','Quo sed culpa mollitia.','Cupiditate ipsum sunt corrupti.','142223',254,254),(255,'Dolores animi odit qui temporibus enim aut.','Nihil odio qui ut necessitatibus nihil autem possimus.','Molestiae ex sit minima ut autem ex officia.','Adipisci eum maxime at vel rerum.','963032',255,255),(256,'Voluptate dolore debitis nulla ut sed qui et qui.','Ipsum sunt est deleniti sed velit iure quia.','Iste perferendis laboriosam est sint.','Aut ut reiciendis sit et ipsum ut explicabo quisquam.','821',256,256),(257,'Sed repudiandae fugit dolor non rerum sit.','Corporis voluptatem est veritatis magnam eligendi delectus.','Ratione ad illum quidem veniam.','Sit ut distinctio ut ut non et ex.','52',257,257),(258,'Dicta eos officiis accusantium cum.','Id impedit natus corrupti.','Maiores nemo quia facilis enim.','Non in eum est eius repellendus possimus enim.','33121912',258,258),(259,'Ut vitae officiis illo nihil pariatur.','Possimus est et et fuga inventore culpa.','Sequi et totam hic sed recusandae.','Incidunt architecto nam omnis temporibus et.','875',259,259),(260,'Dolorum voluptatem sapiente officia dignissimos cumque.','Quibusdam dolorem vero sed.','Voluptas nihil impedit quas magni molestiae minus est.','Voluptatum velit iste excepturi ad.','',260,260),(261,'Eaque corporis qui sed aut error voluptas distinctio.','Pariatur labore sit quo aspernatur fuga.','Perspiciatis ad iusto aut mollitia temporibus labore nobis.','Exercitationem nulla optio et fugit voluptas.','593015776',261,261),(262,'Velit quia libero velit provident saepe voluptatem quis.','Consequuntur minima porro repellendus voluptas illo.','Aperiam qui omnis quia voluptatum repudiandae.','Corrupti possimus exercitationem totam aspernatur labore culpa ab.','46',262,262),(263,'Non et reprehenderit et et facere repudiandae.','Quidem doloremque et est nobis eius accusantium.','Voluptatibus vero dolor et minima blanditiis iusto natus.','Doloribus ut deserunt sit nulla ratione sunt.','9536',263,263),(264,'Modi doloribus animi quas numquam officiis rerum.','Est harum voluptas sed blanditiis praesentium est aut.','Nobis praesentium quaerat ea sed sint.','Cumque omnis eveniet et rerum inventore quia tempora.','61093',264,264),(265,'Omnis facilis deserunt aliquam quis cum id.','Et aut minus quod voluptatem dolore.','Ad tempora quos quasi debitis in.','In occaecati ut autem soluta aut.','',265,265),(266,'Voluptatibus voluptate ratione quasi quo occaecati velit voluptas fuga.','Autem nulla enim deleniti sed rerum iste ipsam.','Quod earum ab fugit architecto facilis repellendus dolor.','Ut dolores officiis voluptas quia accusamus.','54989573',266,266),(267,'Non error optio hic vitae ut quibusdam.','Voluptatibus reiciendis et ipsam provident cumque voluptatum.','Reiciendis facilis necessitatibus illo nihil nisi repellat praesentium ut.','Ipsum deserunt consequatur exercitationem voluptas modi saepe adipisci.','6',267,267),(268,'Quia itaque ex sequi praesentium dignissimos.','Eos qui doloremque sed autem omnis sunt.','Neque harum labore natus qui dicta qui.','Optio vitae neque iusto rem amet autem doloremque.','8664',268,268),(269,'Omnis labore qui voluptatem aperiam alias quis veritatis voluptas.','Cumque minima inventore provident consequuntur qui consectetur.','Est consequatur id error commodi nemo voluptas.','Non aspernatur saepe in non quidem sit dolor quasi.','434063',269,269),(270,'Non quis voluptatem eveniet rerum.','Sequi repudiandae adipisci soluta hic distinctio ut.','Iure ut debitis sint.','Pariatur corrupti iste saepe blanditiis voluptatem porro facilis.','3140',270,270),(271,'Deleniti sed quisquam explicabo.','Quo veniam aliquam quia impedit.','Eum fugiat officiis eum dolores possimus nam.','Quisquam odio sit laborum necessitatibus quis consequatur.','603434259',271,271),(272,'Fugit et sit ab nemo excepturi ut.','Soluta ratione inventore culpa rerum ea ut.','Quasi unde asperiores unde a.','Voluptatibus possimus corporis aut unde quia ut in.','80',272,272),(273,'Tempora quam quas laboriosam reiciendis.','Ab atque dolorem molestiae exercitationem voluptatibus.','Non eum quis vel assumenda atque.','Est ut maiores perspiciatis voluptatem voluptates explicabo pariatur.','53607921',273,273),(274,'Unde quo ab iste cum itaque.','Hic omnis rerum quis fugit.','Laborum voluptas aut cum sit.','Et rerum et molestias consectetur soluta.','3765',274,274),(275,'Eveniet quod et soluta ut numquam.','Sunt ipsam eius quam ex quod cum.','Nemo adipisci et quis similique reprehenderit cupiditate cum.','Veritatis tenetur in aut cupiditate ut ea fuga.','50',275,275),(276,'Sequi consequatur cumque perferendis eos ut id.','Dignissimos suscipit distinctio eaque adipisci harum aspernatur.','Dolor dolorum sit exercitationem sit enim.','Commodi est magnam ullam id rerum vero.','2327865',276,276),(277,'A cupiditate recusandae facilis placeat quam quam.','Laudantium deserunt nostrum accusamus consequatur a itaque.','Perspiciatis doloribus ut beatae quam.','Odit quia tempora et consequatur sapiente.','1',277,277),(278,'Sequi omnis consequuntur consequuntur deleniti nulla.','Et aut est illo consequuntur enim ipsum rerum.','Reprehenderit incidunt quos voluptate quisquam.','Pariatur facere culpa et ducimus ut nobis.','1',278,278),(279,'Quisquam exercitationem rerum qui est et autem.','Ipsam consequatur sequi rerum voluptatem non explicabo incidunt.','Voluptas sit provident beatae aut dignissimos aut.','Natus ea velit in vero laudantium quam animi.','1',279,279),(280,'Impedit eos voluptatem laudantium molestias ducimus voluptas consequatur.','Saepe laborum quia fuga.','Inventore itaque doloribus assumenda et veniam.','Sint tenetur quis dolor distinctio omnis nemo.','456588',280,280),(281,'Aut quam distinctio molestiae adipisci.','Labore mollitia fugit et omnis qui perspiciatis.','Iste nihil ut odit sunt.','Veniam et et nostrum velit aut blanditiis velit.','',281,281),(282,'Perspiciatis omnis eveniet minus mollitia aut corrupti.','Corporis repellendus ut qui deleniti corrupti quibusdam.','Sed et fuga eos quo repellat et.','Laudantium sit consequatur dolores.','380894403',282,282),(283,'Ut laboriosam sunt temporibus consequatur qui dignissimos voluptas.','Et id et fugiat est quo quo voluptas numquam.','Est ipsam labore dolor harum aut consequatur quas.','Asperiores quos molestiae qui eius voluptatibus incidunt et.','38',283,283),(284,'Aut provident esse necessitatibus vitae.','Quia iusto totam sed.','Sed impedit recusandae dolorum culpa aliquam.','Libero aliquid ducimus nam ut dolor in.','617',284,284),(285,'Expedita qui labore eligendi rerum.','Delectus inventore et sed saepe.','Vel nihil beatae est eum sunt.','Vero aut et velit et assumenda consectetur et.','',285,285),(286,'Ex officia dolorem accusantium molestiae eum non fuga.','Vel accusantium facere ea qui fugiat.','Earum reiciendis eos qui officiis labore nemo omnis.','Incidunt voluptatem non quis enim fugit harum molestiae.','',286,286),(287,'Esse quisquam sunt corrupti totam.','Ullam quis quo nihil.','Optio ea error unde et voluptatibus id consequatur.','Omnis iste impedit enim vitae quidem.','2026621',287,287),(288,'Deserunt ut amet dolores nihil dolorem dolores ut.','Voluptas illo accusamus quo similique qui doloremque asperiores.','Quo error asperiores delectus qui.','Eum adipisci et laudantium atque aut eos fuga.','3613',288,288),(289,'Quis ut saepe aliquam ut architecto.','Velit autem voluptatem deserunt dignissimos dignissimos voluptatem.','Impedit molestiae aliquam rem beatae ut harum.','Pariatur ducimus provident repellendus quo odio soluta.','240015',289,289),(290,'Impedit et earum dolores et et ad accusantium.','Quos placeat iure esse rerum molestias.','Incidunt et cupiditate voluptatem aut in.','Consectetur consequatur omnis molestiae ea.','31',290,290),(291,'Quo voluptatem iste qui asperiores.','Expedita sit quae dignissimos sed rerum amet.','Quia rerum est voluptates dolor est veniam eius voluptates.','Et enim nam rerum veritatis quae et.','957',291,291),(292,'Fuga quo optio et.','Error consequuntur voluptatem aliquam.','Hic ut sint libero pariatur.','Fugit et quod delectus et iste quia.','9811',292,292),(293,'Odit odit magnam ut eos nesciunt.','Corrupti deleniti corrupti quas sapiente error voluptatem debitis.','Voluptatem aut quidem vel rerum.','Quia hic occaecati voluptas et.','79',293,293),(294,'Voluptate amet minus amet dicta ut ipsam.','Ab voluptatem ut cupiditate nulla molestiae aut tempore.','Est et pariatur et dolorum repudiandae debitis repellendus recusandae.','Quo nisi omnis quia saepe quod aliquid sit.','696346',294,294),(295,'Repellat sunt maiores cum consequatur repellat consequuntur id.','Molestiae voluptatem quisquam voluptate ab asperiores.','Consequatur est nisi laborum rerum.','Id impedit autem voluptas voluptatem quo eius.','10577972',295,295),(296,'Quas aut soluta sint ducimus tempora ut officia.','Sunt non asperiores labore quasi quia.','Ipsa fuga dicta fugit temporibus nihil.','Expedita cupiditate adipisci consequatur molestiae.','978881736',296,296),(297,'Consequatur eaque ut aliquid quidem nihil quaerat corrupti voluptas.','Et labore ut recusandae et doloremque.','Accusamus natus illum numquam aut quae vero velit rem.','Iusto commodi possimus ut accusantium.','450',297,297),(298,'Quas dolorem quod qui quia pariatur.','Deserunt accusantium et cumque.','Dolor omnis aperiam aspernatur veniam.','Nobis dolores esse aut sapiente eum iure.','8262',298,298),(299,'Nulla est autem quis voluptatem molestiae quibusdam et quas.','Delectus dolores repellat dolor sapiente cum itaque.','Quam soluta rerum et aut et cumque.','Amet totam neque natus neque sed voluptatem occaecati quod.','7268052',299,299),(300,'Quam est excepturi est.','Quia ut soluta odit quia quia.','Voluptatum adipisci est enim est et magni quo.','Quia cum qui maiores minus.','978585363',300,300);
/*!40000 ALTER TABLE `files` ENABLE KEYS */;
UNLOCK TABLES;

--
-- Table structure for table `friends`
--

DROP TABLE IF EXISTS `friends`;
/*!40101 SET @saved_cs_client     = @@character_set_client */;
/*!50503 SET character_set_client = utf8mb4 */;
CREATE TABLE `friends` (
  `user_id` int unsigned NOT NULL,
  `profiles_id` int unsigned NOT NULL,
  `friend_id` int unsigned NOT NULL,
  `initiator_user_id` int unsigned NOT NULL,
  `friendship_status` varchar(100) CHARACTER SET utf8mb4 COLLATE utf8mb4_unicode_ci DEFAULT NULL,
  `friendship_creation` datetime DEFAULT CURRENT_TIMESTAMP,
  PRIMARY KEY (`user_id`,`friend_id`)
) ENGINE=InnoDB DEFAULT CHARSET=utf8mb4 COLLATE=utf8mb4_unicode_ci;
/*!40101 SET character_set_client = @saved_cs_client */;

--
-- Dumping data for table `friends`
--

LOCK TABLES `friends` WRITE;
/*!40000 ALTER TABLE `friends` DISABLE KEYS */;
INSERT INTO `friends` VALUES (1,1,161,1,'Iure eligendi nostrum perferendis. Voluptatem ut recusandae sed dolorem dignissimos. Nisi itaque in ','2012-08-03 16:56:28'),(2,2,124,2,'Sed minima distinctio mollitia iusto odit ut ut. Id consequatur aperiam ab voluptatem. Voluptates la','2018-04-13 08:17:48'),(3,3,144,3,'Et animi cum doloribus ut. Sint nihil dolor dolorem tempore non fugit beatae ab. Minus eum minima mo','2013-06-12 21:54:27'),(4,4,138,4,'Aut ut voluptatem nisi voluptatem delectus aut qui. Adipisci ut fuga reprehenderit repellat nisi dol','2013-09-27 21:12:55'),(5,5,213,5,'Ut est corporis mollitia aliquam qui sed. Explicabo officiis aliquid modi repudiandae. Cumque tempor','2021-09-29 21:42:03'),(6,6,280,6,'Vel doloremque aut saepe nam vel. Error aut voluptatem repellendus fugiat id ut porro. Ratione minus','2013-04-11 11:28:46'),(7,7,39,7,'Sit saepe ea soluta magni. Aut rerum ipsam pariatur inventore expedita. Ducimus blanditiis ratione u','2014-08-07 22:11:31'),(8,8,192,8,'Deleniti et nisi consequatur quibusdam. Distinctio velit nisi pariatur repudiandae consequatur hic n','2017-01-27 11:41:33'),(9,9,167,9,'Repellendus ut sed aut accusantium. Natus autem nihil iusto fugiat aliquid. Iste quos impedit occaec','2018-03-27 06:26:41'),(10,10,292,10,'Sit quia doloribus voluptatibus recusandae. Sit et sapiente eveniet qui eveniet magnam. Incidunt qui','2013-09-30 08:15:10'),(11,11,176,11,'Dolorum beatae quis iusto quia voluptates rem facilis. Accusamus cupiditate vel dolorem repellat. Qu','2012-11-19 18:27:59'),(12,12,291,12,'Rerum rerum quibusdam animi consequatur et vitae. Sequi eum explicabo officiis impedit. Facere quisq','2014-04-16 23:07:28'),(13,13,150,13,'At omnis quasi deleniti impedit. Molestias quaerat optio recusandae hic et delectus.','2013-03-22 21:02:39'),(14,14,57,14,'Expedita sed qui laboriosam quis quia qui quo. Et nesciunt ratione neque accusantium. Sed placeat ma','2015-08-01 16:00:53'),(15,15,258,15,'Nihil illum neque expedita. Odio sit quae cum aspernatur. Vitae aut et recusandae consequatur.','2020-10-13 15:03:54'),(16,16,237,16,'Vel quia sunt harum ex repellendus. Doloribus odio minima et magnam blanditiis. Aut rem sapiente pos','2021-11-10 08:34:07'),(17,17,136,17,'Ipsam quo velit tenetur quibusdam. Minus nisi dolores esse. Iure vel et ut sed.','2017-07-27 06:42:04'),(18,18,17,18,'Nisi enim impedit velit facilis ut ut. Eos nulla laudantium omnis quia laudantium voluptas.','2020-06-18 02:06:31'),(19,19,235,19,'Et provident quibusdam voluptates sint quibusdam reiciendis. Repellat labore maiores molestiae iure ','2012-02-13 03:28:02'),(20,20,66,20,'Assumenda at iste eum ullam aliquam quia enim quaerat. Explicabo aspernatur temporibus ullam quaerat','2015-02-25 07:55:10'),(21,21,74,21,'Quis dolorem perspiciatis omnis harum. Autem quia quam aut. Voluptatem quam eaque et quis et sequi v','2015-01-27 21:28:09'),(22,22,300,22,'Aut necessitatibus nostrum eum laudantium voluptatibus non. Nisi necessitatibus labore ut. Architect','2014-02-01 01:28:39'),(23,23,159,23,'Molestiae nisi quisquam officiis cumque dolores sint. Modi pariatur qui est ullam. Corporis quia tot','2019-11-13 12:47:39'),(24,24,185,24,'Quisquam eum vel laudantium aut pariatur est ipsum quod. Similique adipisci et est blanditiis. Expli','2017-12-08 20:35:00'),(25,25,141,25,'Aspernatur quam mollitia error id reiciendis tempora. Nihil a natus autem reiciendis illo autem. Per','2018-01-31 17:24:19'),(26,26,132,26,'Sit consequatur et ut fugiat quos similique. At repellat rerum et.','2013-06-23 20:59:52'),(27,27,134,27,'Nam ducimus ut dolorem veritatis voluptas. Neque id consequuntur voluptas in numquam. Dolore consequ','2018-01-21 14:06:08'),(28,28,133,28,'Illum sed totam nam. Rerum nihil fuga ipsa harum quia et est. Corrupti pariatur totam sapiente enim ','2017-08-22 05:35:10'),(29,29,14,29,'Et deleniti aut quasi rem explicabo earum esse. Est vitae neque autem sed aliquam eligendi. Culpa fu','2019-07-16 12:37:31'),(30,30,294,30,'Eaque aut a error quis. Molestiae quia ad et quo. Et sit quia est iure consequatur.','2018-08-10 23:08:09'),(31,31,257,31,'Sed rem quo impedit quod. Eligendi laboriosam esse placeat amet dolores nostrum quibusdam. Totam nos','2019-03-05 11:24:33'),(32,32,187,32,'Necessitatibus corporis atque eaque et. Consequatur quae inventore quo officiis. Omnis recusandae ni','2014-02-18 23:26:27'),(33,33,277,33,'Fuga eius sint nostrum dignissimos magni explicabo aperiam. Aut reiciendis quod sit quas corrupti qu','2020-01-16 01:09:45'),(34,34,154,34,'Ab in a quia rerum consequatur velit. Omnis nostrum quo ratione consequatur. Tempora in dolorum illo','2019-02-10 11:32:42'),(35,35,78,35,'Ducimus id sit earum dolorem ut mollitia possimus. Eum ex eum deleniti ut quis est. Totam aut tenetu','2014-03-18 03:52:29'),(36,36,293,36,'Libero ex harum odit optio assumenda tempore ut laboriosam. Omnis in maiores et cum quae. Sed cupidi','2014-07-09 16:53:42'),(37,37,65,37,'Aliquam harum nesciunt sequi tenetur aperiam ea. Molestiae et possimus voluptatem est facere qui con','2019-06-06 17:46:51'),(38,38,125,38,'Ipsa voluptatem eius rerum doloremque omnis minima harum. Consequatur in modi dolor. Et ad aspernatu','2019-09-03 15:25:06'),(39,39,131,39,'Laudantium aut veritatis incidunt. Nostrum cumque et recusandae non et sunt aut. Architecto aliquid ','2020-03-09 17:16:17'),(40,40,260,40,'Est tenetur amet et dolores repellendus quisquam esse. Adipisci similique soluta quae atque. Asperna','2018-05-29 13:43:14'),(41,41,243,41,'Omnis eveniet dolores non voluptas est totam. Eveniet beatae fugiat est fuga qui. Esse et vitae sequ','2017-12-18 11:58:26'),(42,42,246,42,'Deserunt alias qui consectetur accusamus in. Alias enim molestiae odio sed vel. Ducimus et rerum dol','2020-12-22 06:52:36'),(43,43,112,43,'Quam et sit dicta officia quia pariatur. Minus sit numquam dignissimos aut. Illo consequatur quis co','2014-11-26 22:26:27'),(44,44,206,44,'Voluptatem molestiae enim cum rerum aut impedit sapiente sint. Libero animi illo nobis a nihil ut. T','2013-01-10 02:23:21'),(45,45,22,45,'Maiores non eaque ipsa magnam dolorum. Molestiae eius blanditiis ipsam sed corporis et. Aspernatur d','2019-09-08 07:46:04'),(46,46,12,46,'Consequatur excepturi temporibus labore quibusdam ea consectetur. Nesciunt qui veritatis accusamus q','2019-05-19 05:28:12'),(47,47,253,47,'Culpa nihil aut et iste. Molestiae commodi sit et voluptatem.','2020-09-15 03:29:17'),(48,48,211,48,'Et sed et enim est. Ut et perspiciatis dolorem veniam repudiandae veritatis hic. Dolorem omnis volup','2015-03-23 17:42:59'),(49,49,35,49,'Atque rerum aliquid amet sit. Ratione et voluptatem adipisci quisquam repellendus. Et est ut occaeca','2017-11-23 02:22:10'),(50,50,40,50,'Quia consequatur voluptas ea quidem et asperiores est. Facere nisi explicabo ea impedit sit voluptas','2013-09-22 14:49:56'),(51,51,219,51,'Et doloribus corrupti non sit. Tempore nesciunt odio exercitationem voluptatem delectus illo. Saepe ','2018-03-09 10:20:18'),(52,52,79,52,'Vero sint nemo aliquid quis. Adipisci perferendis enim saepe eos vel. Adipisci itaque pariatur maior','2014-01-08 22:01:10'),(53,53,178,53,'Non ullam doloremque voluptates in minima optio. Cupiditate qui illo aliquid.','2015-03-11 22:46:33'),(54,54,52,54,'Consequatur error et est nemo et veniam. Hic consequatur non laborum quod a esse aut.','2012-10-17 19:15:50'),(55,55,50,55,'Illo debitis in recusandae et hic. Architecto maiores nostrum quo distinctio. Consectetur laboriosam','2016-10-01 09:00:37'),(56,56,212,56,'Autem quia at ipsam voluptas quia eaque quidem qui. Quia cum fugiat similique et. Dolor atque vitae ','2021-08-22 11:46:41'),(57,57,227,57,'Et eos dolores ducimus est. Aut minima sit repellat eum. Nemo nesciunt temporibus sint pariatur at. ','2021-09-19 15:07:32'),(58,58,222,58,'At perspiciatis non voluptatem molestiae aliquid accusamus consequatur aliquid. Sapiente maiores sun','2019-03-08 01:33:56'),(59,59,274,59,'Quod fuga odit nihil qui culpa sunt ea quis. Qui quia ut repellat adipisci voluptatem quibusdam. Nes','2015-07-06 20:25:37'),(60,60,233,60,'Fugit et eos deserunt cumque et. Eum minima ullam et ut iusto omnis eaque. Qui dolorem magnam qui ma','2020-09-01 11:09:27'),(61,61,262,61,'Natus ipsum sequi odio et hic a. Voluptatibus quia quaerat in. Quos dolor praesentium id sint nihil ','2021-04-06 18:05:44'),(62,62,33,62,'Rerum ea quaerat ut a doloribus eligendi sunt aspernatur. Et quam velit perspiciatis eius. Sed non l','2020-09-13 12:18:40'),(63,63,94,63,'Culpa doloribus omnis voluptas nemo numquam laboriosam autem modi. Ea molestiae eos nobis placeat di','2012-05-28 18:05:53'),(64,64,4,64,'Eum deserunt aliquam dolorem ullam. Impedit magnam est repellat ab. Ex recusandae voluptates asperna','2018-03-14 17:07:44'),(65,65,157,65,'Commodi sit perspiciatis dolorum et reprehenderit eaque. Quod consequuntur labore maiores.','2017-07-28 19:22:38'),(66,66,129,66,'Unde tenetur vel eligendi. Et aspernatur in et. Nesciunt earum veritatis amet est aut.','2012-12-03 13:15:40'),(67,67,228,67,'Illum nisi qui dolores in. Error perferendis et voluptatibus corporis. Voluptatem quia velit ea blan','2014-11-11 11:19:28'),(68,68,207,68,'Occaecati facilis ipsam quo sapiente. Non id harum dolore consequuntur. Molestiae exercitationem num','2020-05-07 07:35:30'),(69,69,278,69,'Consequatur rerum quisquam quis nemo laboriosam facere id. Fugiat impedit aperiam qui.','2017-06-20 09:44:12'),(70,70,45,70,'Ea et quia ipsam exercitationem praesentium optio voluptas. Nam qui delectus ad enim illo soluta. Es','2018-08-18 01:53:56'),(71,71,75,71,'Ut maxime ea dolores quibusdam dolore. Et voluptas accusamus excepturi ut. Sed earum in optio volupt','2019-05-29 06:12:21'),(72,72,191,72,'Alias modi veniam delectus ut neque amet. Voluptas laudantium nobis nobis omnis accusamus. Iusto et ','2012-10-09 20:46:02'),(73,73,110,73,'Doloremque saepe est est reiciendis eligendi maiores. Facilis harum ratione magni labore aut eius qu','2014-05-08 14:54:43'),(74,74,251,74,'At dolores voluptates tempore corporis ipsam amet. Et qui omnis odit. Nam qui accusamus est quibusda','2012-03-16 19:30:51'),(75,75,286,75,'Iure recusandae animi eligendi non facere illum sequi. Officiis minus voluptatem ullam aliquid odit.','2018-12-28 03:54:31'),(76,76,181,76,'Necessitatibus quae consequatur amet excepturi aut exercitationem atque saepe. Placeat quos omnis qu','2015-06-20 02:07:04'),(77,77,254,77,'Voluptatem quis iste et fugit. Cupiditate aspernatur velit occaecati eum provident. Itaque ea non do','2019-03-15 07:28:32'),(78,78,119,78,'Aut enim nihil et architecto laudantium doloremque et. Omnis quam repellat voluptatibus maxime rerum','2019-09-11 10:54:07'),(79,79,67,79,'Vitae sit eveniet repellendus et id velit. Itaque iure facilis hic temporibus. Blanditiis aliquam vo','2021-09-03 21:20:18'),(80,80,289,80,'Soluta perspiciatis fugiat ab non. Laboriosam harum eveniet reprehenderit voluptatem sit suscipit to','2012-07-18 17:22:55'),(81,81,38,81,'Qui sint libero quisquam voluptatibus suscipit. Odit odit consequatur iure eveniet. Est autem enim p','2020-07-04 12:35:21'),(82,82,182,82,'Doloremque qui aspernatur maiores et omnis odit. Dolores dicta aut eaque aut corporis sint. Est odio','2021-04-29 15:23:15'),(83,83,162,83,'Dolores nesciunt dolor architecto. Porro ea rerum vero modi. Minima autem qui molestiae. Illo ration','2015-06-20 03:35:57'),(84,84,148,84,'Voluptates nulla saepe ea et et. Dolorum quis dolorem assumenda nam. Officiis sunt harum fugiat inci','2021-01-01 20:59:05'),(85,85,25,85,'Deleniti reiciendis et quos est ex autem. Illo dicta et dolores molestias. Voluptatem optio ut ipsam','2017-03-22 16:55:43'),(86,86,168,86,'Nisi molestiae ipsum quos fuga sapiente illum. Unde ex dolores nihil rerum. Beatae beatae animi temp','2013-09-07 07:41:15'),(87,87,188,87,'Est nulla voluptas sit aut dolorem delectus. A nobis quaerat consequatur ut quis molestiae. Providen','2019-05-23 12:18:33'),(88,88,93,88,'Id et sapiente accusamus corrupti. Voluptatem voluptate ea quibusdam veritatis molestiae omnis aut l','2018-02-16 08:23:41'),(89,89,297,89,'Totam eos voluptatum error suscipit eius ex. Illum optio sed doloribus autem esse aperiam vero. Cupi','2012-06-19 23:08:35'),(90,90,130,90,'Sequi vel vitae pariatur ex blanditiis et in iste. A vitae autem aut libero autem quae illum. Quia r','2018-09-11 17:55:34'),(91,91,104,91,'Libero et sapiente distinctio quis est distinctio dolorum. Officiis vero deleniti quia earum. Unde v','2016-02-16 22:33:16'),(92,92,64,92,'Cum eum maiores accusamus est sit. Quas eos suscipit et consequatur sit. Sed itaque praesentium ut q','2013-01-04 16:37:52'),(93,93,255,93,'Earum voluptas laudantium veritatis dolor enim tenetur. Deleniti rem architecto quisquam sint animi ','2020-02-29 06:56:47'),(94,94,241,94,'Dolorum qui nesciunt eius ut qui non similique. Amet enim rerum id non omnis aut qui est. Tempore au','2013-04-13 05:00:00'),(95,95,179,95,'Facere nisi quae et molestiae id dolorem illum. Officiis quas deleniti aut harum velit itaque. Nihil','2014-05-12 14:24:53'),(96,96,269,96,'Architecto nostrum in mollitia dolorum. Excepturi impedit necessitatibus aut sequi et est. Non fuga ','2021-10-29 02:52:10'),(97,97,5,97,'Veritatis distinctio suscipit sunt ut ex ad. Debitis voluptas unde excepturi voluptatem. Natus porro','2017-08-12 00:34:57'),(98,98,165,98,'Odit voluptatem quas qui id magni aut eos. Iusto consectetur eum pariatur sit non. Repellat voluptat','2020-12-29 23:11:48'),(99,99,27,99,'Laboriosam sed et doloremque quibusdam distinctio id earum. At sit soluta nihil ducimus ullam aut de','2014-05-24 08:39:55'),(100,100,218,100,'Et soluta alias commodi magni et vel. Aut non tempore velit maxime laboriosam. Voluptatem dignissimo','2020-03-08 15:08:09'),(101,101,3,101,'Et et quia omnis ut tempora. Nam necessitatibus alias delectus esse distinctio accusantium itaque. E','2017-06-15 23:54:18'),(102,102,197,102,'Consectetur voluptas autem autem autem cupiditate. Deleniti iusto beatae aperiam. Omnis cumque vero ','2021-09-25 19:15:19'),(103,103,236,103,'Voluptatem ullam nobis architecto molestias voluptatem. Amet dolorem pariatur numquam dignissimos. Q','2015-06-12 16:01:45'),(104,104,70,104,'Sit quos molestias est doloremque aperiam. Inventore enim inventore quo ipsa tempora fugiat. Est ver','2018-07-28 15:16:01'),(105,105,259,105,'Voluptas reprehenderit beatae illum cum suscipit aut recusandae. Dolor at doloribus rem necessitatib','2016-04-11 18:20:53'),(106,106,151,106,'Est mollitia animi assumenda cum quam nihil. Deleniti consectetur vitae eos laudantium voluptates mi','2018-10-06 16:43:59'),(107,107,92,107,'Aut eos harum ipsa neque. Asperiores dolores atque harum dolorem doloribus. Eligendi quisquam quaera','2021-07-04 15:51:52'),(108,108,245,108,'Est omnis qui magnam laboriosam et non. In facere reiciendis modi nostrum. Dicta modi corrupti labor','2017-11-10 22:07:23'),(109,109,199,109,'Dignissimos laborum nihil dicta quod eum. Aperiam sequi dicta ut quidem vero nisi. Porro voluptate q','2014-10-15 10:32:04'),(110,110,172,110,'Nihil consectetur voluptatum autem voluptatem quia incidunt. Consequatur ut illum accusantium volupt','2012-07-27 14:33:52'),(111,111,209,111,'Qui reprehenderit numquam aliquid est dolor nostrum atque ab. Ut unde doloremque eos explicabo ad.','2012-12-11 07:19:29'),(112,112,279,112,'Corrupti animi nulla aspernatur amet recusandae officiis. Quaerat voluptatem quas aspernatur. Aliqui','2017-04-26 23:29:35'),(113,113,1,113,'Vel ut quaerat sit reprehenderit. Ut qui ad non cumque voluptatem ab. Sit ullam tenetur recusandae d','2018-12-25 07:50:29'),(114,114,106,114,'Eveniet eveniet autem officiis dignissimos quo et. Quis et ut tenetur eligendi magni ducimus sequi. ','2013-04-02 02:53:31'),(115,115,295,115,'Repellendus voluptatem deserunt error repellat debitis et iure. Autem vel autem animi eligendi nobis','2021-12-27 19:31:48'),(116,116,135,116,'Quidem reiciendis dolores enim quam sit nulla consectetur ullam. Dolor eum reiciendis culpa et. Ut e','2018-12-02 06:29:24'),(117,117,101,117,'Sunt velit consequuntur minus animi et ab vero. Qui quia a mollitia nesciunt. Est perspiciatis labor','2013-11-17 05:01:38'),(118,118,205,118,'Rem voluptatem iure aliquid illum aspernatur a. Corrupti consequatur et unde omnis quia. Magnam sequ','2012-02-23 04:18:06'),(119,119,10,119,'Ut accusamus nobis ad. Minus quisquam nihil eum id consequatur nobis molestiae. Eaque quis officia a','2014-09-14 21:23:59'),(120,120,103,120,'Libero nihil porro incidunt eos ut debitis. Omnis fugit in nisi pariatur dolore reiciendis. Quos vol','2014-12-07 21:49:34'),(121,121,31,121,'Doloremque temporibus ab omnis repellendus animi quam. Repellat ut corrupti saepe excepturi quis ips','2020-03-13 04:32:42'),(122,122,127,122,'Sunt eos voluptatem facilis alias. Voluptatem sunt placeat et occaecati sed qui odit. Commodi labore','2017-02-12 22:23:20'),(123,123,256,123,'Ut aut fugit adipisci illum. Tempore nihil earum dolore vitae accusamus unde maxime. Possimus distin','2012-12-29 18:20:31'),(124,124,61,124,'Alias reprehenderit incidunt sed ut fugit ea. Amet exercitationem possimus voluptas qui. Minima itaq','2020-07-17 04:10:18'),(125,125,270,125,'Expedita consequatur quis cum error soluta sint vero. Nesciunt vitae sint aliquam. Nobis et voluptat','2014-12-16 16:16:44'),(126,126,169,126,'Architecto ipsam nam ex explicabo consectetur. Voluptas ipsum perferendis dolorem minus eveniet ab.','2014-10-05 02:38:21'),(127,127,160,127,'Repudiandae omnis maxime sunt veniam id qui cupiditate. Nesciunt non praesentium dolores et similiqu','2014-08-17 12:32:09'),(128,128,225,128,'Odit doloremque qui quia odit quaerat quasi aut. Dolor maiores doloribus sint ipsa sunt. Aut nemo ea','2016-08-01 01:21:45'),(129,129,174,129,'Ullam id quia in quasi ipsam ut voluptates. Blanditiis aut aut quo eum et voluptas inventore maxime.','2017-07-11 04:43:47'),(130,130,216,130,'Eaque quibusdam eaque expedita magnam enim laborum repudiandae. Occaecati exercitationem ducimus sun','2019-05-25 17:50:24'),(131,131,244,131,'Culpa nulla provident ipsam molestias at nobis. Consequatur quae aspernatur est adipisci.','2018-02-18 06:26:03'),(132,132,63,132,'Sit culpa ab qui architecto. Cupiditate quibusdam exercitationem quis est magnam. Id consequatur inv','2020-12-31 02:59:10'),(133,133,53,133,'Dicta molestiae aliquid ducimus dolorem facere. Doloremque omnis consequatur neque nihil nihil eos s','2015-09-10 21:17:09'),(134,134,96,134,'Sint ut dolorum exercitationem. Alias placeat quia veritatis alias voluptas ut. Harum qui harum aspe','2019-11-16 20:54:10'),(135,135,288,135,'Ut sunt mollitia porro qui. Totam officia dolores suscipit autem ad. Voluptatum excepturi blanditiis','2017-12-10 08:10:32'),(136,136,173,136,'Rerum voluptatem et odio delectus quibusdam aspernatur maiores. Provident necessitatibus sunt quisqu','2012-10-18 06:43:21'),(137,137,7,137,'Voluptatem distinctio modi enim doloremque necessitatibus et pariatur. Aut numquam quod illo quia si','2018-05-11 06:26:00'),(138,138,224,138,'Esse nemo velit quia voluptate soluta corporis. Vitae sed voluptatem aliquam velit laboriosam. Offic','2017-12-01 17:29:51'),(139,139,90,139,'Accusamus corporis voluptas quia ratione ut quisquam molestias consectetur. Sunt aliquam et veniam e','2021-11-29 06:19:00'),(140,140,210,140,'Consequatur id dolores ducimus rem sapiente cum dolorem. Ut nobis dolore nesciunt repellendus at vol','2021-03-17 03:35:30'),(141,141,285,141,'Voluptatum inventore aut quo voluptatem sapiente. Sunt autem nulla ullam.','2015-05-02 07:36:43'),(142,142,48,142,'Voluptatem laboriosam quo officia mollitia nulla. Iusto mollitia officiis recusandae nesciunt occaec','2015-09-04 15:11:38'),(143,143,193,143,'In commodi provident perspiciatis doloribus quam maiores. Autem ipsa qui commodi beatae omnis at. In','2019-12-01 01:17:39'),(144,144,11,144,'Beatae id debitis nam aut laboriosam veritatis officia. Laborum a distinctio non sequi magnam. Adipi','2019-06-18 15:17:00'),(145,145,95,145,'Blanditiis dolorem dolores consequatur et repudiandae. At ea harum culpa tempore autem recusandae. A','2016-10-31 06:59:55'),(146,146,183,146,'Nemo repellendus repudiandae sapiente nisi enim incidunt eligendi. Beatae repudiandae voluptatem dol','2019-06-09 19:34:55'),(147,147,272,147,'Et aut cupiditate placeat consectetur et quos laborum. Ea alias minus qui labore. Deleniti aut ut vo','2013-04-28 14:04:54'),(148,148,156,148,'Ipsa repudiandae inventore esse fuga nesciunt dolor eveniet. Eligendi repudiandae cupiditate autem v','2020-11-26 22:25:41'),(149,149,196,149,'Quisquam sit cupiditate cum aliquam earum. Aut eveniet aut velit accusantium architecto amet. Facili','2014-03-27 01:33:12'),(150,150,26,150,'Ullam quas cumque et ut enim. Nostrum repellendus nihil similique blanditiis.','2017-03-17 19:42:42'),(151,151,198,151,'Unde recusandae minima aut velit quas sed. Veniam autem non dolor molestiae. Aliquam dolorem quia qu','2018-01-07 11:20:04'),(152,152,229,152,'Tenetur sequi fugiat enim non eum voluptatem voluptas. Molestiae ex perferendis nesciunt debitis dol','2020-08-06 12:20:05'),(153,153,282,153,'Quo aut officia aliquam quos. Suscipit incidunt nihil quisquam voluptas ut corrupti quidem id. Dolor','2019-08-02 23:57:21'),(154,154,114,154,'Accusantium sint error nemo molestiae. Occaecati unde quia in provident. Ut delectus itaque harum cu','2015-04-02 16:41:38'),(155,155,85,155,'Harum minima alias repudiandae veritatis sit doloribus. Ea et sint laborum laboriosam dignissimos no','2017-10-12 21:19:35'),(156,156,265,156,'Et ab voluptate et nemo vitae repellendus tenetur asperiores. Inventore rerum ea quam suscipit dolor','2018-12-02 10:05:28'),(157,157,121,157,'Quis ab non enim in ut velit. Vel accusamus nihil perferendis qui exercitationem ex magni non. Est o','2020-06-30 08:02:20'),(158,158,68,158,'Sint similique eos expedita et laudantium ea molestiae. Alias consequuntur eveniet ipsum id doloribu','2018-05-27 01:59:29'),(159,159,247,159,'Hic saepe enim modi amet eos. Et id et vel quia. Tempora numquam iste et. Sit consequatur exercitati','2019-08-13 05:55:36'),(160,160,249,160,'Sit voluptatem distinctio nemo et omnis sequi non. Velit non voluptatibus ipsum. Reiciendis incidunt','2021-12-07 09:35:30'),(161,161,60,161,'Non ipsam voluptatem eligendi. Ex sit autem alias quia quia dolor nulla voluptas. Quod dolor impedit','2017-04-08 14:29:32'),(162,162,122,162,'Qui ad id facilis ducimus. Sed natus eius dolorem eos fugit. Doloremque et expedita vel vitae. Digni','2013-09-18 08:58:43'),(163,163,16,163,'Et modi in quas officia nesciunt sunt nisi eos. Sint quasi repellendus occaecati rerum sit. Labore e','2020-05-05 20:10:25'),(164,164,73,164,'Et praesentium et quam voluptas aliquam fugiat. Ab corrupti soluta incidunt et asperiores. Officiis ','2014-03-20 18:23:15'),(165,165,56,165,'Maxime soluta nam aut laudantium. Fugiat enim dolorem dolor quia non.','2012-05-24 12:36:24'),(166,166,29,166,'Quia et et inventore pariatur veritatis quia perferendis. Sed laborum et non tempora reprehenderit n','2017-09-18 20:02:07'),(167,167,97,167,'Reiciendis enim autem tempora fugit laborum sint corrupti. Occaecati harum illum quis impedit. Paria','2018-03-05 11:57:03'),(168,168,273,168,'Nihil doloribus numquam molestiae. Natus soluta omnis id sunt. Corporis minus voluptatem quia numqua','2014-12-16 12:59:18'),(169,169,62,169,'Non quidem voluptatem deleniti qui voluptas rerum asperiores. Deserunt alias at sint sit. Dicta tota','2014-03-31 20:23:13'),(170,170,180,170,'Id non aspernatur nisi. Consequatur assumenda autem debitis sunt. Voluptatem est esse libero officii','2015-05-15 04:10:45'),(171,171,126,171,'Rem omnis officia aut mollitia nesciunt nihil est et. Laboriosam pariatur laudantium praesentium ist','2014-04-26 10:36:46'),(172,172,120,172,'Voluptates repellendus ut minima laborum quia est commodi. Quo veniam qui et commodi corporis explic','2016-08-21 12:49:12'),(173,173,152,173,'Repudiandae nihil et doloribus quis. Eligendi quia vel cumque consequatur. Deserunt et occaecati arc','2019-01-19 08:44:54'),(174,174,8,174,'Rerum quia enim nobis qui. Non molestiae sed molestiae architecto amet cum dolores facere. Rerum qui','2015-01-30 21:58:25'),(175,175,47,175,'Minima expedita quae ipsam eveniet et qui. Et non velit ullam ex et ducimus voluptatem. Nobis iusto ','2018-10-02 20:38:08'),(176,176,146,176,'Consequatur qui error incidunt dolore magnam. Aut rem ut repellat hic et. Tenetur et et officia qui ','2014-11-12 19:50:14'),(177,177,100,177,'Quibusdam quisquam et consequatur saepe. Laudantium laudantium doloribus accusantium placeat. Volupt','2014-03-23 02:53:46'),(178,178,186,178,'Totam sequi et quam doloribus ea voluptatem velit. Aliquid nostrum distinctio sint sed perspiciatis.','2013-11-09 21:54:20'),(179,179,287,179,'Aut quos quo dolor aliquid consequatur quibusdam voluptatem. Distinctio enim dolorem excepturi exped','2021-05-09 22:38:35'),(180,180,23,180,'Et possimus vel et quidem ullam voluptatem. Officiis a enim consequuntur soluta. Est molestiae tempo','2018-04-12 08:17:27'),(181,181,163,181,'Ea quia non similique natus amet. Qui mollitia minus porro molestias. Dolore commodi non ab aliquam ','2018-07-03 04:10:04'),(182,182,143,182,'Et ipsa unde laudantium expedita. Aperiam nihil quo maxime sunt doloribus ea. Neque et enim laborios','2013-01-13 22:59:33'),(183,183,234,183,'Enim aut dolor quae sequi. Iure quidem et quod animi accusantium. Recusandae libero illum et. Quia a','2016-03-18 02:45:52'),(184,184,99,184,'Cum illum officia sed velit eum. Et asperiores deleniti rem aut aut facilis sint. Voluptatem explica','2020-11-19 21:07:39'),(185,185,201,185,'Et at quia illum et dolorem enim et. Voluptatem aut quidem doloremque ipsam. Quisquam amet ut conseq','2016-09-21 20:17:23'),(186,186,208,186,'Similique dolor omnis ad sit. Cum minima quia sequi et similique molestiae sequi. Aut earum rem ea. ','2016-07-13 13:42:46'),(187,187,37,187,'Atque delectus sit occaecati quae ullam. Quae in est et aperiam nihil eos dolorem. Aliquam totam fug','2016-02-28 22:01:31'),(188,188,128,188,'Officiis id labore est odit laudantium. Quod et ipsa illum ut et. Libero deserunt possimus culpa rep','2017-04-30 03:40:14'),(189,189,145,189,'Totam modi itaque ut. Enim modi voluptas voluptas mollitia eum dolore officiis. Possimus expedita ma','2021-02-15 19:20:31'),(190,190,59,190,'Doloribus nulla sed quo fuga aut et labore. Quasi sed quia quam sint incidunt distinctio. Iure qui i','2018-03-02 01:53:05'),(191,191,264,191,'Dicta incidunt cum cumque alias blanditiis numquam. Fuga nihil harum dolorem ea animi dignissimos do','2016-11-28 09:46:30'),(192,192,242,192,'Ab qui illo harum modi. Vitae autem qui quia quos. Dicta quasi minus ab doloremque.','2017-01-07 01:48:41'),(193,193,118,193,'Accusamus molestiae eaque officia. Aut quis consequatur qui perferendis dolore commodi voluptatum. C','2016-04-03 13:23:15'),(194,194,82,194,'Fuga modi corporis consequuntur rerum quaerat occaecati. Aut sequi et rerum quia at quam consequatur','2020-02-01 15:37:55'),(195,195,239,195,'Porro reprehenderit nulla sunt dolor sed. Qui odio ipsum omnis repellat voluptas cupiditate ut alias','2014-09-18 13:49:50'),(196,196,113,196,'Voluptas dolorum dolor id sint dolor laudantium. Tenetur voluptatem quas qui occaecati. Voluptas del','2020-11-20 12:47:34'),(197,197,15,197,'Aut fugit dignissimos et natus. Accusantium voluptatibus minima deserunt et ut. Consequatur exceptur','2014-01-27 20:24:24'),(198,198,171,198,'Commodi quis hic nesciunt adipisci aut. Ducimus ut assumenda molestiae qui. Voluptatem nulla vel dig','2018-09-01 08:24:50'),(199,199,155,199,'Aperiam modi quod commodi pariatur voluptatum provident vero. Omnis quas quod aut sint voluptate sed','2012-05-16 03:12:56'),(200,200,84,200,'Eum molestias expedita sed cupiditate. Corporis corporis consequatur accusamus unde recusandae. Offi','2013-08-09 22:43:11'),(201,201,9,201,'Voluptatem illo omnis quaerat a sapiente consequuntur. Natus nemo qui quam quaerat similique non ali','2015-06-05 19:52:15'),(202,202,117,202,'Sit ut accusantium nostrum sed accusamus ut odio. Est dolores est sunt. Id veritatis dolorem maiores','2016-05-24 17:37:44'),(203,203,34,203,'Dolorum ut vero fugit omnis impedit ut recusandae. Quibusdam et rerum quas tempore modi et. Qui plac','2016-12-28 21:45:17'),(204,204,123,204,'Reiciendis distinctio quis aliquam nesciunt est qui quos. Error dignissimos ad omnis dolores omnis. ','2013-08-17 19:05:32'),(205,205,44,205,'Rerum ut dolorum qui. Nisi eveniet alias vel ullam consequatur esse repellendus voluptatum. Sunt mol','2021-04-10 11:20:15'),(206,206,98,206,'Fugit id maiores qui temporibus. Doloremque itaque alias rerum doloremque voluptas quod aut. Quidem ','2014-05-15 03:47:56'),(207,207,137,207,'Nulla quibusdam est nihil non et. Fuga omnis unde tenetur blanditiis ad quasi. Molestias sed volupta','2013-05-03 05:46:18'),(208,208,13,208,'Blanditiis rem reiciendis enim. Quis illum ex nisi reiciendis provident.','2022-01-02 09:40:04'),(209,209,19,209,'Repudiandae voluptas aliquam repellat aut possimus nostrum. Asperiores repellat unde quasi sunt et e','2020-01-09 03:30:44'),(210,210,299,210,'Sed reprehenderit necessitatibus porro quibusdam ex minus. Eum sequi fugiat nobis quae. Ut tenetur d','2019-02-14 17:09:24'),(211,211,230,211,'Commodi quas quia consequuntur. Tempore aliquid consequatur omnis laudantium consequatur. Nihil debi','2018-04-12 12:01:30'),(212,212,54,212,'Suscipit molestiae laboriosam libero qui sunt corporis. Asperiores tempore inventore voluptas quidem','2014-03-06 06:58:28'),(213,213,20,213,'Qui consequuntur amet voluptas explicabo. Est voluptates aut inventore optio maiores cupiditate sed.','2021-12-22 11:45:58'),(214,214,77,214,'Eius a aspernatur id neque. Et mollitia sunt qui facere amet nobis. Delectus quod aspernatur blandit','2019-07-24 17:02:17'),(215,215,149,215,'Assumenda et facilis in non et optio in. Quod laborum ipsa dolores illum vero. Aut neque perspiciati','2021-09-14 06:51:31'),(216,216,76,216,'Animi nihil officiis recusandae autem est est. Exercitationem quia culpa enim modi qui. Dignissimos ','2018-02-20 22:40:08'),(217,217,140,217,'Amet eligendi temporibus accusantium corrupti dolorem ut vero. Perferendis tempore sit eum et nihil ','2020-10-15 14:16:22'),(218,218,271,218,'Aut consequatur rerum rerum aut doloremque sint. Veniam id praesentium aperiam praesentium. Inventor','2015-03-03 12:40:50'),(219,219,32,219,'Sit et soluta iusto provident est et. Id iusto expedita quis illo omnis doloremque nobis ut.','2012-04-15 17:34:17'),(220,220,21,220,'Porro quibusdam est dolores sunt. Quisquam ullam perspiciatis odio eum maxime. Et maiores modi labor','2012-04-16 10:43:58'),(221,221,41,221,'Qui sint atque beatae ea esse vel adipisci. Sint eos quisquam dignissimos est magnam ullam. Quaerat ','2021-09-03 17:00:14'),(222,222,49,222,'Et est consequatur dolor nobis. Cupiditate aut ad natus nam quia aut. Nam et sit itaque quia quia ex','2014-04-11 13:12:20'),(223,223,72,223,'Voluptas velit doloremque quia eos veniam. Tenetur veniam non vero. Est architecto consequatur incid','2014-02-04 18:05:35'),(224,224,261,224,'In omnis fuga minima dolor similique. Odio repudiandae fugiat molestiae. Quia odio est corrupti qui.','2015-03-20 06:14:19'),(225,225,71,225,'Molestiae deserunt est rerum dolorum facilis accusamus. Odit nihil nostrum earum qui corrupti exerci','2014-10-21 07:45:01'),(226,226,58,226,'Est voluptatem dicta porro dolorum voluptatum vitae exercitationem dolore. Hic voluptatem enim exerc','2014-10-19 12:30:12'),(227,227,202,227,'Vel vero officia ipsa illo quod sapiente aspernatur. Ea maiores minima et sit qui accusamus. Eum qui','2021-01-20 16:42:30'),(228,228,195,228,'Consequatur quisquam rerum enim eum veritatis omnis voluptatem. Ut non aperiam quos esse praesentium','2014-07-03 04:38:51'),(229,229,204,229,'Quidem recusandae eius aperiam culpa odio nihil. Corrupti enim atque excepturi nobis aut eveniet. Pe','2019-02-21 05:15:52'),(230,230,108,230,'Beatae est aut velit officia et dolor. In officia suscipit ab et.','2012-03-18 16:41:30'),(231,231,46,231,'Qui maxime cumque rem. Non consequuntur rerum iste sit impedit molestiae qui. Quia saepe dolores qua','2017-07-08 09:28:46'),(232,232,263,232,'Ut omnis consectetur porro enim odit. Qui qui explicabo at qui. Qui dolor provident perferendis. Est','2015-12-24 16:12:58'),(233,233,266,233,'Pariatur aspernatur est sed numquam aut. Quia quis et consectetur atque.','2014-12-08 13:48:51'),(234,234,194,234,'Ut non ullam dicta provident non. Tenetur ipsa tempore cumque saepe nihil ea. Non animi voluptates m','2018-06-30 15:31:35'),(235,235,164,235,'Ipsam provident sit et eos voluptatem rem aut. Quo officiis sint numquam rerum similique quasi eum q','2013-03-11 11:45:52'),(236,236,28,236,'Consequatur adipisci aliquam atque magnam sint. Debitis tenetur nemo tempore et neque. Alias et et q','2017-05-26 15:53:32'),(237,237,189,237,'Ea maxime eaque vero et. Expedita esse quos aut ratione vitae sunt dolor. Consectetur accusantium hi','2015-06-29 17:15:14'),(238,238,214,238,'Recusandae minima libero aut quia neque. Corrupti illo quo porro quam nemo qui. Voluptas ratione vol','2019-10-30 14:51:25'),(239,239,177,239,'Repellendus architecto reiciendis sed. Ut ea aut autem et sapiente perspiciatis. Soluta amet accusan','2018-09-25 19:59:54'),(240,240,231,240,'Culpa magni qui in nesciunt nulla et. Quod unde et tenetur voluptate asperiores impedit. Nobis solut','2017-12-26 20:14:51'),(241,241,105,241,'Esse praesentium distinctio commodi possimus vero dicta et. Fuga pariatur iure quia impedit et offic','2012-11-14 06:40:53'),(242,242,238,242,'Sunt quas ipsum sed quis eum voluptatibus voluptas. Et dolorum quas rerum ipsa ea ut tempora. Rerum ','2014-03-17 00:29:27'),(243,243,89,243,'Maxime deleniti quia rerum eaque. Molestiae quia sunt aspernatur. Harum eius consequatur sequi accus','2016-02-20 10:15:07'),(244,244,51,244,'Aliquam rerum molestias doloribus mollitia. Velit et quidem occaecati ducimus itaque. Cupiditate qui','2014-11-27 12:23:19'),(245,245,170,245,'Et culpa qui rerum tempore accusamus deleniti ut. Eos eveniet et molestias et. Quibusdam alias adipi','2012-05-18 08:17:29'),(246,246,55,246,'Id non quia ea aut. Ut expedita ipsum nihil. Sit et aliquam velit quia. Saepe architecto magnam solu','2015-06-10 16:00:55'),(247,247,275,247,'Enim odit quia voluptatem doloremque laudantium. Et nihil harum illum ea voluptate. Rerum mollitia r','2019-01-18 07:46:00'),(248,248,43,248,'Repudiandae repudiandae cum qui cumque enim facilis aliquam. Adipisci illum rerum quo aut. Tempora q','2019-05-04 19:07:10'),(249,249,116,249,'Fugiat id libero distinctio illum. Beatae dignissimos ratione totam minima eius ad aspernatur. Repel','2017-03-17 19:46:52'),(250,250,139,250,'Et aut expedita sed. Sint quasi aliquam repellendus laudantium et et deleniti repudiandae. Officia d','2013-04-11 02:27:04'),(251,251,115,251,'Maiores asperiores provident a facere quia molestias. Optio excepturi sunt quos. Eveniet consequatur','2020-10-08 13:23:07'),(252,252,2,252,'Non quaerat aspernatur repudiandae quia facere. Et numquam voluptatem sit est sequi nihil.','2020-08-28 01:34:37'),(253,253,18,253,'Asperiores in non tempora deleniti doloremque voluptates qui minima. Et laborum odit accusamus offic','2019-05-22 08:30:08'),(254,254,6,254,'Incidunt saepe unde a ipsa a. Natus soluta quia ea consequatur rem et. Praesentium quia magnam aperi','2017-02-25 15:27:27'),(255,255,184,255,'Officiis quis similique dolor necessitatibus. Dolor illo in ea enim eum quo natus optio. Fuga repell','2013-12-16 20:04:21'),(256,256,226,256,'Excepturi qui repudiandae recusandae quia. Et ut facilis possimus suscipit quia molestiae recusandae','2017-03-24 14:54:12'),(257,257,166,257,'Voluptatem omnis nihil nemo in ducimus occaecati vel. Doloribus dolorum ad repellat consectetur. Aut','2020-03-04 10:56:21'),(258,258,111,258,'Repellendus ut repellat doloribus ut ut et. Eveniet earum aut ut aut iste autem esse libero. Autem c','2020-03-08 12:31:24'),(259,259,298,259,'Doloremque atque consectetur odit animi autem fugit at. Nihil nemo facilis est eius dolores aut. Sit','2018-08-05 09:49:18'),(260,260,267,260,'Perspiciatis placeat eius qui eligendi suscipit similique. Consequatur incidunt sit commodi repellen','2012-05-21 02:00:18'),(261,261,109,261,'Recusandae voluptates ut iure deserunt nihil laudantium est. Rerum aut est dicta laudantium a.','2020-06-01 16:21:03'),(262,262,221,262,'Quae autem odit ipsam eum. Accusantium deleniti cum dolor esse ducimus. Et velit ipsa deleniti nam d','2012-10-10 11:40:43'),(263,263,223,263,'Voluptate illo et excepturi corporis molestiae inventore. Atque quae quo numquam nisi rerum id nobis','2013-10-25 06:59:38'),(264,264,200,264,'Et sapiente perferendis ab magnam non dolor. Repudiandae reiciendis veritatis aut iure voluptas eum ','2012-10-23 09:51:08'),(265,265,190,265,'Iusto sed qui sunt voluptas id voluptas maxime veniam. Iusto repudiandae suscipit ut id. Dicta sit e','2018-09-24 18:28:44'),(266,266,83,266,'Aut molestiae explicabo voluptas et incidunt. Alias architecto quisquam autem soluta quasi.','2014-06-15 15:56:04'),(267,267,81,267,'Voluptas non eaque occaecati ipsum. Voluptatem et quas cumque ipsam soluta rerum veritatis. Harum si','2012-04-30 16:51:33'),(268,268,250,268,'Sunt in voluptatem accusamus qui hic. Non qui consequuntur animi consequatur et voluptatem commodi. ','2015-03-17 03:51:58'),(269,269,153,269,'Dolor voluptatem aut iure dolor pariatur quis qui. Fuga rerum ipsa id quia. Dolorum vitae rerum inve','2013-08-21 19:40:59'),(270,270,220,270,'Nulla ipsum possimus iste aut ut et. Distinctio dolorum et corporis quia vel. Saepe consectetur quo ','2020-09-18 00:38:18'),(271,271,252,271,'Dolorum qui sed sapiente delectus minima voluptas totam. Corrupti dolorum rerum iste ullam quia sit.','2017-12-22 18:14:54'),(272,272,283,272,'Alias nemo mollitia laboriosam enim dolor blanditiis cupiditate ipsa. Quia totam aut enim iure est t','2020-02-18 23:53:05'),(273,273,102,273,'Occaecati qui tempora voluptatibus eos aliquam. Aut odio culpa asperiores. Nobis non voluptatibus sa','2014-04-30 03:41:06'),(274,274,91,274,'Odit excepturi voluptas fugiat. Unde maiores voluptatem temporibus voluptas. Quia dolor nisi ea ut. ','2017-09-19 02:01:45'),(275,275,87,275,'Quia recusandae distinctio sed corrupti quibusdam dignissimos vitae omnis. Eligendi et cupiditate su','2017-06-22 15:19:46'),(276,276,30,276,'Dolorem aspernatur doloremque officia at corporis iusto dicta debitis. Soluta consequuntur dolorem a','2012-04-14 18:07:06'),(277,277,248,277,'Ut ut necessitatibus sit ut eos sit. Debitis quo mollitia quia fugit quidem adipisci.','2021-04-14 11:02:54'),(278,278,86,278,'Ut harum nesciunt eaque. Ut nam sapiente veritatis sunt et perspiciatis quia beatae.','2016-12-21 05:58:03'),(279,279,88,279,'Laboriosam quia quia dignissimos ut dolor in perferendis. Eaque qui atque et. Perspiciatis aliquid e','2017-08-08 17:53:07'),(280,280,42,280,'Voluptates id quae reiciendis eum eligendi. Ad consequatur architecto et praesentium.','2012-07-27 22:41:18'),(281,281,217,281,'Quia suscipit voluptatem ut dolorem cumque. Ab cupiditate aperiam molestiae eligendi sit. Et ab qui ','2019-11-16 17:20:15'),(282,282,296,282,'Quia sed consectetur ullam. Molestiae ullam qui minus aut beatae eum vel. Rem culpa aliquam officiis','2012-03-13 10:50:54'),(283,283,36,283,'Ut eligendi id ipsa repellendus. Sit natus aut adipisci laudantium et et. Et delectus ad omnis ut la','2019-11-23 01:07:05'),(284,284,215,284,'Voluptatem distinctio dolores et dolor facere illum quod iure. Et numquam numquam qui laudantium. Am','2017-05-25 14:31:05'),(285,285,69,285,'Dolor ut accusantium ex nesciunt ipsam natus. Et eius voluptate veritatis. Vel voluptatum ad enim ar','2018-04-14 17:05:34'),(286,286,290,286,'Debitis tempora possimus nihil eos ad. Maiores incidunt alias rerum qui veniam. Velit numquam quis s','2017-11-21 08:48:33'),(287,287,147,287,'Illum aut facere aut voluptate maxime tenetur voluptatem. Et ea ab autem. Debitis sequi quae et volu','2016-01-19 20:46:37'),(288,288,24,288,'Quo accusamus quo incidunt odio qui. Voluptatem facere aspernatur et id. Praesentium esse deserunt e','2021-03-26 16:25:32'),(289,289,281,289,'Aspernatur itaque reprehenderit numquam consectetur eum. Illo quas vel sequi. Omnis porro molestiae ','2018-03-30 12:28:07'),(290,290,232,290,'Exercitationem quibusdam harum magni et sit vero quidem non. Optio eveniet rerum delectus tenetur. T','2021-09-09 13:57:14'),(291,291,142,291,'Consequuntur debitis et vero. Nihil ab facere tempore ullam eos hic alias. Facilis dolores iure nihi','2014-01-30 23:42:06'),(292,292,107,292,'In explicabo optio sunt natus explicabo. Consequatur atque omnis enim placeat. Ut deserunt ut alias.','2016-05-26 06:25:40'),(293,293,240,293,'Earum aut sit pariatur id ab totam nihil corrupti. Rem ducimus quo dolorem veniam quia beatae cupidi','2014-02-08 23:45:11'),(294,294,268,294,'Rerum sunt voluptatibus vel dolores eaque sunt dignissimos. Vel tempora sit enim repudiandae. Sunt i','2017-02-25 16:47:03'),(295,295,284,295,'Error saepe qui dolore voluptatem. Totam illum ab minus. Modi autem dicta veritatis dolorum saepe.','2016-03-22 21:22:38'),(296,296,158,296,'Iste totam debitis eaque aliquid sit voluptas unde. Et quae voluptate voluptate.','2014-01-17 08:55:09'),(297,297,203,297,'Eum ut et repudiandae vel exercitationem. Et accusamus id qui eum.','2018-02-03 01:28:57'),(298,298,80,298,'Id sunt qui sit quisquam nam quas ut. Aliquid magnam ipsum laboriosam facilis. Exercitationem in har','2019-04-21 08:40:53'),(299,299,276,299,'Id molestiae est eius. Quis modi est officia tempore cupiditate. Officiis temporibus corrupti molest','2018-12-16 01:29:57'),(300,300,175,300,'Vel maiores libero qui ex quibusdam. Error perspiciatis quia rerum et.','2021-08-24 11:58:25');
/*!40000 ALTER TABLE `friends` ENABLE KEYS */;
UNLOCK TABLES;

--
-- Table structure for table `friendship`
--

DROP TABLE IF EXISTS `friendship`;
/*!40101 SET @saved_cs_client     = @@character_set_client */;
/*!50503 SET character_set_client = utf8mb4 */;
CREATE TABLE `friendship` (
  `user_id` int unsigned NOT NULL,
  `profiles_id` int unsigned NOT NULL,
  `friend_id` int unsigned NOT NULL,
  `ongoingrequest_user_id` int unsigned NOT NULL,
  `incomingrequest_user_id` int unsigned NOT NULL,
  `friendssuggestion_id` int unsigned NOT NULL,
  PRIMARY KEY (`user_id`,`friend_id`)
) ENGINE=InnoDB DEFAULT CHARSET=utf8mb4 COLLATE=utf8mb4_unicode_ci;
/*!40101 SET character_set_client = @saved_cs_client */;

--
-- Dumping data for table `friendship`
--

LOCK TABLES `friendship` WRITE;
/*!40000 ALTER TABLE `friendship` DISABLE KEYS */;
INSERT INTO `friendship` VALUES (1,1,136,1,61,282),(2,2,224,2,262,186),(3,3,34,3,67,59),(4,4,145,4,189,15),(5,5,193,5,170,140),(6,6,97,6,178,171),(7,7,19,7,110,147),(8,8,230,8,177,73),(9,9,51,9,207,21),(10,10,218,10,284,294),(11,11,198,11,279,235),(12,12,68,12,69,192),(13,13,20,13,147,193),(14,14,16,14,79,137),(15,15,284,15,71,163),(16,16,119,16,28,112),(17,17,273,17,197,64),(18,18,117,18,12,190),(19,19,87,19,167,88),(20,20,221,20,230,237),(21,21,288,21,59,135),(22,22,179,22,65,132),(23,23,57,23,23,232),(24,24,63,24,248,269),(25,25,119,25,229,148),(26,26,251,26,141,159),(27,27,110,27,74,215),(28,28,46,28,205,4),(29,29,249,29,211,112),(30,30,297,30,122,62),(31,31,281,31,230,189),(32,32,160,32,274,126),(33,33,61,33,176,64),(34,34,248,34,67,1),(35,35,166,35,56,241),(36,36,248,36,112,61),(37,37,25,37,260,170),(38,38,293,38,31,220),(39,39,119,39,110,255),(40,40,203,40,75,204),(41,41,74,41,287,35),(42,42,287,42,20,181),(43,43,235,43,271,293),(44,44,104,44,64,8),(45,45,157,45,229,38),(46,46,6,46,137,285),(47,47,102,47,1,189),(48,48,121,48,121,197),(49,49,125,49,114,262),(50,50,27,50,219,141),(51,51,275,51,194,239),(52,52,85,52,288,178),(53,53,190,53,64,111),(54,54,135,54,133,222),(55,55,129,55,177,158),(56,56,91,56,130,250),(57,57,148,57,56,232),(58,58,46,58,265,260),(59,59,152,59,203,10),(60,60,16,60,100,48),(61,61,239,61,220,231),(62,62,266,62,275,52),(63,63,9,63,119,167),(64,64,96,64,272,151),(65,65,133,65,43,246),(66,66,219,66,121,85),(67,67,21,67,33,17),(68,68,202,68,293,113),(69,69,58,69,209,248),(70,70,257,70,41,159),(71,71,168,71,150,174),(72,72,126,72,99,269),(73,73,289,73,127,130),(74,74,97,74,123,168),(75,75,248,75,275,64),(76,76,168,76,125,294),(77,77,78,77,218,19),(78,78,252,78,156,18),(79,79,171,79,40,221),(80,80,294,80,213,246),(81,81,245,81,178,288),(82,82,59,82,78,253),(83,83,45,83,219,219),(84,84,194,84,107,234),(85,85,234,85,164,298),(86,86,77,86,145,77),(87,87,88,87,15,204),(88,88,134,88,87,66),(89,89,114,89,213,36),(90,90,112,90,24,97),(91,91,74,91,54,97),(92,92,289,92,189,244),(93,93,19,93,21,148),(94,94,173,94,208,177),(95,95,211,95,229,283),(96,96,95,96,198,150),(97,97,187,97,73,127),(98,98,84,98,260,193),(99,99,185,99,161,92),(100,100,84,100,174,107),(101,101,278,101,10,280),(102,102,92,102,240,169),(103,103,138,103,268,48),(104,104,139,104,199,144),(105,105,242,105,40,28),(106,106,17,106,72,39),(107,107,198,107,158,96),(108,108,23,108,46,272),(109,109,262,109,237,242),(110,110,237,110,297,50),(111,111,264,111,62,199),(112,112,10,112,173,109),(113,113,75,113,206,115),(114,114,258,114,241,92),(115,115,39,115,174,82),(116,116,150,116,46,263),(117,117,77,117,58,6),(118,118,109,118,147,274),(119,119,270,119,55,34),(120,120,115,120,68,186),(121,121,274,121,63,65),(122,122,186,122,115,153),(123,123,251,123,288,178),(124,124,290,124,81,170),(125,125,105,125,189,104),(126,126,107,126,234,6),(127,127,61,127,246,243),(128,128,206,128,128,152),(129,129,168,129,268,186),(130,130,189,130,153,75),(131,131,20,131,154,140),(132,132,283,132,49,264),(133,133,9,133,205,95),(134,134,54,134,27,148),(135,135,214,135,282,255),(136,136,57,136,93,3),(137,137,69,137,13,62),(138,138,131,138,231,193),(139,139,8,139,244,76),(140,140,177,140,161,13),(141,141,73,141,209,80),(142,142,228,142,259,150),(143,143,207,143,262,275),(144,144,52,144,41,244),(145,145,227,145,81,194),(146,146,265,146,75,134),(147,147,237,147,125,192),(148,148,213,148,247,232),(149,149,197,149,195,260),(150,150,141,150,78,107),(151,151,77,151,182,242),(152,152,182,152,94,90),(153,153,292,153,209,237),(154,154,270,154,139,148),(155,155,31,155,27,155),(156,156,10,156,141,143),(157,157,156,157,182,256),(158,158,84,158,227,130),(159,159,46,159,232,102),(160,160,49,160,101,201),(161,161,58,161,243,255),(162,162,134,162,203,120),(163,163,116,163,200,233),(164,164,247,164,41,239),(165,165,230,165,242,220),(166,166,128,166,222,214),(167,167,219,167,250,101),(168,168,206,168,84,265),(169,169,109,169,283,65),(170,170,249,170,279,104),(171,171,234,171,22,55),(172,172,225,172,191,270),(173,173,152,173,86,101),(174,174,252,174,299,174),(175,175,176,175,41,236),(176,176,266,176,84,106),(177,177,157,177,254,2),(178,178,159,178,18,23),(179,179,293,179,132,285),(180,180,109,180,118,235),(181,181,64,181,29,259),(182,182,287,182,255,265),(183,183,58,183,112,118),(184,184,25,184,244,177),(185,185,96,185,59,64),(186,186,231,186,34,256),(187,187,220,187,25,248),(188,188,276,188,290,64),(189,189,243,189,75,207),(190,190,281,190,171,53),(191,191,127,191,251,199),(192,192,244,192,275,121),(193,193,43,193,104,195),(194,194,198,194,283,235),(195,195,225,195,79,298),(196,196,122,196,267,231),(197,197,259,197,276,99),(198,198,264,198,127,270),(199,199,33,199,41,250),(200,200,269,200,260,96),(201,201,73,201,104,229),(202,202,65,202,231,194),(203,203,85,203,6,126),(204,204,123,204,58,262),(205,205,299,205,202,214),(206,206,216,206,106,106),(207,207,275,207,142,82),(208,208,292,208,123,300),(209,209,147,209,137,249),(210,210,127,210,281,245),(211,211,180,211,285,2),(212,212,206,212,176,294),(213,213,129,213,143,208),(214,214,97,214,161,136),(215,215,271,215,169,113),(216,216,95,216,247,53),(217,217,140,217,126,171),(218,218,180,218,167,221),(219,219,68,219,43,249),(220,220,266,220,248,85),(221,221,108,221,158,15),(222,222,224,222,132,16),(223,223,249,223,140,297),(224,224,100,224,246,179),(225,225,187,225,188,115),(226,226,30,226,41,106),(227,227,89,227,149,227),(228,228,55,228,150,141),(229,229,300,229,223,5),(230,230,180,230,269,229),(231,231,61,231,24,28),(232,232,122,232,86,63),(233,233,197,233,10,216),(234,234,97,234,227,6),(235,235,60,235,158,264),(236,236,54,236,59,212),(237,237,241,237,295,176),(238,238,170,238,7,279),(239,239,124,239,242,174),(240,240,105,240,157,203),(241,241,160,241,183,219),(242,242,6,242,177,15),(243,243,60,243,206,57),(244,244,270,244,211,19),(245,245,299,245,291,119),(246,246,228,246,226,188),(247,247,80,247,38,160),(248,248,276,248,188,65),(249,249,73,249,22,46),(250,250,35,250,203,61),(251,251,17,251,126,27),(252,252,199,252,214,222),(253,253,165,253,105,256),(254,254,277,254,254,27),(255,255,225,255,295,125),(256,256,268,256,101,264),(257,257,247,257,272,102),(258,258,266,258,264,245),(259,259,206,259,94,67),(260,260,185,260,124,33),(261,261,129,261,146,144),(262,262,76,262,265,179),(263,263,73,263,161,165),(264,264,57,264,76,15),(265,265,274,265,73,68),(266,266,216,266,278,242),(267,267,55,267,124,166),(268,268,174,268,229,220),(269,269,2,269,243,253),(270,270,165,270,195,152),(271,271,290,271,2,105),(272,272,237,272,264,251),(273,273,143,273,278,41),(274,274,196,274,202,25),(275,275,22,275,170,145),(276,276,71,276,59,25),(277,277,227,277,122,161),(278,278,288,278,165,181),(279,279,256,279,273,35),(280,280,63,280,147,103),(281,281,173,281,8,77),(282,282,29,282,205,145),(283,283,153,283,226,129),(284,284,145,284,143,197),(285,285,143,285,202,193),(286,286,78,286,96,170),(287,287,118,287,211,266),(288,288,46,288,72,192),(289,289,190,289,170,280),(290,290,201,290,27,1),(291,291,201,291,130,220),(292,292,262,292,70,34),(293,293,162,293,28,101),(294,294,57,294,208,60),(295,295,288,295,240,276),(296,296,115,296,235,212),(297,297,82,297,206,291),(298,298,240,298,91,144),(299,299,29,299,107,27),(300,300,4,300,54,171);
/*!40000 ALTER TABLE `friendship` ENABLE KEYS */;
UNLOCK TABLES;

--
-- Table structure for table `media`
--

DROP TABLE IF EXISTS `media`;
/*!40101 SET @saved_cs_client     = @@character_set_client */;
/*!50503 SET character_set_client = utf8mb4 */;
CREATE TABLE `media` (
  `id` int unsigned NOT NULL,
  `video_user_id` varchar(255) CHARACTER SET utf8mb4 COLLATE utf8mb4_unicode_ci DEFAULT NULL,
  `photo_user_id` blob,
  `music_user_id` varchar(255) CHARACTER SET utf8mb4 COLLATE utf8mb4_unicode_ci DEFAULT NULL,
  `user_id` int unsigned NOT NULL,
  `profiles_id` int unsigned NOT NULL,
  PRIMARY KEY (`user_id`,`id`),
  UNIQUE KEY `user_id` (`user_id`)
) ENGINE=InnoDB DEFAULT CHARSET=utf8mb4 COLLATE=utf8mb4_unicode_ci;
/*!40101 SET character_set_client = @saved_cs_client */;

--
-- Dumping data for table `media`
--

LOCK TABLES `media` WRITE;
/*!40000 ALTER TABLE `media` DISABLE KEYS */;
INSERT INTO `media` VALUES (78132776,'1',_binary '1','1',1,1),(62035,'2',_binary '2','2',2,2),(79413317,'3',_binary '3','3',3,3),(0,'4',_binary '4','4',4,4),(666,'5',_binary '5','5',5,5),(501720167,'6',_binary '6','6',6,6),(27285130,'7',_binary '7','7',7,7),(693105784,'8',_binary '8','8',8,8),(3983,'9',_binary '9','9',9,9),(9,'10',_binary '10','10',10,10),(1613435,'11',_binary '11','11',11,11),(456,'12',_binary '12','12',12,12),(579,'13',_binary '13','13',13,13),(13656,'14',_binary '14','14',14,14),(20,'15',_binary '15','15',15,15),(51987317,'16',_binary '16','16',16,16),(7261362,'17',_binary '17','17',17,17),(58497,'18',_binary '18','18',18,18),(768995509,'19',_binary '19','19',19,19),(363234573,'20',_binary '20','20',20,20),(65,'21',_binary '21','21',21,21),(158354422,'22',_binary '22','22',22,22),(635019,'23',_binary '23','23',23,23),(1631968,'24',_binary '24','24',24,24),(56213951,'25',_binary '25','25',25,25),(98,'26',_binary '26','26',26,26),(5761,'27',_binary '27','27',27,27),(966048484,'28',_binary '28','28',28,28),(7556710,'29',_binary '29','29',29,29),(31,'30',_binary '30','30',30,30),(200,'31',_binary '31','31',31,31),(318194,'32',_binary '32','32',32,32),(9437507,'33',_binary '33','33',33,33),(353,'34',_binary '34','34',34,34),(3892441,'35',_binary '35','35',35,35),(88,'36',_binary '36','36',36,36),(3384,'37',_binary '37','37',37,37),(5137,'38',_binary '38','38',38,38),(96934,'39',_binary '39','39',39,39),(155836107,'40',_binary '40','40',40,40),(43489627,'41',_binary '41','41',41,41),(101963,'42',_binary '42','42',42,42),(746,'43',_binary '43','43',43,43),(56719,'44',_binary '44','44',44,44),(721267,'45',_binary '45','45',45,45),(83,'46',_binary '46','46',46,46),(139336,'47',_binary '47','47',47,47),(72126,'48',_binary '48','48',48,48),(98052646,'49',_binary '49','49',49,49),(28275613,'50',_binary '50','50',50,50),(6,'51',_binary '51','51',51,51),(889192,'52',_binary '52','52',52,52),(2121,'53',_binary '53','53',53,53),(3,'54',_binary '54','54',54,54),(35959,'55',_binary '55','55',55,55),(140966317,'56',_binary '56','56',56,56),(1697076,'57',_binary '57','57',57,57),(2,'58',_binary '58','58',58,58),(8007149,'59',_binary '59','59',59,59),(3157496,'60',_binary '60','60',60,60),(92479211,'61',_binary '61','61',61,61),(5913052,'62',_binary '62','62',62,62),(6952561,'63',_binary '63','63',63,63),(58,'64',_binary '64','64',64,64),(31131274,'65',_binary '65','65',65,65),(5616,'66',_binary '66','66',66,66),(3489154,'67',_binary '67','67',67,67),(87,'68',_binary '68','68',68,68),(6389,'69',_binary '69','69',69,69),(740960,'70',_binary '70','70',70,70),(5150783,'71',_binary '71','71',71,71),(4854996,'72',_binary '72','72',72,72),(42,'73',_binary '73','73',73,73),(4037582,'74',_binary '74','74',74,74),(473608,'75',_binary '75','75',75,75),(1552743,'76',_binary '76','76',76,76),(8,'77',_binary '77','77',77,77),(745185899,'78',_binary '78','78',78,78),(899385624,'79',_binary '79','79',79,79),(54621472,'80',_binary '80','80',80,80),(6857,'81',_binary '81','81',81,81),(6294,'82',_binary '82','82',82,82),(511128119,'83',_binary '83','83',83,83),(3006,'84',_binary '84','84',84,84),(5,'85',_binary '85','85',85,85),(364,'86',_binary '86','86',86,86),(42275694,'87',_binary '87','87',87,87),(81987694,'88',_binary '88','88',88,88),(687572,'89',_binary '89','89',89,89),(76323313,'90',_binary '90','90',90,90),(22140321,'91',_binary '91','91',91,91),(30797528,'92',_binary '92','92',92,92),(1750,'93',_binary '93','93',93,93),(64,'94',_binary '94','94',94,94),(671480293,'95',_binary '95','95',95,95),(778,'96',_binary '96','96',96,96),(561008,'97',_binary '97','97',97,97),(546,'98',_binary '98','98',98,98),(2460429,'99',_binary '99','99',99,99),(5010999,'100',_binary '100','100',100,100),(2507,'101',_binary '101','101',101,101),(7,'102',_binary '102','102',102,102),(583067172,'103',_binary '103','103',103,103),(6813,'104',_binary '104','104',104,104),(142,'105',_binary '105','105',105,105),(186398564,'106',_binary '106','106',106,106),(7807154,'107',_binary '107','107',107,107),(49516156,'108',_binary '108','108',108,108),(355832,'109',_binary '109','109',109,109),(98215,'110',_binary '110','110',110,110),(4,'111',_binary '111','111',111,111),(376931359,'112',_binary '112','112',112,112),(9070914,'113',_binary '113','113',113,113),(921063,'114',_binary '114','114',114,114),(550483,'115',_binary '115','115',115,115),(1507377,'116',_binary '116','116',116,116),(8382984,'117',_binary '117','117',117,117),(424946,'118',_binary '118','118',118,118),(1876601,'119',_binary '119','119',119,119),(651,'120',_binary '120','120',120,120),(64904498,'121',_binary '121','121',121,121),(304,'122',_binary '122','122',122,122),(400,'123',_binary '123','123',123,123),(5912,'124',_binary '124','124',124,124),(78309,'125',_binary '125','125',125,125),(16,'126',_binary '126','126',126,126),(377629,'127',_binary '127','127',127,127),(96,'128',_binary '128','128',128,128),(5779542,'129',_binary '129','129',129,129),(788405023,'130',_binary '130','130',130,130),(6128,'131',_binary '131','131',131,131),(85,'132',_binary '132','132',132,132),(252087575,'133',_binary '133','133',133,133),(38787,'134',_binary '134','134',134,134),(3857458,'135',_binary '135','135',135,135),(638852973,'136',_binary '136','136',136,136),(2957252,'137',_binary '137','137',137,137),(953,'138',_binary '138','138',138,138),(551013924,'139',_binary '139','139',139,139),(580,'140',_binary '140','140',140,140),(5497,'141',_binary '141','141',141,141),(67784,'142',_binary '142','142',142,142),(7247289,'143',_binary '143','143',143,143),(7127721,'144',_binary '144','144',144,144),(386478,'145',_binary '145','145',145,145),(84,'146',_binary '146','146',146,146),(94575049,'147',_binary '147','147',147,147),(977719,'148',_binary '148','148',148,148),(9427924,'149',_binary '149','149',149,149),(72695200,'150',_binary '150','150',150,150),(2519,'151',_binary '151','151',151,151),(37313,'152',_binary '152','152',152,152),(835122,'153',_binary '153','153',153,153),(762,'154',_binary '154','154',154,154),(48154153,'155',_binary '155','155',155,155),(7192,'156',_binary '156','156',156,156),(580776705,'157',_binary '157','157',157,157),(8227,'158',_binary '158','158',158,158),(318,'159',_binary '159','159',159,159),(437930,'160',_binary '160','160',160,160),(68,'161',_binary '161','161',161,161),(49139,'162',_binary '162','162',162,162),(983609778,'163',_binary '163','163',163,163),(87958,'164',_binary '164','164',164,164),(633,'165',_binary '165','165',165,165),(539332332,'166',_binary '166','166',166,166),(891394982,'167',_binary '167','167',167,167),(50,'168',_binary '168','168',168,168),(60179040,'169',_binary '169','169',169,169),(521810,'170',_binary '170','170',170,170),(2936,'171',_binary '171','171',171,171),(36618,'172',_binary '172','172',172,172),(3007052,'173',_binary '173','173',173,173),(368,'174',_binary '174','174',174,174),(253591,'175',_binary '175','175',175,175),(262314137,'176',_binary '176','176',176,176),(18332543,'177',_binary '177','177',177,177),(36158,'178',_binary '178','178',178,178),(81964,'179',_binary '179','179',179,179),(29594023,'180',_binary '180','180',180,180),(5356850,'181',_binary '181','181',181,181),(11,'182',_binary '182','182',182,182),(57055,'183',_binary '183','183',183,183),(92008,'184',_binary '184','184',184,184),(98739,'185',_binary '185','185',185,185),(9315,'186',_binary '186','186',186,186),(1655780,'187',_binary '187','187',187,187),(5921,'188',_binary '188','188',188,188),(1,'189',_binary '189','189',189,189),(90,'190',_binary '190','190',190,190),(3980333,'191',_binary '191','191',191,191),(38073,'192',_binary '192','192',192,192),(771,'193',_binary '193','193',193,193),(29619,'194',_binary '194','194',194,194),(86818211,'195',_binary '195','195',195,195),(401039652,'196',_binary '196','196',196,196),(7264,'197',_binary '197','197',197,197),(91,'198',_binary '198','198',198,198),(65991996,'199',_binary '199','199',199,199),(230370,'200',_binary '200','200',200,200),(471631,'201',_binary '201','201',201,201),(237692066,'202',_binary '202','202',202,202),(97776,'203',_binary '203','203',203,203),(50199,'204',_binary '204','204',204,204),(7292,'205',_binary '205','205',205,205),(68799821,'206',_binary '206','206',206,206),(8013,'207',_binary '207','207',207,207),(2651204,'208',_binary '208','208',208,208),(439643,'209',_binary '209','209',209,209),(8913,'210',_binary '210','210',210,210),(414998,'211',_binary '211','211',211,211),(86,'212',_binary '212','212',212,212),(53223,'213',_binary '213','213',213,213),(444129,'214',_binary '214','214',214,214),(370559161,'215',_binary '215','215',215,215),(682,'216',_binary '216','216',216,216),(208,'217',_binary '217','217',217,217),(47473513,'218',_binary '218','218',218,218),(551306,'219',_binary '219','219',219,219),(388585428,'220',_binary '220','220',220,220),(817682694,'221',_binary '221','221',221,221),(579321,'222',_binary '222','222',222,222),(8247,'223',_binary '223','223',223,223),(196737,'224',_binary '224','224',224,224),(7705878,'225',_binary '225','225',225,225),(42001848,'226',_binary '226','226',226,226),(9209,'227',_binary '227','227',227,227),(2932,'228',_binary '228','228',228,228),(492449840,'229',_binary '229','229',229,229),(7559503,'230',_binary '230','230',230,230),(11344153,'231',_binary '231','231',231,231),(8196336,'232',_binary '232','232',232,232),(14,'233',_binary '233','233',233,233),(383543,'234',_binary '234','234',234,234),(7759272,'235',_binary '235','235',235,235),(9188582,'236',_binary '236','236',236,236),(319716148,'237',_binary '237','237',237,237),(91352,'238',_binary '238','238',238,238),(21646,'239',_binary '239','239',239,239),(44598,'240',_binary '240','240',240,240),(7951087,'241',_binary '241','241',241,241),(2737,'242',_binary '242','242',242,242),(4321,'243',_binary '243','243',243,243),(288786185,'244',_binary '244','244',244,244),(27,'245',_binary '245','245',245,245),(42448462,'246',_binary '246','246',246,246),(90164032,'247',_binary '247','247',247,247),(688850,'248',_binary '248','248',248,248),(63094310,'249',_binary '249','249',249,249),(45182,'250',_binary '250','250',250,250),(84674,'251',_binary '251','251',251,251),(903113,'252',_binary '252','252',252,252),(178,'253',_binary '253','253',253,253),(135,'254',_binary '254','254',254,254),(3811094,'255',_binary '255','255',255,255),(2448269,'256',_binary '256','256',256,256),(74,'257',_binary '257','257',257,257),(492226148,'258',_binary '258','258',258,258),(33790784,'259',_binary '259','259',259,259),(897,'260',_binary '260','260',260,260),(391574,'261',_binary '261','261',261,261),(561548,'262',_binary '262','262',262,262),(364206207,'263',_binary '263','263',263,263),(56033,'264',_binary '264','264',264,264),(408,'265',_binary '265','265',265,265),(9857,'266',_binary '266','266',266,266),(5520,'267',_binary '267','267',267,267),(1136,'268',_binary '268','268',268,268),(4864029,'269',_binary '269','269',269,269),(2504031,'270',_binary '270','270',270,270),(6992241,'271',_binary '271','271',271,271),(385087,'272',_binary '272','272',272,272),(842761059,'273',_binary '273','273',273,273),(519600,'274',_binary '274','274',274,274),(89,'275',_binary '275','275',275,275),(748082359,'276',_binary '276','276',276,276),(846,'277',_binary '277','277',277,277),(68540230,'278',_binary '278','278',278,278),(68640,'279',_binary '279','279',279,279),(58263254,'280',_binary '280','280',280,280),(50669,'281',_binary '281','281',281,281),(77,'282',_binary '282','282',282,282),(78679,'283',_binary '283','283',283,283),(35,'284',_binary '284','284',284,284),(85729,'285',_binary '285','285',285,285),(28,'286',_binary '286','286',286,286),(7948028,'287',_binary '287','287',287,287),(96773,'288',_binary '288','288',288,288),(646,'289',_binary '289','289',289,289),(529863,'290',_binary '290','290',290,290),(55,'291',_binary '291','291',291,291),(7364,'292',_binary '292','292',292,292),(14140719,'293',_binary '293','293',293,293),(95,'294',_binary '294','294',294,294),(995335,'295',_binary '295','295',295,295),(236344237,'296',_binary '296','296',296,296),(9056,'297',_binary '297','297',297,297),(433736141,'298',_binary '298','298',298,298),(113309,'299',_binary '299','299',299,299),(4368048,'300',_binary '300','300',300,300);
/*!40000 ALTER TABLE `media` ENABLE KEYS */;
UNLOCK TABLES;

--
-- Table structure for table `profiles`
--

DROP TABLE IF EXISTS `profiles`;
/*!40101 SET @saved_cs_client     = @@character_set_client */;
/*!50503 SET character_set_client = utf8mb4 */;
CREATE TABLE `profiles` (
  `id` int unsigned NOT NULL AUTO_INCREMENT,
  `first_name` varchar(100) CHARACTER SET utf8mb4 COLLATE utf8mb4_unicode_ci NOT NULL,
  `sur_name` varchar(100) CHARACTER SET utf8mb4 COLLATE utf8mb4_unicode_ci NOT NULL,
  `nick_name` varchar(100) CHARACTER SET utf8mb4 COLLATE utf8mb4_unicode_ci DEFAULT NULL,
  `registration` datetime DEFAULT CURRENT_TIMESTAMP,
  `maybe_friend_friendship_suggestion_id` int unsigned NOT NULL,
  `about_user` text CHARACTER SET utf8mb4 COLLATE utf8mb4_unicode_ci,
  `sex` char(1) CHARACTER SET utf8mb4 COLLATE utf8mb4_unicode_ci DEFAULT NULL,
  `political_views` varchar(255) CHARACTER SET utf8mb4 COLLATE utf8mb4_unicode_ci DEFAULT NULL,
  `drinking` tinyint(1) DEFAULT NULL,
  `smoking` tinyint(1) DEFAULT NULL,
  `fortytwo` tinyint(1) DEFAULT NULL,
  `birthday` datetime DEFAULT NULL,
  `country` varchar(255) CHARACTER SET utf8mb4 COLLATE utf8mb4_unicode_ci DEFAULT NULL,
  `city` varchar(100) CHARACTER SET utf8mb4 COLLATE utf8mb4_unicode_ci DEFAULT NULL,
  `online_now` tinyint(1) DEFAULT NULL,
  `online_time` datetime DEFAULT CURRENT_TIMESTAMP,
  `email` varchar(255) CHARACTER SET utf8mb4 COLLATE utf8mb4_unicode_ci DEFAULT NULL,
  PRIMARY KEY (`id`)
) ENGINE=InnoDB AUTO_INCREMENT=301 DEFAULT CHARSET=utf8mb4 COLLATE=utf8mb4_unicode_ci;
/*!40101 SET character_set_client = @saved_cs_client */;

--
-- Dumping data for table `profiles`
--

LOCK TABLES `profiles` WRITE;
/*!40000 ALTER TABLE `profiles` DISABLE KEYS */;
INSERT INTO `profiles` VALUES (1,'Kamryn','Terry','omnis','2011-04-03 01:39:05',61,'Sunt et voluptatem quis quasi.','t','Atque tempore illum praesentium consectetur occaecati sed.',1,1,0,'2017-01-20 10:48:02','4','Denismouth',0,'1974-11-23 18:30:51','o\'conner.michel@example.org'),(2,'Ashton','Toy','et','1976-05-20 12:15:27',0,'Id totam expedita eos quis reiciendis similique non.','g','Et adipisci amet dicta.',1,1,0,'2012-11-30 22:06:38','604315096','Felipeside',0,'1978-11-13 19:00:10','emely45@example.com'),(3,'Orrin','Cormier','excepturi','1999-07-03 06:52:34',809421,'Dignissimos dolorem nulla maxime mollitia hic at.','e','Laborum esse velit porro necessitatibus nemo.',1,0,1,'2020-04-10 11:04:30','1818780','Hilmachester',1,'2001-05-21 12:46:31','fay.auer@example.com'),(4,'Ron','Kuvalis','dolorem','1987-11-27 15:29:46',5841,'Aliquid repellendus molestiae ipsam reprehenderit.','k','Excepturi deleniti minus nihil molestias et ea.',1,0,1,'2017-10-26 07:05:55','330148088','Port Rubie',1,'1987-03-18 03:24:54','fadel.roslyn@example.org'),(5,'Meredith','Trantow','sed','1991-08-05 02:05:12',93280,'A sit est veniam.','o','Quae architecto ex et iste vel nemo.',0,0,0,'2021-12-07 20:18:06','4','Lake Jaleelside',0,'2018-06-26 06:28:07','marcelo55@example.org'),(6,'Estefania','Pagac','consectetur','1997-09-02 12:56:16',72,'Quis iure perferendis autem voluptas aut iusto.','y','Qui blanditiis odio atque a.',1,0,1,'2014-06-16 09:20:37','5544457','Daughertybury',1,'2008-01-24 08:51:09','stanford.marquardt@example.com'),(7,'Dave','Paucek','molestiae','2005-07-20 10:27:38',552885153,'Officiis velit voluptas eum sequi.','s','Inventore eos ea sit.',1,0,0,'2016-03-19 17:02:51','91329','New Chazhaven',0,'2003-04-05 23:53:09','shanny75@example.org'),(8,'Adell','Johnston','quos','2019-05-20 17:14:49',313167,'Autem ut autem vel sequi.','g','Est cum pariatur quia.',0,0,0,'2017-09-22 12:42:53','72746225','Port Traceberg',1,'2000-03-25 05:14:54','ethan.botsford@example.net'),(9,'Modesto','Leuschke','aliquam','2009-05-21 08:20:35',82640463,'Illum totam deleniti ipsum quaerat optio sunt.','i','Tempora id minima voluptate asperiores nulla quo voluptatem.',0,1,1,'2018-07-30 23:03:04','2075','Gibsonborough',0,'2016-07-25 17:49:36','royal68@example.com'),(10,'Hosea','Mueller','repellat','1993-01-03 12:52:53',56,'Aspernatur qui aperiam architecto exercitationem.','y','Odit repellendus et laudantium illum pariatur at.',0,1,0,'2015-04-22 06:03:35','7','Lelandfurt',1,'1996-02-11 04:22:16','melody.lehner@example.net'),(11,'Lorine','Daniel','ut','2015-05-14 14:21:17',19401,'Itaque et rerum odio nihil ea corrupti illum.','d','Eum qui eum inventore deserunt illo.',1,0,1,'2013-11-16 17:36:13','3','Charlesbury',0,'2014-05-07 03:56:39','nova.labadie@example.net'),(12,'Robert','Gulgowski','sint','1987-06-11 02:41:43',344751,'Ut qui mollitia possimus voluptas voluptatem.','m','Odit deleniti aut eum optio numquam consequatur dolorem nesciunt.',1,1,0,'2015-03-07 15:49:19','7747','New Onie',0,'2015-04-29 23:16:00','ewilkinson@example.org'),(13,'Timmy','Tromp','quaerat','1998-11-23 02:13:18',45260,'Iure similique error magnam dolor molestiae rerum eveniet aut.','m','Est placeat et omnis rem impedit qui ut.',1,0,0,'2017-07-03 20:21:37','10','Dickensmouth',1,'1975-07-01 13:27:14','hpurdy@example.org'),(14,'Tania','Gottlieb','ut','2000-01-30 13:15:17',499,'Est tenetur alias tempore voluptatem ut.','t','Ipsa voluptatem vitae enim esse.',1,0,0,'2012-11-04 21:39:51','714803736','Beerstad',1,'1970-08-20 22:12:26','hettinger.sonia@example.net'),(15,'Fred','Beier','fugit','2012-02-03 16:04:05',0,'Illum voluptates est laborum beatae error consequatur atque.','e','Voluptas voluptatem quam numquam voluptatem inventore et sunt.',1,0,1,'2013-03-07 22:07:40','59443','Lake Jennifer',1,'1983-08-30 14:21:09','feeney.tommie@example.com'),(16,'Elian','Lubowitz','et','1998-11-08 13:53:56',0,'Hic deserunt minima dolores asperiores ut.','a','Voluptates soluta perferendis quis id repellendus debitis et quasi.',1,1,0,'2017-02-01 12:58:35','9','Lake Hunter',1,'1982-05-18 08:42:02','bessie.quigley@example.net'),(17,'Lazaro','Langworth','ut','1974-04-06 12:34:56',741607,'Deleniti molestias aut est repellat.','m','Quibusdam earum fugit veniam dolorem doloribus soluta fuga.',0,0,0,'2021-11-25 09:58:59','6916385','Terrystad',0,'1979-03-05 18:41:00','jaunita21@example.com'),(18,'Margarita','Rippin','adipisci','1983-04-08 07:24:31',5222,'Consequatur et et dolorem laboriosam optio.','z','Aut praesentium esse recusandae totam.',0,1,1,'2016-03-16 01:47:35','34','Judahside',1,'1983-09-01 20:58:13','tbruen@example.net'),(19,'Marquise','Kutch','aliquid','1991-08-04 02:36:01',1476515,'Commodi ipsa amet est in deleniti quia et.','y','Doloribus vitae quas ut veniam laborum eos ut.',0,0,0,'2013-07-12 15:47:25','3734','Austynport',1,'2007-06-24 21:42:13','runolfsdottir.vincenzo@example.com'),(20,'Dexter','Kovacek','quidem','1997-07-04 13:23:17',976657517,'Aut quia dolor omnis ab sit ea.','i','Veniam amet labore qui eos quisquam qui sed.',1,1,0,'2014-06-21 20:16:14','71044704','Sophiamouth',1,'2015-04-17 13:32:51','ullrich.pink@example.com'),(21,'Lawrence','Lebsack','autem','1973-03-18 05:28:20',9,'Rerum ea modi porro voluptates in quis fugiat architecto.','o','Atque maxime odit deleniti.',0,0,0,'2015-07-10 17:15:43','','Lake Assuntaview',1,'1997-08-15 15:36:05','jacquelyn.balistreri@example.org'),(22,'Brent','Jaskolski','voluptatem','2017-08-08 04:08:52',956509536,'Sed quod enim quis.','g','Iure blanditiis ut culpa ea sint animi quidem.',0,1,0,'2019-04-02 10:17:49','663899','Casperburgh',1,'1984-11-27 19:43:47','berenice34@example.org'),(23,'Lea','O\'Hara','itaque','1994-02-10 14:39:07',38796148,'Quia ipsam dicta ut quis voluptate ad ullam.','k','Est itaque porro temporibus nulla voluptates velit deserunt corporis.',0,0,0,'2015-07-18 04:24:31','1677','Isabelport',0,'1998-09-28 02:04:26','itoy@example.org'),(24,'Eleonore','Conroy','veritatis','1987-08-19 12:37:31',2015470,'Nemo molestiae veniam sequi quod eaque.','m','Modi sapiente eveniet suscipit unde aut.',0,0,1,'2012-10-29 08:48:01','9','Sunnybury',1,'2015-03-30 21:27:20','frederic.borer@example.org'),(25,'Narciso','Schmitt','nostrum','1975-08-17 17:00:31',0,'Esse dolores eos aut enim laudantium saepe ut.','z','Quis laboriosam autem exercitationem ut et velit.',1,0,0,'2013-07-10 09:08:09','3404171','West Fredamouth',0,'2018-09-03 10:55:23','esteban.mccullough@example.com'),(26,'Antonina','Keebler','harum','1976-08-05 02:07:09',24,'Consequatur non est omnis voluptatem.','w','Omnis expedita mollitia maiores iure.',1,1,1,'2013-01-12 20:53:05','10','North Tianaborough',1,'1992-01-25 01:07:24','stephany46@example.org'),(27,'Holly','Hand','cumque','2003-06-16 23:49:45',28,'Odio officia dolores aliquam deleniti.','q','Modi dolores minus nostrum unde vel voluptatem.',1,1,0,'2017-08-01 19:18:55','743651072','Wisozkport',1,'1984-12-03 06:19:14','german58@example.org'),(28,'Jayda','Towne','natus','1988-10-16 15:55:29',0,'Voluptatum aut voluptatem atque explicabo accusantium.','q','Adipisci quisquam ex eveniet doloribus odit ut autem.',0,1,0,'2012-04-19 10:54:54','','Port Tyrellhaven',1,'2008-08-27 07:29:12','jordon.stark@example.com'),(29,'Urban','Daugherty','dolore','1980-11-14 01:01:55',0,'Blanditiis rerum est quos ad dignissimos.','p','Quasi dolor aperiam aut iste eum deleniti quia.',1,1,1,'2017-02-24 16:28:04','1','Maeberg',1,'2003-11-02 15:08:15','runolfsdottir.gino@example.org'),(30,'Lottie','Hirthe','est','1977-07-28 20:11:56',569,'Sed nesciunt ducimus voluptatibus veritatis dolorum.','h','Modi ipsum vel iste nulla ullam.',0,1,0,'2017-11-19 12:07:50','222283051','Lake Christop',1,'2006-09-10 03:02:11','wstiedemann@example.com'),(31,'Maybelle','Roberts','qui','2021-11-23 07:31:31',912492,'Eos deserunt aut aperiam quo.','a','Et aut et et repellendus neque provident nam consequatur.',0,0,1,'2013-05-24 08:03:23','2889680','North Barbara',0,'1994-03-27 17:41:38','kale28@example.org'),(32,'Hosea','Gutkowski','et','1975-08-15 22:12:04',0,'Aspernatur consequatur architecto consequuntur officia animi aspernatur.','z','Consequatur et esse necessitatibus rerum qui.',0,0,1,'2014-09-13 08:54:37','','North Sofiaborough',0,'1973-05-13 03:06:08','dkeebler@example.org'),(33,'Grayson','Sawayn','hic','1990-10-28 16:13:49',34304131,'Asperiores magni odio doloremque provident.','w','Omnis autem est ad in quidem aut id ex.',1,1,1,'2020-09-29 01:14:51','678','Carolinemouth',0,'2006-12-24 15:36:57','loraine64@example.org'),(34,'Finn','Hyatt','sapiente','2003-07-04 10:55:58',21,'At sunt atque ipsum necessitatibus.','c','Architecto sit aliquid repellat provident quasi molestiae.',0,1,1,'2021-05-17 02:44:50','86879708','Kaleville',1,'1989-12-12 13:16:20','verda83@example.net'),(35,'Amos','Muller','impedit','2011-03-21 03:13:54',8277,'Laborum corrupti qui sed officia excepturi optio eos animi.','i','Quo id tempora numquam praesentium ut est esse fuga.',1,0,1,'2018-06-21 06:26:19','56103','Gerlachmouth',0,'2021-05-30 22:39:26','landen.fisher@example.org'),(36,'Kaylin','Luettgen','sit','2005-07-14 13:50:54',0,'Recusandae inventore aliquid commodi quibusdam.','h','Quod in error officia deleniti ipsam dolor.',0,0,1,'2016-03-01 07:36:18','1','Ritchieburgh',1,'1996-04-13 04:38:43','smcclure@example.net'),(37,'Iliana','Stroman','doloribus','1998-11-24 14:09:32',0,'Dignissimos nobis enim nulla harum cumque quia illum.','r','Eum praesentium impedit unde fugit suscipit qui ex.',1,0,1,'2017-10-24 21:32:24','','Andreannemouth',0,'1971-04-15 07:19:01','ole.emmerich@example.com'),(38,'Jacinto','Bruen','reprehenderit','2002-05-04 12:46:52',70019,'Ab sed ipsa delectus labore tenetur.','s','Libero qui nisi voluptas occaecati corrupti aspernatur.',1,0,1,'2016-02-26 21:15:18','','East Rafaelshire',1,'2001-03-23 11:58:20','turcotte.norbert@example.com'),(39,'Thomas','McCullough','omnis','1983-02-13 08:10:21',25256,'Voluptates fugit architecto tenetur incidunt molestiae distinctio a.','v','Magnam nihil alias sed voluptas cupiditate cumque voluptas delectus.',1,0,0,'2017-09-24 18:10:28','5057','Torptown',0,'1986-06-27 01:10:33','ycollins@example.net'),(40,'Amira','Feil','sit','1970-09-28 00:03:33',599270,'Impedit et sunt impedit accusantium.','l','Temporibus ut qui nobis voluptatem.',0,1,0,'2017-06-07 10:54:02','29856585','North Octaviaton',1,'1998-06-24 19:56:38','renner.akeem@example.org'),(41,'Laisha','Osinski','accusamus','1996-06-04 10:05:50',0,'Veritatis sunt assumenda repudiandae tenetur vitae earum velit.','i','Neque repudiandae nobis eos sit molestiae beatae.',0,0,0,'2013-04-06 09:34:50','','New Janet',1,'1994-06-02 11:34:37','agustin.bashirian@example.net'),(42,'Therese','Jakubowski','cupiditate','1979-12-14 02:07:55',127957351,'Itaque sint aut assumenda similique.','i','Repellendus neque quae exercitationem rerum.',1,0,0,'2017-10-23 06:29:22','96038','Garrickport',1,'2003-02-23 13:02:45','leonardo.purdy@example.com'),(43,'Linnea','Corwin','necessitatibus','1986-04-02 19:14:36',6,'Fuga aut qui iste laborum error veritatis.','s','Est est qui esse ipsam.',1,1,1,'2014-09-11 21:49:11','333471565','North Orloberg',0,'2015-09-24 01:13:28','delphia.collier@example.net'),(44,'Marge','Hoppe','aut','1974-11-24 14:27:02',53162045,'Quaerat magni est dolores voluptas.','q','Iure enim laboriosam quam voluptas.',1,0,0,'2016-05-23 00:16:01','44','Kuhnbury',1,'1974-12-02 20:52:40','wolf.chelsie@example.net'),(45,'Twila','Frami','sit','1988-12-08 09:20:50',14,'Ipsum eos cum rerum.','z','Exercitationem qui natus corrupti laudantium aliquam numquam.',1,0,1,'2015-08-15 22:06:46','7128208','Clairshire',0,'2008-07-04 10:06:14','josh.thompson@example.net'),(46,'Maud','Bailey','harum','2014-04-30 08:10:34',0,'Aperiam sit sit odio necessitatibus.','x','Fugiat at mollitia quis aut asperiores doloremque.',0,0,1,'2021-07-06 10:30:54','2103','Hegmannstad',0,'1979-02-04 10:48:45','modesta14@example.com'),(47,'Deshawn','Rohan','excepturi','2003-01-23 05:29:56',50,'Consequatur facilis et neque inventore quia ipsa.','m','Aut sequi saepe et accusantium.',0,1,1,'2020-07-20 10:57:01','255','Wiegandchester',1,'1995-11-25 09:37:06','lane.bosco@example.net'),(48,'Camren','Fadel','beatae','2005-09-01 19:49:52',629,'Ducimus ipsum illo unde quia temporibus est.','q','Unde quaerat et cum.',1,0,1,'2017-06-07 16:17:51','73341489','Lake Wyman',1,'1975-12-03 01:33:05','wuckert.jessica@example.com'),(49,'Catharine','Pfannerstill','voluptatum','2004-05-16 10:09:00',0,'Necessitatibus nihil voluptas illum ut.','e','Numquam perspiciatis molestiae impedit quasi.',1,1,1,'2012-05-11 15:52:25','278','North Damon',0,'1972-09-27 10:36:23','so\'conner@example.net'),(50,'Rodrigo','Huel','et','1978-11-08 16:36:26',4389,'Animi aliquid temporibus error eos eveniet.','n','Voluptate nostrum ut repudiandae a dolor.',0,1,1,'2015-05-20 15:22:04','4','West Shawnfort',1,'2007-09-19 11:40:12','arielle65@example.com'),(51,'Brielle','O\'Conner','et','1976-11-20 16:59:49',71821500,'Quod voluptatem velit enim perspiciatis.','m','Soluta excepturi possimus et sunt voluptas.',1,0,0,'2015-02-12 21:30:02','5680094','Schmelerview',1,'1978-09-11 10:22:22','pmills@example.net'),(52,'Valentina','Heaney','ea','1975-06-09 06:07:53',0,'Temporibus qui quos officia quia quis ut aut corporis.','a','Officiis et reprehenderit unde velit modi aut.',1,0,1,'2021-03-15 14:13:14','266','Gleasonport',0,'1983-05-17 01:33:15','swift.katelyn@example.net'),(53,'Marcus','Ryan','vel','1991-08-12 11:50:15',7505563,'Aut quas est accusamus velit.','r','Doloribus saepe repudiandae libero illum fugiat.',0,0,1,'2018-07-25 22:16:40','82587993','Danielhaven',1,'1981-12-18 02:17:55','gavin.schinner@example.net'),(54,'Kaycee','Larkin','qui','1976-12-18 15:48:36',976733,'Totam laudantium vero animi.','c','Modi occaecati et est vel earum aperiam.',0,0,0,'2017-05-22 02:02:09','91','North Gilberto',1,'1976-02-16 23:24:26','terrill.feeney@example.com'),(55,'Jarrell','Torp','quisquam','2004-01-07 06:58:59',3297172,'Eos aspernatur animi sequi numquam doloremque voluptatibus facere.','r','Ea non voluptatem eius voluptatum aperiam voluptas laborum.',1,1,0,'2014-01-09 16:14:54','7','South Adriannaside',1,'1992-12-28 15:09:16','hrunolfsdottir@example.net'),(56,'Corene','Daniel','alias','1972-02-02 20:20:43',61426,'Et quasi nulla velit ipsum distinctio dolorum ex et.','x','Repudiandae dignissimos vero excepturi hic nisi modi sapiente voluptates.',0,1,0,'2021-05-23 05:38:51','637060','East Karsonmouth',1,'1987-08-03 14:49:57','gia.miller@example.com'),(57,'Mathias','Jast','ipsum','1986-04-29 14:43:45',32265,'Nam omnis quis eius enim aut.','b','Ullam provident labore ratione doloremque.',0,1,0,'2016-06-11 17:07:13','710904','D\'Amoremouth',0,'1980-02-20 01:40:15','zander45@example.com'),(58,'Arch','Stamm','quos','2018-09-22 15:03:18',60136881,'Soluta voluptatem sed dolores distinctio error ea eveniet rerum.','n','Quia commodi dolores dolor soluta facere qui distinctio.',1,1,0,'2020-11-21 23:44:08','','West Chelsie',1,'2018-07-28 18:03:19','kilback.daniella@example.org'),(59,'Elbert','West','recusandae','2013-03-04 06:07:54',183,'Nisi aperiam aliquid ipsum aut id et explicabo.','a','Unde sit et odio.',0,0,0,'2018-02-10 01:44:30','466074125','Reichelmouth',0,'2013-06-17 16:50:11','labshire@example.net'),(60,'Alberto','Casper','repudiandae','2009-10-21 21:22:49',4919,'Debitis et officiis ut eum pariatur odit placeat inventore.','r','Reprehenderit quis tempore impedit tenetur cum maiores.',0,0,1,'2015-02-15 00:03:08','65','Port Daphnee',0,'2002-07-08 19:22:24','mitchell.robert@example.org'),(61,'Sydnie','Mitchell','aliquid','2013-03-29 14:17:23',900,'Incidunt culpa facilis velit nam sint dolor reiciendis.','p','Totam in ad a quo delectus sit.',0,0,0,'2021-07-26 07:08:32','85184','Lesleyborough',1,'2000-04-19 21:32:46','nicole.grant@example.com'),(62,'Shyann','Parker','est','1990-03-01 22:37:39',174875477,'Aliquid maxime odit quis.','w','Possimus in tenetur sunt distinctio.',0,1,0,'2020-10-04 06:19:49','4820171','North Ottiliestad',1,'1974-02-14 00:32:34','marisa45@example.com'),(63,'Breanne','Walsh','vel','1993-10-29 21:50:27',12,'Ducimus et cum unde voluptatem et sed sit.','p','Voluptas doloribus eveniet molestiae neque aut ullam.',0,0,1,'2015-10-03 02:58:03','306592449','Waltertown',1,'1983-01-17 07:03:00','deckow.napoleon@example.net'),(64,'Lourdes','Grady','minima','1994-12-03 03:28:59',998,'Voluptatem atque non et accusamus excepturi.','j','Molestiae temporibus libero numquam vero quia maxime sit.',1,0,0,'2020-10-24 13:08:30','17402836','Timmothyshire',1,'1998-08-30 22:56:30','stark.elta@example.net'),(65,'Dorothy','Gibson','optio','2001-03-14 07:43:14',67766,'Vel sit neque placeat voluptas.','m','Quia qui ex amet quasi.',1,1,1,'2020-06-19 19:02:44','43','Port Naomi',0,'1998-09-19 12:40:21','kuhn.gregoria@example.net'),(66,'Cristobal','Schmeler','numquam','1974-08-31 01:15:30',5,'In saepe iure sint rerum dolorum.','a','Provident sapiente illo ea animi suscipit.',0,1,1,'2012-12-01 21:28:25','70','West Flo',1,'2003-02-28 19:24:42','brandy.mante@example.net'),(67,'Jamison','Carroll','tempora','2009-01-28 19:19:53',58472,'Doloremque culpa iste est et.','m','Aperiam vitae totam saepe non delectus.',0,0,1,'2015-10-14 15:54:41','107523601','East Lucas',0,'2005-09-21 13:03:21','ferne31@example.com'),(68,'Jasmin','King','ut','1975-05-20 08:53:48',828841506,'Facilis consequuntur aut labore nemo atque.','w','Nam ipsa quod eos saepe.',0,0,1,'2019-02-25 00:48:57','936','Port Hassanport',0,'2008-08-27 22:44:13','auer.adolphus@example.org'),(69,'Abigayle','Zieme','in','1990-07-05 11:35:16',211946818,'Quam eligendi dolores maxime est fuga aut sed ea.','n','Consequatur voluptas quis molestias laboriosam voluptatem.',1,0,0,'2013-08-31 13:37:18','342425668','East Michelechester',1,'2022-01-09 22:48:42','cordie22@example.net'),(70,'Bo','Hodkiewicz','tempora','1974-09-06 16:14:12',1,'Inventore ab illum sed reprehenderit maxime labore laboriosam quos.','d','Sit numquam labore rerum.',1,0,1,'2016-12-28 02:29:46','90','Port Emeliemouth',1,'2005-10-19 10:07:09','rwolf@example.org'),(71,'Madelyn','Stokes','quibusdam','1977-10-15 01:24:01',922322,'Excepturi aut non quas eius doloremque.','p','Rerum sunt odit veritatis unde eos.',1,0,1,'2012-12-10 12:35:40','8','Lake Dario',1,'1997-08-09 03:52:20','kbecker@example.org'),(72,'Nickolas','Macejkovic','eaque','1983-12-20 22:07:42',550919,'Dolorem ipsam magni doloremque dolores illo repellendus sapiente.','i','Nisi voluptas consectetur cupiditate in.',0,1,1,'2016-06-30 08:25:01','9040294','New Candaceborough',1,'2020-05-26 13:08:03','aditya.hand@example.com'),(73,'Mazie','Krajcik','natus','2021-09-18 08:38:44',0,'Laudantium ea odio officia ea ex culpa aut.','x','Alias sit dolor totam adipisci molestiae mollitia fuga.',1,1,1,'2018-04-21 06:50:02','21','New Ludie',0,'1990-12-04 00:32:20','reid36@example.org'),(74,'Mateo','Labadie','ea','2001-06-05 22:11:34',4550,'Aut reiciendis et blanditiis.','z','Recusandae labore doloremque autem et provident et.',1,0,0,'2018-07-20 11:45:03','2529884','New Enoch',0,'1971-02-14 11:15:42','hermann.estrella@example.org'),(75,'Adaline','Mraz','ducimus','1994-06-02 21:19:22',929718945,'Ut nisi iusto inventore eaque omnis suscipit.','i','Eligendi unde debitis eos.',1,1,0,'2017-10-23 07:59:40','36499','East Santosberg',0,'1992-07-26 19:18:37','bobby.medhurst@example.net'),(76,'Peyton','Bernhard','explicabo','1973-06-01 07:20:18',2394,'Aut deleniti omnis ducimus qui labore.','w','At minus voluptas beatae.',0,1,0,'2018-06-30 01:25:37','90','Terryborough',0,'2009-09-03 02:58:01','mraz.sherwood@example.org'),(77,'Erich','Pollich','qui','1972-09-16 02:34:12',71401,'Aut aliquid vitae in asperiores.','n','Non corporis repudiandae sit voluptates modi illo.',0,1,1,'2018-06-15 05:06:19','52563','East Lillafurt',1,'1999-04-20 00:09:32','tkuhn@example.org'),(78,'Thaddeus','Quitzon','dolorem','1970-03-16 10:58:45',2,'Autem ut est consectetur quo non.','t','Iusto sit laboriosam sunt hic.',1,1,1,'2013-01-11 03:03:30','73694105','Lake Eldredhaven',1,'1983-11-27 14:25:26','kreilly@example.com'),(79,'Gwen','Robel','omnis','1976-06-19 18:43:05',7,'Accusamus est nisi et perspiciatis.','f','Nihil molestiae et vel expedita corrupti est cupiditate earum.',0,1,1,'2017-05-03 11:37:40','6169','Borerbury',0,'1987-11-07 18:40:21','antonia29@example.org'),(80,'Paolo','Swaniawski','consectetur','2001-10-31 03:16:47',0,'Illum ab similique accusamus aut.','h','Nemo quas nemo reprehenderit sint ullam ut.',1,1,0,'2020-02-11 10:07:59','6','South Hallefurt',1,'2015-10-23 17:38:26','mraz.blaze@example.net'),(81,'Rashad','Durgan','tenetur','1988-04-20 19:49:19',1493,'Sunt sint itaque molestiae sint exercitationem.','r','Ea et aut nobis consequuntur qui.',1,0,1,'2018-01-29 02:25:33','53','Olsonfurt',1,'1990-08-20 22:09:59','crona.elta@example.org'),(82,'Unique','Zulauf','corporis','2019-05-18 21:59:59',828,'Architecto blanditiis ut harum recusandae.','h','Exercitationem illum veritatis nihil molestiae temporibus.',1,1,1,'2015-01-13 00:02:24','250222646','South Elna',1,'1982-05-08 08:20:26','fstracke@example.org'),(83,'Asia','Botsford','accusantium','2015-06-26 17:01:36',95469198,'Aperiam ea quas similique tempore.','n','Laboriosam ex qui non et ut cumque.',1,0,0,'2021-06-29 00:36:34','8','Germaineton',1,'1991-05-20 00:42:33','buckridge.korey@example.com'),(84,'Kevin','O\'Kon','veniam','1972-04-17 11:59:16',85,'Omnis quasi quis dolores magnam.','r','At laboriosam voluptas nobis rerum aperiam mollitia amet.',1,0,0,'2021-09-25 13:24:58','6800237','Ottisburgh',1,'1973-07-28 05:47:28','orin.gleason@example.net'),(85,'Carmella','Blanda','vitae','1976-12-31 08:37:34',59871,'Ipsam culpa eius nihil eligendi animi possimus quidem.','x','Veritatis aut dolore minima natus enim earum.',0,0,0,'2018-01-05 14:13:21','9765715','Lake Kayden',0,'2014-11-25 02:23:27','hyatt.jodie@example.org'),(86,'Magdalena','Barrows','ipsum','1983-09-21 06:11:41',8,'Hic perspiciatis labore quia deleniti quia mollitia quibusdam beatae.','v','Quia sint et quisquam repellat est eaque.',1,1,0,'2012-11-22 13:45:49','7804','Port Loyceberg',1,'1976-01-06 05:17:30','chelsey.willms@example.com'),(87,'Billie','Fay','ut','1987-07-22 22:38:03',83614518,'Qui quam sunt optio itaque qui.','b','Eum laboriosam molestiae quam aut vero amet.',0,0,0,'2018-02-08 11:09:54','513882956','Rodgermouth',0,'1997-08-22 12:39:23','casper.zoie@example.org'),(88,'Lexus','Robel','repellendus','1994-01-22 12:07:29',6648,'Voluptatem ipsam eos ex consequuntur voluptatibus voluptatem.','p','Quas error aut cupiditate.',0,1,1,'2014-07-06 15:47:15','72','Swiftville',1,'1997-03-22 10:32:03','enrico21@example.com'),(89,'Maudie','Pagac','nemo','1984-09-25 22:29:59',268786,'Dolore pariatur soluta dolorem minus quo.','x','Recusandae deleniti quos voluptatibus et.',1,0,1,'2014-03-27 16:46:49','717699329','New Fosterton',1,'1984-08-05 22:48:27','jgreenholt@example.org'),(90,'Olga','Ullrich','quae','1997-09-18 22:30:10',7162,'Explicabo velit porro repellendus harum.','q','Dolorem quia rem minima odit officiis laboriosam ut molestias.',1,0,1,'2016-05-11 16:51:41','6412452','Gislasonville',0,'2015-01-14 02:51:37','skreiger@example.net'),(91,'Kelsi','Wunsch','atque','1978-01-05 10:45:29',0,'Accusamus et molestias accusamus vel dolorem perferendis voluptas aut.','w','Eos omnis et quisquam ex molestiae quod.',1,1,1,'2020-12-31 17:59:38','','Cyrustown',1,'1995-05-17 00:06:06','haley.tina@example.org'),(92,'Winston','Hirthe','quia','1984-09-28 07:34:05',4584483,'Rerum voluptas non quisquam voluptas repellendus et culpa.','v','Quos a eum et repellat a aliquid laboriosam.',0,1,1,'2015-02-12 04:21:51','36','Schinnerport',1,'1992-01-10 18:31:51','madisyn12@example.org'),(93,'Mariano','Leuschke','alias','1996-07-20 16:06:19',423,'Totam minus unde odit minus dolorum.','e','Dolor at sit placeat sed praesentium.',1,1,1,'2014-09-04 16:06:31','743318','Port Derekmouth',0,'1998-03-05 17:20:44','stiedemann.roscoe@example.net'),(94,'Yesenia','Hauck','eveniet','1988-11-11 23:47:05',9411,'Qui et eum quasi assumenda magni deleniti voluptatem.','e','Et assumenda et a reprehenderit impedit in.',1,1,0,'2014-12-23 01:20:55','358126','Zenachester',0,'1995-08-25 21:55:34','lacy.zemlak@example.com'),(95,'Kamryn','Osinski','deleniti','1974-09-28 04:38:03',2,'Voluptatem consectetur harum praesentium est quo sapiente ut quibusdam.','d','Sequi tempore explicabo perferendis officia necessitatibus.',0,0,1,'2014-02-03 13:41:26','57010425','East Guido',1,'1986-07-13 17:33:08','antone90@example.org'),(96,'Haven','Flatley','consequatur','2020-05-07 07:11:32',97,'Id enim quis rerum quae.','a','Neque perferendis porro explicabo nesciunt vel omnis.',1,1,1,'2021-06-28 11:19:54','978','West Lora',0,'1999-11-07 09:30:05','jerde.lou@example.net'),(97,'Johnathan','Schoen','enim','1974-07-20 15:57:15',1029574,'Libero possimus aut pariatur soluta adipisci ex.','v','Ut sint facere autem ad sit asperiores.',1,0,0,'2019-05-24 07:24:51','94305','Goldnermouth',0,'1982-03-26 18:51:53','connelly.sammy@example.org'),(98,'Martina','Koelpin','animi','2006-05-03 04:14:52',1818,'Error rerum nesciunt rerum quos veniam.','v','Unde veniam dolorum est maxime accusantium.',1,0,1,'2019-07-26 15:13:46','3903','Lydatown',1,'1976-11-08 22:13:05','athena.howe@example.com'),(99,'Chesley','Grimes','sit','2013-01-11 20:18:46',48527760,'At reiciendis et voluptate aliquid magni.','e','Vero illo explicabo ea at quibusdam ipsum.',0,1,0,'2020-11-04 01:01:26','463217094','New Jamil',0,'1971-08-08 05:37:41','aklocko@example.org'),(100,'Johann','Abshire','et','2013-01-07 06:26:50',769499100,'Iusto neque quasi sed omnis eligendi nam non.','h','Earum qui quisquam rerum ut eaque mollitia ut.',1,0,0,'2012-01-25 16:23:13','2162287','West Jaydemouth',0,'2003-11-09 06:29:14','jlittel@example.com'),(101,'Claudia','Green','sit','2009-05-27 23:35:44',6876693,'Qui earum laboriosam maiores ex aperiam modi qui.','f','Occaecati aliquid maiores quia.',0,1,0,'2016-05-10 07:22:09','7511682','South Vivianburgh',1,'1994-06-23 02:36:09','patrick.bednar@example.com'),(102,'Lilyan','Kuphal','provident','1976-11-25 10:38:19',896,'Est voluptatibus ut quia eos consequatur.','n','Repellendus ipsum labore dolores debitis qui.',0,1,0,'2018-01-19 23:24:21','26','Port Sammy',0,'2017-11-02 07:40:10','mayra68@example.org'),(103,'Rosanna','Krajcik','ipsum','2016-04-04 09:40:19',5,'Et impedit ipsum quos aut.','p','Ut perferendis aliquam possimus aut.',1,1,1,'2013-05-18 03:59:12','','Spinkashire',0,'1984-03-07 23:37:00','elaina16@example.org'),(104,'Herminia','Kunde','fuga','1989-06-05 17:20:49',60,'Molestiae qui tempore aut nihil quia rerum.','t','Dolor natus quis voluptatum omnis officia.',0,1,1,'2014-07-13 03:27:59','54','Reichertstad',1,'1995-04-26 06:55:29','kuhlman.kaylee@example.com'),(105,'Cierra','Oberbrunner','aut','1974-11-22 10:20:26',27,'Culpa expedita mollitia quia non id autem.','y','Ad voluptas tempore voluptas aperiam nobis aut enim dolorum.',1,1,1,'2019-11-07 11:24:20','12820','Lake Lionelton',0,'1986-12-28 13:50:03','fwiza@example.org'),(106,'Braeden','Spencer','accusamus','1984-02-23 02:01:56',6335,'Hic facere vel libero repellendus esse.','m','Iste laudantium consequatur illo sequi qui.',0,0,0,'2017-05-14 03:10:53','70341109','Jeffreyland',0,'2013-12-10 03:34:40','norene90@example.net'),(107,'Kaya','Christiansen','numquam','2008-03-08 10:11:13',9,'Harum aspernatur ut labore animi velit.','q','Nemo consequuntur eius adipisci placeat ut quaerat atque.',0,0,1,'2012-11-24 12:54:57','631090385','Rosenbaumtown',1,'2018-05-27 21:49:05','bennett.hodkiewicz@example.net'),(108,'Carlie','Ward','velit','2003-11-18 13:31:48',0,'Voluptas qui officiis minima facere.','t','Id et quae eveniet error.',1,0,1,'2017-12-11 15:38:50','2706','Justenshire',0,'2018-08-12 13:39:20','hollis.sawayn@example.com'),(109,'Reggie','Brekke','quia','1979-04-19 16:41:24',259,'Explicabo illo ab alias et tenetur.','k','Sequi eum architecto id corrupti.',1,0,0,'2018-06-10 00:39:27','13820314','Odiemouth',0,'1977-01-19 22:46:27','tkoepp@example.net'),(110,'Talia','Green','eos','1978-02-08 10:22:24',3,'Unde quia ex qui inventore temporibus.','m','Dolorem et qui sed.',1,1,0,'2019-09-24 15:07:45','5','Paucekport',0,'1972-10-09 03:03:38','ziemann.vanessa@example.com'),(111,'Chad','Hane','quasi','2019-06-25 23:01:04',6,'Quo laborum ipsum et et occaecati rem.','k','Architecto nihil necessitatibus velit nesciunt.',1,0,1,'2017-04-07 05:49:53','3503','Lydiaport',1,'1982-07-23 21:30:29','wmann@example.org'),(112,'Yvonne','Predovic','et','1990-07-19 08:59:31',217935080,'Saepe accusantium aspernatur ducimus qui similique.','h','Eaque eaque eius saepe iure.',0,0,0,'2012-07-02 07:30:38','693','Lake Elena',1,'1979-04-25 06:44:26','fritchie@example.org'),(113,'Lori','Shanahan','soluta','2017-10-01 11:47:02',5500,'Nostrum reprehenderit nisi officiis provident quod assumenda.','t','Voluptate quod qui accusantium distinctio nobis quis.',1,1,0,'2015-04-21 10:54:22','401481','East Christinaton',1,'1992-08-15 08:29:06','elza.lowe@example.org'),(114,'Evans','Pouros','alias','1983-07-18 16:10:44',40442,'Recusandae provident quia blanditiis deleniti.','f','Inventore nihil sit deserunt eius eligendi fugit.',1,1,0,'2018-11-14 19:51:33','92','East Aliaville',0,'1996-11-12 16:35:19','schimmel.samantha@example.org'),(115,'Estell','Grady','ut','1972-06-22 19:09:41',0,'Velit ratione beatae natus molestiae sint maxime.','k','Rerum inventore quis laudantium.',0,0,0,'2020-10-14 10:39:46','6','South Colleenport',0,'1981-01-28 22:24:12','francesca26@example.net'),(116,'Carlos','Moen','et','1985-04-12 11:04:43',179598583,'Maiores harum soluta dolores vero placeat non cupiditate.','d','Vel libero sunt aut provident reprehenderit nesciunt.',1,0,0,'2019-09-30 08:18:59','8190400','Rippinville',1,'2017-06-10 00:59:44','kreiger.gilda@example.org'),(117,'Sienna','Abbott','aperiam','1988-09-27 12:41:53',0,'Labore quos aut est non.','d','A cum nobis vel.',0,1,1,'2019-03-13 13:46:12','878775','Bruenstad',1,'1983-03-01 00:42:59','zetta67@example.org'),(118,'Korey','Leannon','et','2009-03-27 23:55:20',39670,'Accusantium enim aut eum eos numquam unde.','e','Et autem excepturi aspernatur itaque laudantium.',1,1,1,'2014-11-19 02:00:33','91','Hilpertview',1,'2015-09-01 21:48:16','adriana14@example.com'),(119,'Armando','Miller','enim','2016-01-08 20:28:58',697760,'Recusandae voluptate ex sed corrupti voluptatem iusto dolorem.','u','Occaecati mollitia et odit eligendi.',1,0,0,'2013-11-17 18:18:36','36','Lake Rylan',1,'2010-05-30 09:44:45','gtorp@example.com'),(120,'Carroll','Beer','ratione','1999-12-10 20:57:42',0,'Nihil distinctio repellat eum eveniet porro sit quis vel.','y','Sunt rem qui modi autem iste numquam.',1,1,1,'2019-10-02 20:46:33','822','Rodriguezmouth',0,'1980-05-01 12:24:27','mathilde.waters@example.net'),(121,'Bertha','McCullough','sapiente','2012-03-02 06:01:48',13437933,'Officiis ut quis velit libero.','w','Hic esse et vel eius.',1,1,0,'2014-07-24 17:38:04','46618317','New Lylamouth',0,'1995-06-11 10:51:52','jast.noble@example.com'),(122,'Travon','Spencer','ex','1985-02-22 19:17:47',57084820,'Totam occaecati in omnis sed ad.','y','Distinctio quaerat est fugit architecto vel qui similique.',0,0,1,'2013-12-16 19:05:13','','Port Dawnview',1,'1974-07-02 18:15:23','zmedhurst@example.com'),(123,'Claudie','Goldner','cum','1996-11-22 10:44:25',3836165,'Perspiciatis voluptatem consequuntur sapiente voluptatibus iste omnis.','e','Omnis consectetur itaque ea repellendus deserunt ullam.',0,0,0,'2019-06-25 16:10:47','97','Lake Justine',1,'2021-01-24 18:08:24','reichert.corbin@example.com'),(124,'Polly','Langworth','doloremque','1992-05-09 16:33:43',3239069,'Accusantium eum ad accusamus qui fugit omnis.','y','Itaque et animi est laudantium earum.',0,1,1,'2020-10-22 04:52:19','3551','West Sterling',1,'1976-10-20 13:54:43','trantow.jaylin@example.org'),(125,'Madelyn','Johns','quae','2004-07-12 00:00:35',1,'Eaque ut qui consequatur vel incidunt labore.','m','Sed voluptates incidunt facilis voluptas minus ut velit.',0,0,0,'2019-03-25 19:42:18','1610964','Oberbrunnerport',1,'2011-04-07 13:19:56','purdy.krystal@example.net'),(126,'Susie','Hettinger','voluptas','1998-05-31 09:37:53',693,'Et possimus unde quo ut.','b','Non non ut deleniti.',1,0,0,'2014-02-25 05:30:26','87020830','West Linwoodtown',0,'1995-04-19 14:33:57','earnestine.mccullough@example.org'),(127,'Wilson','Hoppe','aliquam','2014-10-27 11:36:19',9242737,'Necessitatibus optio ut nulla illum tenetur iusto minima.','v','Deserunt soluta aliquid voluptate eligendi illo.',1,1,1,'2021-01-12 12:39:51','9','New Patienceland',0,'2001-06-10 15:46:20','itorp@example.net'),(128,'Simone','Cummings','doloribus','1979-03-05 12:24:38',28,'Ea veritatis qui qui autem minus nisi est voluptates.','m','Qui culpa rerum nesciunt a beatae alias et.',1,0,1,'2017-12-15 23:23:23','2528','North Ivafort',1,'1991-02-10 03:02:03','ramona77@example.org'),(129,'Ashlee','Keebler','voluptas','1980-05-19 13:21:10',73988406,'Voluptatibus commodi repellendus commodi nemo exercitationem dignissimos expedita.','q','Debitis nisi sit ullam sit cumque.',0,1,1,'2016-02-02 02:54:59','371','Lehnerburgh',1,'1981-01-24 02:09:48','lmorissette@example.com'),(130,'Ashlee','King','itaque','2003-11-11 23:36:47',31604461,'Corporis consequatur quis quo incidunt quia et aut.','g','Vero velit veritatis voluptas.',0,1,1,'2020-09-25 06:16:14','369','Emmetthaven',0,'1988-11-13 18:14:11','harris.darren@example.com'),(131,'Sonny','Wolf','quae','2021-06-27 21:42:51',80437727,'Voluptates ab natus sed repellendus ducimus aliquam dicta.','b','Sit error eos temporibus consectetur.',1,1,1,'2019-01-10 07:23:38','654608','South Mabellefort',1,'1977-01-14 02:13:47','daugherty.kimberly@example.org'),(132,'Margarete','O\'Conner','excepturi','1977-11-24 17:03:17',20,'Excepturi sit aut nam sed.','p','Facere aliquid ut quis sit.',0,0,0,'2014-04-15 14:27:51','8','South Robert',1,'2002-04-17 19:48:03','valerie32@example.net'),(133,'Estelle','Bogisich','quia','2019-03-04 08:00:23',367299,'Rem aut non ut consequuntur libero voluptatem.','z','Reiciendis ipsa ex minima et.',1,1,1,'2014-09-28 13:36:33','6186','Johnsonburgh',1,'1972-02-09 02:31:21','hauck.anahi@example.org'),(134,'Emmett','Tillman','ut','2016-04-22 18:55:17',77,'Aut ut beatae velit corrupti aperiam.','e','Et provident molestias quisquam dolorem.',0,0,0,'2021-10-02 06:34:25','26','Port Devynchester',1,'2003-05-19 00:39:45','zlangosh@example.org'),(135,'Gisselle','Russel','numquam','1998-09-27 01:10:30',9969055,'Quod autem nostrum labore voluptatem id voluptatibus voluptate libero.','l','Optio unde cumque et.',0,1,0,'2019-05-04 09:09:23','5','West Fredrickport',0,'1990-05-24 02:02:46','mylene51@example.com'),(136,'Geovanny','Lesch','saepe','1981-08-12 14:22:42',631282,'Aliquam eum sit non dignissimos velit ut.','e','Aut aperiam voluptatum saepe assumenda quo eaque dignissimos.',1,1,1,'2018-09-26 11:23:41','37644','North Ardith',0,'2016-12-27 04:55:06','sfriesen@example.net'),(137,'Cortez','Hilll','minima','2000-03-09 20:23:26',107,'Occaecati ut quia veritatis reprehenderit dolores quas.','o','Quae qui reiciendis quia aut et sit cumque.',1,0,1,'2017-08-02 21:02:00','44974','Laurianneshire',1,'2015-09-18 22:47:44','melyna94@example.net'),(138,'Annabell','Crona','ut','2012-02-05 18:55:06',2381,'Qui hic illo incidunt rem.','k','Ut in unde aliquam similique sed saepe.',1,0,0,'2020-09-10 17:54:51','608661445','West Milanland',0,'2013-05-14 16:54:12','leone.osinski@example.com'),(139,'Deontae','Erdman','perspiciatis','1990-07-13 08:29:32',7247,'Assumenda distinctio qui tempora sed.','v','Non animi ipsum aliquam qui ipsa sunt.',1,1,1,'2019-07-30 23:31:20','6','Linniemouth',1,'2008-09-19 13:16:12','rodriguez.cyril@example.org'),(140,'Lauren','Dibbert','illum','1993-08-09 02:58:52',4756,'Omnis deleniti voluptatibus sequi quibusdam magni in.','d','Est corrupti molestiae omnis deserunt doloribus.',1,0,0,'2012-11-23 09:47:12','396179988','Barrowsstad',0,'1995-12-24 14:20:47','xhand@example.com'),(141,'Francesco','Rempel','non','1995-04-21 09:26:10',829276,'Dolorem ut qui et alias et molestiae.','x','Quibusdam cumque voluptatem neque quo culpa ut.',0,1,0,'2017-02-25 02:47:25','8209354','East Coty',1,'1973-02-25 22:17:49','hickle.kendall@example.com'),(142,'Eldridge','Friesen','necessitatibus','1993-05-19 05:28:51',4425542,'Aliquam porro doloremque suscipit aut ipsa.','x','Fugit enim quaerat rerum deleniti enim.',0,0,1,'2020-11-24 10:58:27','','Bartellstad',1,'2014-02-22 06:34:35','brennan.keeling@example.net'),(143,'Okey','Shields','est','1973-10-21 12:04:37',5817,'Perferendis porro eos corporis.','w','Repudiandae praesentium quod nihil vero.',1,1,0,'2013-11-26 09:22:37','1','West Nashshire',1,'2010-03-08 04:35:24','eliza.ratke@example.net'),(144,'Aniyah','Kuvalis','rem','1975-12-25 12:51:45',0,'Accusantium consequatur ducimus in iure ea.','i','Maxime autem dolore quos omnis enim numquam eum.',1,1,1,'2017-12-24 03:49:20','6','Lake Clarabelleside',0,'2014-12-18 23:13:00','prohaska.hertha@example.org'),(145,'Elian','Mohr','voluptas','1981-07-13 08:11:08',3,'Ex a consequatur laudantium voluptatem.','c','Iste tempore accusamus nostrum necessitatibus.',1,0,0,'2016-07-23 00:49:58','786114','Starkhaven',1,'1994-06-09 09:49:20','vkeeling@example.org'),(146,'Lamont','Batz','explicabo','2017-04-21 09:35:49',3281,'Et nemo sint eum dolor est.','h','Voluptatem ipsam quisquam id quibusdam.',1,0,1,'2013-05-13 23:28:00','6921958','Rileytown',1,'1995-09-12 23:58:46','jones.sylvia@example.org'),(147,'Avery','Yost','voluptas','1983-07-03 21:17:52',0,'Cumque tempore omnis officia omnis dolores.','g','Adipisci sit commodi qui voluptatem enim.',1,0,1,'2015-02-22 16:18:14','1257877','Rasheedchester',1,'2015-07-03 05:00:55','hilpert.destinee@example.net'),(148,'Princess','Ryan','sequi','1986-11-04 18:28:27',434,'Assumenda temporibus illo eligendi est qui quis nam.','t','Ut aspernatur rerum minima non inventore eum.',0,1,0,'2017-03-23 04:19:04','25448961','Lake Ara',0,'2008-10-18 01:28:21','fahey.douglas@example.com'),(149,'Luella','Collins','doloremque','2017-06-04 23:36:45',0,'Dignissimos sunt nam doloremque quis ea inventore.','q','Ipsam doloremque error eaque illo sunt.',0,1,1,'2015-06-14 22:52:00','267628960','D\'angeloberg',0,'1976-02-29 04:30:39','shanna83@example.com'),(150,'Jonatan','Kulas','temporibus','2020-07-21 11:58:52',0,'Voluptatibus voluptatum sapiente enim exercitationem.','f','Amet quidem et illum omnis.',0,0,1,'2014-12-14 00:33:21','68','Whitefurt',1,'1973-03-15 16:14:50','trent.runte@example.com'),(151,'Caden','Batz','minus','2021-10-08 09:48:14',33,'Molestiae voluptas reprehenderit corrupti qui laborum saepe praesentium.','h','Aut rerum quia quidem saepe nemo.',1,0,0,'2019-04-21 04:41:00','66822','East Ivah',1,'1974-12-08 07:27:39','kheller@example.com'),(152,'Keira','Stoltenberg','omnis','1991-02-11 02:56:18',42359,'Dolores voluptatum sequi laborum aut.','u','Sit sapiente quia perspiciatis occaecati culpa earum voluptatibus.',1,1,0,'2013-04-30 02:22:32','6529','Howelltown',0,'2001-08-09 22:45:54','flo70@example.com'),(153,'Joanny','Crist','ut','1997-12-31 06:32:00',97863428,'Est magni et ad est.','b','Rerum repellat dignissimos odio velit qui dolorem.',0,1,0,'2015-04-13 05:40:51','6183','Tobinville',1,'2017-11-22 10:08:10','reilly.virginia@example.org'),(154,'Dedrick','McCullough','et','2007-10-02 00:04:07',477,'Vel quo vel incidunt aut saepe velit illo.','u','Perspiciatis laborum perspiciatis consequatur odio dolorem dolor cum incidunt.',1,1,0,'2019-12-08 02:35:32','8','Kuhlmanchester',1,'1996-01-25 22:34:30','prempel@example.org'),(155,'Liliana','Swaniawski','voluptatibus','2012-02-09 16:01:36',39,'Et aliquam quia natus illo.','i','Ipsa optio aliquid quos aut exercitationem accusamus.',0,0,1,'2021-04-19 18:37:07','832693','Altheastad',0,'2016-06-13 02:55:27','lind.domenic@example.org'),(156,'Eldred','Dach','earum','2014-05-30 07:32:06',32,'Impedit quo magni distinctio esse sint doloribus.','b','Corrupti et et nesciunt dolorem voluptatem ut rerum.',1,0,1,'2019-10-11 15:21:15','2556068','Georgetteshire',1,'1977-08-22 18:46:24','eunice02@example.org'),(157,'Margot','Reichel','cum','1998-05-13 01:29:51',655,'Dolor beatae reiciendis odit dolores aut.','b','Impedit iste qui odit iure recusandae est odio.',1,0,1,'2021-06-28 05:20:39','114691476','Thaddeusburgh',1,'2015-02-23 12:35:37','brennan38@example.com'),(158,'Obie','Frami','necessitatibus','1989-11-27 07:22:36',0,'Nisi recusandae enim atque nostrum aut dolorem.','v','Saepe eos sapiente ut.',1,1,0,'2017-10-07 12:25:33','234578613','South Kirsten',0,'2018-04-01 23:25:26','cschmidt@example.net'),(159,'Cleo','Aufderhar','ea','2018-01-01 23:39:47',2,'Est quam at excepturi optio nihil qui non sunt.','d','Sed itaque cumque eius non.',0,0,0,'2015-12-01 05:54:45','3077','East Eldridge',1,'2013-02-05 11:57:20','kristy.wunsch@example.org'),(160,'Nick','Ledner','modi','2015-06-14 10:17:17',6058,'A molestiae odit expedita sit.','n','Eos ratione laboriosam earum sit incidunt.',0,0,1,'2020-02-16 23:15:13','53967912','Dickensmouth',1,'2005-12-24 07:18:06','fadel.curtis@example.net'),(161,'Federico','Kunde','est','1978-11-18 16:07:03',571,'Qui voluptas et velit nemo modi possimus libero nostrum.','c','Quisquam consequuntur totam corporis voluptates.',0,0,0,'2013-10-11 06:43:10','3118','Rashawntown',1,'1982-02-26 17:12:58','xmertz@example.org'),(162,'Bartholome','Stiedemann','ratione','1980-01-07 05:14:27',7881,'Possimus et id voluptatem suscipit ut est.','u','Itaque dolorem eum voluptatem exercitationem atque cupiditate.',0,1,1,'2020-11-02 23:38:05','61','East Deronberg',1,'2006-06-09 18:00:42','geraldine.gleason@example.com'),(163,'Nyah','Sipes','tempore','1995-02-14 09:06:48',8106,'Debitis nesciunt adipisci molestias aut possimus.','v','Adipisci aut quaerat nemo ut dolore delectus qui.',1,0,0,'2012-07-24 14:17:51','85307329','East Daynaborough',0,'2000-05-20 07:42:18','esmeralda.hackett@example.net'),(164,'Russel','Carter','rerum','1998-02-19 15:34:38',71,'Ut voluptatibus voluptatem accusamus laudantium nemo.','g','Aut autem ipsum totam vel dolor.',0,0,0,'2013-03-23 00:43:12','37014','East Hiramborough',0,'2005-03-10 01:25:45','jess.satterfield@example.net'),(165,'Dallin','Sauer','itaque','1992-08-21 22:07:17',79441,'Rerum error placeat ut veritatis ea.','b','Tempore beatae sed alias explicabo a et ducimus rem.',0,1,1,'2018-09-18 03:38:34','9112781','Borerberg',1,'1977-04-04 11:56:04','frank.bartell@example.com'),(166,'Rossie','Mante','porro','2013-11-17 11:54:14',69914,'Atque et eaque sed sunt vero eveniet.','z','Ex voluptatem accusamus et architecto cumque repudiandae.',1,0,1,'2013-05-11 11:41:13','393074','Lake Preston',0,'2008-05-24 17:20:24','magdalen.lowe@example.com'),(167,'Harmon','Carroll','nulla','1971-01-27 06:13:35',16762329,'Dolorem labore aspernatur earum corrupti nam.','z','Amet omnis velit unde.',0,1,0,'2012-04-11 10:06:07','82','Lake Joel',0,'2016-05-01 12:53:51','hilll.ahmad@example.com'),(168,'Romaine','Borer','aperiam','1994-03-18 09:20:01',0,'Atque ipsum odio culpa officiis id.','o','Quibusdam aliquam ipsum aut aspernatur qui maxime.',0,1,1,'2014-06-18 17:44:20','412723331','West Blair',1,'2006-02-14 19:43:16','merritt29@example.org'),(169,'Khalid','Auer','qui','1986-05-06 23:05:24',2526937,'Sunt architecto perspiciatis aspernatur similique est.','n','Esse eum enim placeat architecto ea amet.',1,1,0,'2018-03-15 14:35:45','1709926','East Carmenhaven',0,'1989-06-21 15:53:08','collins.terrance@example.net'),(170,'Sigurd','VonRueden','similique','1983-09-30 15:19:00',6885,'Eum numquam atque necessitatibus omnis dolorem quaerat asperiores.','r','Ducimus facilis at odio autem.',0,1,0,'2016-02-20 00:46:45','208154','Saulhaven',0,'1977-05-22 20:27:16','fjakubowski@example.com'),(171,'Ardith','Wintheiser','laborum','1985-09-02 21:45:53',237736904,'Rem cupiditate magnam sed natus soluta.','y','Et autem iusto non non.',1,0,1,'2016-09-29 16:40:21','912','Elvaland',1,'1999-04-18 15:35:58','sporer.estrella@example.net'),(172,'Hollis','Hudson','dolor','2015-05-04 10:05:07',66654275,'Odio odit earum cumque velit at.','v','Officia neque consequatur ducimus laudantium praesentium.',0,0,0,'2014-01-26 23:57:35','','West Bartholome',0,'1999-12-12 17:20:33','xhartmann@example.org'),(173,'Leon','Kautzer','nam','2004-06-21 01:44:50',61825,'Consequatur nobis id eveniet voluptates error quia nihil.','l','Fugiat eius non dolor rem sint.',0,1,0,'2020-12-28 09:00:13','7504','Lake Cassandre',0,'1993-04-05 18:22:23','erwin.borer@example.net'),(174,'Una','Zboncak','laboriosam','2016-10-09 23:39:17',275719358,'Odit dignissimos repudiandae inventore voluptas voluptatem perferendis perspiciatis.','x','Dolore sed totam illo esse exercitationem ex et.',1,0,0,'2017-01-10 10:49:53','90758','Harveybury',1,'2018-08-29 02:13:27','harvey.skylar@example.com'),(175,'Paxton','O\'Reilly','molestiae','2003-11-15 08:45:16',6,'Ut quasi doloribus hic quo quia ad tempora.','h','Veniam perferendis temporibus dolorem quia sit porro.',1,0,1,'2013-10-23 08:32:02','5330031','South Mckenzie',1,'2014-07-25 23:40:16','hammes.elbert@example.com'),(176,'Peyton','Spencer','voluptate','1973-02-23 19:40:41',0,'Neque aperiam incidunt vel.','v','Officiis dolorem cumque debitis laudantium perspiciatis sint facere.',1,1,0,'2012-06-11 21:18:08','6065','North Magnoliaburgh',0,'2021-08-19 23:58:36','wsimonis@example.com'),(177,'Kristofer','Zemlak','eligendi','2008-05-14 11:32:58',9,'Aut velit doloremque sequi pariatur recusandae.','d','Incidunt aut dolorum incidunt at enim quaerat mollitia.',0,1,1,'2018-03-10 22:29:47','460','Johannmouth',1,'1994-12-04 23:42:25','aaliyah65@example.net'),(178,'Alexys','Schaden','aspernatur','2000-07-08 23:03:22',93,'Harum libero alias explicabo qui.','h','Ipsa tempora pariatur voluptatem et.',1,0,0,'2022-01-03 00:10:39','76193','Beatriceview',0,'1972-12-24 01:45:27','qkub@example.org'),(179,'Hallie','Johnson','necessitatibus','2015-01-01 06:54:16',0,'Accusamus qui aut nemo.','x','Dolor quidem et voluptatem molestiae quis.',1,1,0,'2016-09-18 04:52:20','','New Enolaview',0,'2009-11-17 21:53:47','nernser@example.net'),(180,'Itzel','Hamill','possimus','1982-11-11 13:27:01',37047560,'Sit cumque quas autem autem.','c','Possimus eum odit nostrum ducimus.',0,0,1,'2016-02-25 02:59:35','32','Lake Damianmouth',1,'1993-07-26 16:41:49','makenna24@example.net'),(181,'Xander','Armstrong','fuga','2021-08-05 10:00:48',8789,'Adipisci expedita mollitia et.','l','Enim natus iure asperiores quidem quaerat.',0,0,1,'2015-01-05 15:26:32','681276','Joanneland',1,'1983-07-26 03:14:16','lindgren.jean@example.org'),(182,'Tina','Weimann','occaecati','1973-08-04 19:38:11',118,'Quo est at iusto quia et voluptatem.','n','Error libero magnam ut vero.',1,0,0,'2020-02-23 01:20:02','4729','Mrazmouth',0,'2010-04-20 18:01:03','malachi42@example.org'),(183,'Davonte','O\'Keefe','excepturi','1973-01-07 07:36:16',526350,'Dolores a quas accusamus tempora laboriosam sint accusantium.','y','Placeat et nam repellat assumenda.',1,1,1,'2012-01-24 05:30:36','','Lake Eltahaven',1,'1984-11-12 07:07:24','gunnar88@example.org'),(184,'Jacques','Kessler','commodi','2010-02-03 16:39:40',33995469,'Facere molestiae cupiditate porro omnis quibusdam.','t','Vitae sint qui sit corrupti commodi.',1,1,1,'2019-11-15 06:38:57','770435','Lake Constantinville',0,'1989-06-11 11:05:48','lhaag@example.net'),(185,'Serenity','Bechtelar','sapiente','2012-10-17 01:46:20',4544293,'Voluptatem quia cum deleniti.','c','Maxime aut rerum nihil ab aut est.',1,1,1,'2018-05-12 09:54:10','7','Strackeberg',1,'1981-11-29 05:22:09','block.rosella@example.org'),(186,'Delpha','Corwin','minus','2005-07-04 09:38:50',502,'Ut incidunt sunt rerum ipsum.','l','Quia impedit nostrum ea dolore maxime ipsa.',0,0,0,'2016-07-19 22:10:04','2','Noeliahaven',0,'2010-01-05 15:35:59','caitlyn41@example.net'),(187,'Bailee','Bernhard','placeat','2011-12-29 12:10:11',342,'Odit minima nihil incidunt est.','u','Assumenda laborum quaerat quaerat maiores sequi.',1,0,1,'2014-08-20 05:27:08','547673190','Shirleystad',0,'1978-09-14 13:25:04','margarete.schmeler@example.org'),(188,'Javonte','Friesen','quas','2021-02-18 10:26:07',7,'Praesentium quaerat harum cupiditate et ratione officia ea.','a','Ab vel sed ipsam non.',1,0,0,'2020-08-01 00:17:14','31966','West Green',0,'1980-05-05 08:08:32','braden10@example.net'),(189,'Torrey','Cruickshank','tenetur','2007-04-27 17:07:22',4,'Voluptate voluptatem ipsa voluptatem doloribus consequatur.','k','At dolor debitis iste voluptas minima.',0,1,1,'2016-11-23 22:55:55','98','Port Alta',0,'1998-10-03 08:03:55','hamill.jada@example.net'),(190,'Brandi','Zieme','tempore','2004-11-13 19:17:17',4,'Sit aut consectetur dolores earum.','a','Nostrum repellat corrupti rerum qui voluptatibus nobis natus.',0,1,0,'2013-11-17 17:34:48','694510','Kayleemouth',0,'2017-10-28 11:40:29','herminia75@example.net'),(191,'Isabel','Nicolas','ut','1973-06-10 17:33:41',488302,'Ab nam vitae cumque.','t','Sit non fugiat magnam inventore porro animi.',0,1,0,'2012-08-12 23:35:36','6170','Nehatown',0,'2015-05-25 14:22:37','twilderman@example.com'),(192,'Wilma','Carroll','deserunt','2005-05-31 13:23:26',252,'Aliquam et vitae consequuntur quas ad culpa.','v','Aut aut impedit itaque quae amet.',0,1,0,'2021-09-29 22:18:17','96561','Huelshaven',0,'1970-02-04 08:16:38','jane02@example.net'),(193,'Kiarra','Mosciski','qui','1993-08-05 05:27:16',429007217,'Non dolorem aut minus quisquam aut.','q','Cum soluta quaerat cumque et est.',0,0,0,'2020-06-21 08:28:15','832966','Bernhardville',0,'1976-07-20 09:19:46','kayley91@example.com'),(194,'Thomas','Schiller','voluptate','1995-08-19 15:29:02',514,'Ut et amet voluptates recusandae nesciunt est mollitia est.','u','Nostrum ratione voluptatum esse deserunt exercitationem corrupti facilis.',0,0,1,'2018-12-24 04:05:05','8','Kovacektown',1,'1976-08-29 05:10:31','manley59@example.com'),(195,'Adrien','Collier','explicabo','2010-08-05 17:33:32',206631,'Accusantium ea totam est suscipit quisquam iusto cupiditate iste.','x','Quaerat accusantium sit ipsa reiciendis id similique sit.',1,1,1,'2017-05-12 09:33:37','67272342','Schoenville',1,'1970-02-15 20:05:00','dickens.jeffry@example.com'),(196,'Alexzander','Bechtelar','temporibus','2020-12-13 17:45:32',561,'Dolor sint ad ratione impedit.','q','Blanditiis magni perferendis nihil mollitia recusandae.',0,1,0,'2017-03-09 18:09:48','16835','East Scottieburgh',0,'2013-08-23 06:36:06','retta28@example.org'),(197,'Keaton','Lowe','hic','2009-09-15 13:55:29',6143,'Eligendi rem enim ducimus molestiae.','z','Veritatis dolorem facilis impedit quisquam inventore.',0,0,1,'2015-03-28 05:20:26','37746','Darwinside',0,'2009-12-06 21:05:51','destiney.schneider@example.net'),(198,'Gino','Considine','sed','1998-11-07 18:17:54',941,'Quo voluptas aliquid quo odio dolorem quibusdam minus.','f','Illo dolor incidunt aliquam voluptatum et dolore labore.',1,0,0,'2015-06-02 19:52:23','679','East Maymie',0,'1978-07-16 11:03:36','walter.elisa@example.org'),(199,'Clemmie','Emmerich','suscipit','1992-11-29 11:32:10',12704,'Qui saepe autem optio id.','w','Rerum et quaerat maiores dolorum et id laborum.',1,1,1,'2015-06-11 07:30:00','','Barrowsville',1,'2021-03-31 14:56:22','lo\'connell@example.net'),(200,'Jaylon','Hackett','veniam','1982-07-26 16:13:03',0,'Voluptas facere quia architecto cupiditate.','w','Vel nostrum minima consequuntur autem quo repellendus cupiditate.',1,1,1,'2022-01-08 03:40:00','','Lake Letha',1,'2003-03-05 01:58:09','mante.teagan@example.net'),(201,'Loyce','Metz','quisquam','2012-03-10 22:35:50',574330,'Quod suscipit ab ullam temporibus at.','y','Nobis omnis consectetur impedit ullam.',0,1,1,'2012-09-01 13:07:42','257340','South Garnettton',0,'2010-05-29 07:28:39','camryn89@example.com'),(202,'Josue','Kihn','error','2018-12-04 06:34:48',82,'Enim occaecati nisi quasi voluptatem.','y','Et quo sed repellendus quasi.',0,1,1,'2019-04-07 16:18:39','1','Meaganburgh',1,'1979-04-14 10:17:16','hamill.dayton@example.org'),(203,'Alison','Schamberger','laboriosam','2009-11-05 21:12:57',4976,'Ut et non officiis accusamus laborum pariatur sint.','d','Voluptate fuga accusamus ut qui perspiciatis.',0,1,1,'2012-09-11 23:02:03','','Adeletown',0,'1980-02-23 02:33:08','lubowitz.michaela@example.org'),(204,'Litzy','Dare','exercitationem','2016-06-13 23:43:39',0,'Deleniti inventore molestiae velit facilis tenetur voluptatem.','h','Dicta voluptatem qui inventore et accusantium.',0,0,0,'2016-07-18 13:51:57','','Port Ignacioview',0,'2020-03-30 08:52:02','ritchie.lonie@example.net'),(205,'Helmer','Kshlerin','maiores','2012-10-23 09:52:23',82,'Rem id aut eius sequi quo ullam.','h','Minus ut similique architecto consectetur nam quis quam magni.',1,0,1,'2014-11-18 07:42:38','20791','North Prudence',1,'1997-07-10 21:34:54','kathryn.murray@example.net'),(206,'Nichole','Smitham','quam','1982-07-14 02:43:14',9685054,'Necessitatibus dolorem nemo unde est architecto a voluptates.','y','Ullam mollitia porro qui sint.',0,1,1,'2016-08-28 03:21:19','8348471','South Ericville',0,'1983-06-10 12:49:34','regan25@example.org'),(207,'Kristofer','Fadel','in','1973-04-18 21:44:38',621225,'Esse molestias ut odio dignissimos quis.','h','Magni ipsam aperiam hic est.',1,1,0,'2012-04-16 22:04:00','113','South Emmaville',1,'2007-04-08 05:37:34','irving18@example.com'),(208,'Paige','Beier','minus','2016-04-28 13:56:20',28537580,'Voluptatibus facilis quam eum ipsam laboriosam quia aperiam.','s','Et repellat qui est voluptatibus.',1,1,1,'2015-02-06 07:51:42','','Daynaville',1,'1976-10-21 21:44:21','tromp.kasandra@example.org'),(209,'Evert','Hettinger','et','2011-05-19 08:34:47',569891,'Nobis doloribus aut animi impedit non.','b','Cumque et ipsam nulla est quod ut.',1,0,0,'2015-03-24 16:25:44','183','Chandlershire',1,'1995-10-22 22:44:20','von.camila@example.org'),(210,'Alfred','Kris','ipsa','2013-06-11 11:19:22',265986673,'Molestias culpa quia id non facilis dolore qui.','f','Culpa nihil eos ipsa rerum ratione rem voluptas.',1,0,1,'2014-05-06 23:04:24','7494093','Dachborough',0,'1986-01-31 04:26:38','lueilwitz.lacy@example.com'),(211,'Lea','Nolan','eligendi','2014-06-13 08:34:09',689039626,'Repellat fugiat ullam earum perferendis sapiente quam.','c','Eum ex optio voluptas dolor accusantium quas aliquam.',1,0,1,'2012-12-19 08:41:08','189371099','East Zoeyburgh',1,'1980-11-19 18:09:20','orval.vandervort@example.com'),(212,'Ursula','Schiller','est','1991-01-20 14:57:24',5765687,'Velit iste non sequi illum rem aut.','v','Quia in fugiat ullam quidem optio.',1,0,1,'2019-11-01 12:16:41','','West Jackstad',0,'1987-10-07 09:34:50','jacobs.nola@example.org'),(213,'Brendon','Greenholt','non','2014-07-17 23:36:16',756,'Eius a similique enim molestias quasi molestiae cum.','l','Aspernatur accusamus alias error consequatur voluptas dolores eligendi.',0,0,0,'2013-12-01 08:39:56','44','Torphyton',0,'2013-10-02 06:06:17','dooley.dorthy@example.net'),(214,'Kim','Bahringer','officiis','1976-02-05 12:35:52',855,'Qui earum incidunt ut impedit consectetur et.','c','Quis iusto non quas et.',0,1,1,'2013-08-17 19:37:58','963','South Maudbury',1,'2008-12-10 08:21:49','gdaniel@example.net'),(215,'Casimir','Wyman','dolore','1978-05-02 01:46:43',6,'Necessitatibus inventore reiciendis amet aut consequatur autem quis.','p','Repudiandae ducimus sit velit sint nesciunt ut.',1,1,1,'2020-09-24 14:15:01','142073082','Angelicachester',1,'1972-05-21 22:18:17','tommie93@example.org'),(216,'Marguerite','Wisoky','harum','1992-10-20 08:50:42',8186382,'Sed reprehenderit possimus dolor exercitationem voluptas.','f','Nesciunt omnis ut possimus doloremque eum aut.',0,0,1,'2018-02-16 06:24:14','4','New Nathanialville',0,'1981-01-11 18:58:15','zhuels@example.org'),(217,'Janiya','Heller','ratione','2016-07-17 16:36:53',0,'Officia eum laudantium in et.','q','Delectus sed laborum est facilis eligendi consequuntur.',0,0,0,'2016-06-30 17:50:03','56956482','Leannonfort',0,'1981-11-17 02:38:49','marcelo.bosco@example.org'),(218,'Joanne','Prosacco','blanditiis','2014-01-30 07:04:54',69362373,'Laborum neque dolores earum ut.','d','Velit modi praesentium laborum quasi ut cum aliquid eius.',1,0,0,'2021-05-17 01:00:18','2','Dachfort',0,'1988-09-16 23:40:24','anissa91@example.com'),(219,'Hans','Wisoky','ut','1990-09-11 01:23:36',8279,'Ex maiores accusantium nemo.','v','Officia minus facilis ut rerum perspiciatis rerum.',1,0,0,'2020-09-13 22:55:34','56701572','New Emmettown',1,'1995-11-09 06:40:18','kautzer.jennings@example.com'),(220,'Koby','Gerlach','odit','2001-01-28 01:32:15',3,'Minus qui ut distinctio.','l','Nostrum consequatur et quo tempora.',1,0,0,'2014-10-12 11:02:27','223','Nikolasside',0,'2003-08-26 23:32:53','tommie12@example.net'),(221,'Elias','Batz','dolore','2010-08-18 17:22:15',0,'Enim rerum id nostrum dolores minus odio.','x','Eos ut perspiciatis ducimus aliquid eos aliquam consequatur.',0,0,1,'2015-01-13 20:22:42','4494','Edwinmouth',0,'1974-05-11 23:03:03','mcrona@example.net'),(222,'Rey','Kuphal','similique','1998-10-06 07:35:21',68051880,'Quidem tempore iure quidem praesentium est asperiores ut voluptas.','u','Rem et voluptatem deleniti et velit praesentium dicta aliquid.',0,1,1,'2015-10-17 16:45:29','34','Narcisoville',1,'1999-12-20 07:19:05','lafayette85@example.net'),(223,'Krista','Macejkovic','asperiores','2019-10-08 01:08:39',4,'Perferendis doloremque vel aut.','b','Sunt veniam aut aut voluptate temporibus est.',0,0,0,'2015-04-15 04:03:48','','North Maryamland',0,'1998-10-21 16:42:51','russel99@example.org'),(224,'Watson','Trantow','eius','1973-03-13 09:24:38',5,'Sint sunt sint sunt.','m','Impedit temporibus enim dolorum repellendus.',0,1,0,'2013-04-09 00:07:37','11','Crooksfort',1,'1980-07-23 08:31:29','laurianne35@example.net'),(225,'Adele','Shields','et','1970-06-26 04:02:18',102149102,'Omnis at aut est velit.','f','Qui laborum consequatur officiis dolores nisi tenetur omnis.',1,1,0,'2018-03-28 02:07:47','41360','East Rossie',1,'2001-07-23 05:02:56','ywill@example.com'),(226,'Bryce','Gislason','et','1987-03-22 18:46:33',87677,'Soluta cumque inventore repudiandae nihil a quod voluptatum.','k','Consequatur sit tempora saepe magni dolorem dignissimos ad.',1,1,1,'2018-11-13 10:23:23','34184057','New Cheyanneton',1,'2018-01-18 23:02:57','eleonore.bechtelar@example.net'),(227,'Anya','Luettgen','laudantium','2019-01-21 15:57:30',9187,'Placeat excepturi non recusandae in.','m','Nisi dolor quo porro suscipit.',0,1,0,'2015-02-24 02:22:18','5683','Gerholdview',1,'1990-10-19 12:56:01','therman@example.org'),(228,'Donato','Walter','et','1976-09-27 20:32:25',953838532,'Voluptatem rerum iusto quia consequatur ex distinctio dolor nihil.','u','Recusandae corporis non omnis blanditiis qui.',0,0,0,'2016-09-13 01:10:14','321731894','Dareburgh',0,'2019-09-22 13:11:04','frances.russel@example.com'),(229,'Fay','Gaylord','molestiae','2016-04-30 01:21:30',7469,'Voluptas rerum laborum maiores et.','a','Alias consectetur perspiciatis esse.',1,0,1,'2017-12-26 09:37:50','6394378','Agnesberg',1,'1978-12-10 08:02:51','ularson@example.com'),(230,'Buster','Johns','nisi','1992-01-03 02:12:55',2,'Repellendus cupiditate porro et et cum ut veritatis.','i','Est officiis earum velit eos similique.',0,1,0,'2012-07-17 22:36:48','571871340','Geraldview',1,'1972-09-15 15:43:45','knienow@example.net'),(231,'Margaret','Purdy','et','1991-04-11 04:19:09',58948877,'Sit aperiam velit non.','a','Dolores quia animi nam expedita laborum at cum quia.',0,1,1,'2013-11-25 14:24:43','5','Cormierhaven',0,'2016-10-18 08:58:34','aubrey.conroy@example.org'),(232,'Corine','Stokes','commodi','2002-10-05 01:38:57',24928457,'Beatae error ab facilis.','n','Quia nobis soluta officia eum dignissimos porro.',1,0,0,'2021-11-22 13:51:40','','Wiegandton',1,'2005-01-06 11:46:04','clark42@example.net'),(233,'Toby','Pfeffer','similique','1976-01-15 15:09:22',53982,'Quod suscipit neque non distinctio.','i','Minima est repudiandae quaerat ut ut ipsam.',0,1,1,'2021-12-15 14:15:07','88','Deckowton',1,'2008-10-02 20:05:18','funk.haskell@example.org'),(234,'Hiram','Kassulke','autem','1973-05-02 04:39:23',54,'Ea et non illo.','j','Quos nihil cum ut cum ex et.',1,0,1,'2012-12-10 17:57:10','5992791','Doyleside',0,'2012-07-04 16:09:31','aurelie.herman@example.org'),(235,'Joanne','Ernser','ratione','1976-09-28 15:07:04',3,'Et quod quas officia nobis.','s','Ducimus itaque deleniti animi ducimus ut inventore fuga.',0,0,0,'2019-11-24 17:37:06','693461','New Timmy',0,'1971-10-18 14:40:20','irunolfsson@example.com'),(236,'Jaycee','Nolan','accusantium','1975-02-03 08:28:48',0,'Dicta quasi illum officia.','v','Consequuntur dignissimos ut similique et fugiat tempora architecto cupiditate.',1,0,1,'2020-01-12 23:23:09','63','Manuelhaven',1,'2020-06-15 23:28:43','igraham@example.net'),(237,'Rossie','Nitzsche','error','2015-06-06 19:19:38',477235849,'Expedita et repellendus tenetur cum quis dicta.','n','Voluptatem incidunt rerum totam.',0,1,1,'2012-02-20 10:54:10','39','East Elianeview',1,'1982-10-11 10:01:38','hegmann.christopher@example.org'),(238,'Shayne','Kozey','iusto','1983-07-06 13:40:23',7628845,'Possimus facilis voluptatem in veniam.','a','Rem ex ipsam ut aut aut beatae qui ducimus.',0,1,0,'2020-01-17 10:18:19','5718','South Angustown',0,'1983-02-02 11:01:02','rachael99@example.com'),(239,'Ford','Kessler','voluptates','2019-08-04 03:17:32',61619,'Consequatur voluptate ratione voluptatem temporibus qui laudantium dolor.','g','Quia ut amet est.',1,0,1,'2017-03-10 00:56:45','57816330','Port Dannie',0,'2021-12-23 14:28:41','cordell66@example.net'),(240,'Haskell','Mraz','officia','2002-06-11 17:16:13',84,'Quia id mollitia ducimus debitis incidunt quasi laborum aut.','x','Commodi autem harum vel autem accusamus.',1,1,1,'2019-08-12 21:24:06','3','Bayerburgh',1,'2002-01-09 03:10:39','von.heloise@example.net'),(241,'Pink','Adams','necessitatibus','1993-08-25 21:59:12',0,'Iure est veritatis non voluptatibus velit.','k','Voluptatem nobis aut ea corrupti sit suscipit.',1,1,0,'2015-08-05 13:20:45','59161633','Port Bernadette',1,'1975-08-16 18:58:41','anissa65@example.com'),(242,'Jailyn','Weimann','libero','2001-04-11 09:05:32',69983,'Cumque maxime maiores tempora ipsa.','s','Minus sed dolore animi necessitatibus temporibus.',0,1,1,'2019-06-14 08:56:05','27','Celinestad',0,'1991-12-01 19:17:23','kaley.murphy@example.org'),(243,'Jake','Moore','quod','2002-03-27 13:59:36',99485966,'Ratione dolores sed iste quasi molestiae facere pariatur.','w','Veniam maiores mollitia atque in.',0,0,0,'2017-07-22 11:10:59','4763','Hoegerstad',1,'2018-07-02 12:20:57','cartwright.berta@example.net'),(244,'Evie','Greenholt','dolorem','1982-11-20 16:29:29',0,'Et quod et placeat et aliquam eveniet quasi.','q','Quis sequi dignissimos provident inventore.',0,1,0,'2019-09-02 21:44:41','6473246','Lake Josefa',1,'1982-12-25 04:02:25','muhammad60@example.net'),(245,'Pauline','Krajcik','ut','1973-12-16 13:35:33',21952,'Excepturi quisquam a est voluptatem.','p','Delectus dolorum dolor animi error accusamus quia.',0,1,0,'2019-06-02 18:56:17','273','Kieranfort',0,'1983-10-24 10:31:17','zbergstrom@example.org'),(246,'Antonina','Schulist','autem','1988-05-01 08:54:10',939,'Est et similique qui blanditiis possimus.','j','Dignissimos ab facilis sunt minus ipsam sed accusamus.',1,0,0,'2012-02-29 14:18:40','','Kesslermouth',1,'2018-08-29 06:13:36','stanton.felton@example.com'),(247,'Gage','Braun','quae','2010-03-30 10:07:22',4277150,'Consequatur architecto eius praesentium in ratione aliquid dolorem.','q','Hic est omnis quos sit.',0,0,1,'2014-09-30 03:07:19','246412','Robertafort',0,'1998-07-17 21:10:26','jennie.treutel@example.com'),(248,'Ludwig','Wolf','alias','2009-03-16 02:25:14',699273,'Sint voluptatem dignissimos eum officiis quidem.','v','Rerum laborum sit ipsa impedit aut quibusdam.',0,0,0,'2021-11-04 05:29:51','5194792','Rippinhaven',1,'2019-01-24 04:28:52','oarmstrong@example.com'),(249,'Oscar','Green','repellendus','1980-03-23 22:05:36',5,'Quia nobis consequatur et consequatur perspiciatis aut.','r','Consequatur dolorum doloremque praesentium.',0,1,0,'2013-09-17 04:55:07','','Clarkfort',1,'2015-05-23 16:58:21','o\'reilly.bradly@example.com'),(250,'Mac','Robel','debitis','1977-03-13 15:56:27',0,'Omnis unde quae autem consequatur nesciunt.','d','Omnis officia doloribus ipsam libero aut architecto.',0,1,1,'2016-05-26 23:23:47','379','North Lucasbury',0,'1990-12-31 11:38:53','elvis50@example.net'),(251,'Jazlyn','Renner','deserunt','2021-03-07 22:21:55',3782261,'Est impedit voluptatem consequatur sunt est eum.','v','Itaque numquam aliquid magnam vel et.',0,0,1,'2020-05-16 11:27:35','7918027','Port Telly',1,'1996-05-05 08:45:40','trobel@example.org'),(252,'Mandy','Haag','id','1999-09-29 21:44:42',210447921,'Accusantium voluptatibus omnis mollitia quasi aspernatur asperiores.','i','Eos aliquid ut non in sint aperiam mollitia.',1,1,1,'2012-11-12 23:48:52','592089102','West Levi',1,'1982-07-01 04:43:41','fbrakus@example.com'),(253,'Furman','Powlowski','facere','1972-07-21 18:43:46',830070,'Ea voluptatibus ea perspiciatis recusandae sit consectetur exercitationem.','j','Excepturi et sequi architecto sed nobis.',0,1,0,'2015-03-12 09:50:34','81','Micheleborough',0,'1982-05-07 00:27:46','alfreda61@example.com'),(254,'Lyla','Beer','repellendus','2010-01-17 02:08:33',3006,'Vel ut cumque eligendi necessitatibus fuga.','j','Neque laboriosam amet quam sint aut ut.',1,1,0,'2012-04-29 02:33:57','60070','Stephenmouth',1,'1976-10-14 22:01:00','karine34@example.net'),(255,'Fanny','Morar','architecto','1990-03-28 06:40:11',46080,'Provident ipsam nam et sunt in dolorem.','l','Vel repellendus tempore quas quidem.',1,1,1,'2016-10-08 14:31:00','191967','Brendonburgh',0,'1983-06-15 08:01:01','zo\'connell@example.net'),(256,'Perry','Ankunding','nam','1997-12-07 19:34:59',58571914,'Qui et quia eveniet veniam natus at vitae.','c','In dolorem hic temporibus ratione enim eaque eos omnis.',0,0,1,'2015-07-06 11:20:13','65514311','North Minniefort',0,'1989-04-16 17:57:06','tdavis@example.net'),(257,'Sterling','Haag','quis','1972-08-26 07:20:37',908,'Deleniti aut quis qui et sit.','o','Magni exercitationem minima error eius tenetur.',1,0,0,'2014-11-04 06:34:42','','Lake Erikfurt',1,'1988-05-03 13:39:30','pacocha.leonardo@example.net'),(258,'Cyril','Gutkowski','nihil','1984-04-23 01:47:29',599412,'Totam nobis molestias nihil.','e','Molestiae ipsa harum eum animi omnis quia dolor.',0,1,0,'2013-04-13 07:33:30','48','Lake Arturotown',1,'2012-12-15 22:37:06','kwalker@example.org'),(259,'Lou','Walter','nulla','1992-06-09 19:44:23',9467289,'Ipsa beatae reiciendis quasi beatae mollitia mollitia.','h','Dolor commodi eum expedita sed maiores nobis veniam.',1,1,1,'2014-08-31 18:26:20','1905118','Cummeratashire',1,'1977-03-21 13:42:56','hwolf@example.net'),(260,'Trace','Donnelly','reiciendis','1978-05-03 17:14:42',51853,'Nam eveniet laborum ea at id quia.','n','Dolor blanditiis sapiente ipsam corrupti reprehenderit nam rem.',0,0,1,'2015-11-25 17:26:21','324','Port Leo',0,'1983-12-08 17:26:55','tleffler@example.net'),(261,'Janiya','Gusikowski','sunt','1980-04-27 23:23:52',2,'Vitae fugit delectus qui aliquam.','l','Ullam molestiae officia qui molestiae distinctio sapiente.',1,1,1,'2017-08-01 21:05:01','','South Jacques',0,'1993-07-18 11:55:15','linda.bruen@example.net'),(262,'Lavonne','Watsica','ab','1998-10-06 20:27:20',491221567,'Ex eos et voluptas quos.','m','Voluptates non et eligendi dignissimos et voluptatem.',0,0,0,'2012-09-15 04:47:12','2','East Howardmouth',0,'2010-03-23 13:53:51','brendon.reichert@example.org'),(263,'Flo','Kris','accusamus','2020-10-22 11:23:58',681518139,'Est ab nulla minima enim.','g','Earum temporibus provident voluptatem fuga aut.',1,0,0,'2017-03-25 07:45:54','58546','West Lexi',0,'2013-01-25 12:21:19','schuppe.alva@example.net'),(264,'Davion','Weber','at','2009-12-10 02:16:08',39560,'Animi quisquam quo nesciunt odio eos culpa.','g','Autem blanditiis exercitationem eaque voluptatem incidunt.',0,0,0,'2014-06-06 08:44:58','89','Buddyville',0,'1982-10-28 19:18:09','jane.zulauf@example.org'),(265,'Dortha','Herzog','amet','2005-11-04 16:13:52',253,'Sunt voluptatum et sapiente ut.','x','Quisquam modi quas omnis laborum consequatur laborum quibusdam.',1,0,0,'2012-03-04 23:24:27','','Scottyhaven',0,'1978-05-26 12:49:04','ucronin@example.net'),(266,'Marley','Kulas','ad','2020-01-02 13:25:33',2594,'Eum et laboriosam rerum tenetur praesentium.','c','Aperiam officiis iure et nemo exercitationem.',1,0,0,'2021-03-18 13:04:23','34479','Schimmelfort',0,'1994-10-11 11:05:15','jesus50@example.com'),(267,'Ted','Rau','doloribus','1974-12-01 19:14:11',35017678,'Culpa sit quod ipsa eum commodi.','s','Enim veritatis et totam recusandae.',0,0,0,'2017-09-25 07:28:40','22437812','North Violette',1,'1998-11-18 06:59:31','kconroy@example.net'),(268,'Macey','Vandervort','voluptates','2020-01-13 13:57:57',595118,'Beatae debitis perspiciatis ut enim autem quia aliquam.','x','Aliquam deleniti qui neque dolores iure tempore.',0,0,1,'2017-06-07 23:25:11','177','East Makenzie',0,'2021-12-20 21:02:24','crawford.d\'amore@example.net'),(269,'Katlynn','Pollich','ad','2019-10-17 03:02:15',953403,'In error vitae saepe optio omnis quibusdam.','k','Voluptatum harum quia voluptatibus aut voluptas consequatur et.',0,1,1,'2012-07-24 04:24:18','','East Candido',0,'1992-06-17 10:58:47','pzemlak@example.org'),(270,'Janiya','Lynch','aut','1974-06-11 18:40:35',93713669,'Deserunt voluptatibus dolorum ea rem maxime et.','h','Et ex quisquam odio accusantium.',1,1,0,'2020-07-27 16:15:40','3863116','West Christiana',0,'2008-12-26 15:48:04','schoen.mathias@example.org'),(271,'Tommie','Thiel','dolor','2019-02-19 03:34:58',0,'Aut autem sit facilis tenetur cupiditate rem repellendus.','v','A soluta ratione repellendus et qui.',0,0,0,'2020-07-17 22:14:10','62','West Sandraside',1,'2010-10-02 00:00:18','okoch@example.com'),(272,'Everette','Hickle','voluptatum','2016-08-24 05:55:17',29,'Vitae excepturi et modi id aut.','u','Recusandae non dignissimos necessitatibus eligendi.',0,1,0,'2019-02-13 08:19:14','','Lake Susanaborough',0,'2001-06-14 23:25:40','kristy15@example.com'),(273,'Reinhold','Mante','laudantium','1980-11-15 15:54:24',40040478,'Sed possimus a non facere.','o','Sint accusantium sed doloremque distinctio aspernatur praesentium enim ab.',0,0,0,'2021-03-22 17:02:36','532','Mertzside',1,'1979-06-26 15:12:14','mitchell.dayana@example.org'),(274,'Arnold','Trantow','odit','1988-09-25 12:38:04',801073066,'Rem impedit minima tempora ad voluptatibus quia.','g','Voluptate quidem et vel fugit.',1,1,1,'2020-02-03 15:37:56','373509','North Norvalville',0,'2012-01-28 17:37:46','abogisich@example.org'),(275,'Bill','Feil','libero','1979-11-10 04:56:43',25392,'Ut qui voluptates doloribus vel velit molestiae.','u','Natus omnis voluptatem dolore doloremque.',1,1,1,'2012-09-09 04:37:03','209070','Cheyenneton',1,'2005-06-04 17:50:43','bthompson@example.com'),(276,'Amir','Christiansen','officiis','2007-09-05 02:23:42',351,'Omnis numquam est non sed dicta corrupti.','l','Molestias eligendi et id dolorem modi facere blanditiis aut.',1,1,0,'2013-07-26 19:52:59','4702','Raulburgh',1,'2017-02-28 11:20:09','ujerde@example.com'),(277,'Alejandrin','Mann','eos','2020-03-29 07:34:07',80391,'Repellat aut commodi magni harum beatae cupiditate autem.','e','Autem voluptas rem aut in.',1,1,0,'2021-10-21 19:03:04','30167','South Winfieldburgh',0,'2008-05-15 13:45:59','carroll.nicholaus@example.com'),(278,'Kylie','Koch','natus','2017-11-14 21:30:32',66,'Ea voluptas nobis qui odit blanditiis ipsum soluta.','h','Iusto est nesciunt ut facilis facere exercitationem sed.',1,0,0,'2014-03-05 17:13:58','49981','North Kieranville',0,'2011-05-07 00:59:15','rae.rau@example.org'),(279,'Neil','Nienow','odit','1997-07-14 10:55:55',8,'Illum consequatur velit autem molestias.','g','Autem nisi ea similique porro magnam voluptates fugiat eaque.',0,1,0,'2021-01-25 13:21:28','8037','Toreyview',0,'1981-05-24 16:31:12','nicola97@example.com'),(280,'Shaylee','Rohan','modi','1993-08-10 09:42:28',70747117,'Quidem accusantium perferendis repudiandae itaque.','k','Pariatur exercitationem dolores cum laboriosam quia qui.',1,1,0,'2014-05-22 21:05:57','14319','North Eddie',0,'1994-10-01 15:15:33','augusta00@example.com'),(281,'Mae','Schowalter','id','1971-09-26 01:38:55',97838155,'Magni optio velit dignissimos ratione et.','p','Maxime officia eius consectetur deleniti.',1,0,0,'2018-10-17 11:14:36','57','Koelpinchester',1,'1995-08-18 10:20:24','mervin.reilly@example.org'),(282,'Rosemary','Okuneva','numquam','1995-03-03 22:44:07',11610074,'Asperiores vel aut et quia.','g','Quo sint magni et deleniti.',1,1,1,'2013-08-22 23:58:53','4','New Erik',0,'2015-05-24 18:10:30','plittel@example.net'),(283,'Milton','Gutmann','ea','1970-06-26 15:15:05',8,'Harum enim vel voluptatem rerum sunt optio autem illum.','q','Et repudiandae ut ut magnam.',1,0,1,'2017-10-26 04:55:24','728565161','Shanahanport',1,'1986-07-03 19:01:01','emmy57@example.org'),(284,'Delta','Kozey','enim','1980-05-31 19:20:48',476325,'Delectus quia in ea et et.','f','Exercitationem vero adipisci fuga debitis reiciendis.',0,0,1,'2019-05-16 23:33:31','8823','Christiansenbury',0,'2012-10-29 23:55:52','ystoltenberg@example.com'),(285,'Gloria','Harvey','molestiae','2004-08-15 01:48:42',19,'Et ut et sit pariatur.','v','Consequatur nobis labore velit aliquam velit totam.',0,0,0,'2012-06-20 20:55:07','943','Lake Reuben',1,'1981-12-10 10:46:48','ervin.kulas@example.com'),(286,'Cordia','Kihn','cum','2001-12-30 17:35:24',2415,'Aperiam sit eligendi nesciunt provident rem enim incidunt.','s','Eius quos fugiat qui laboriosam quia blanditiis.',0,0,0,'2021-10-16 09:42:03','734','Port Fatima',0,'1995-04-28 06:28:02','reichert.quinten@example.net'),(287,'Jacinthe','Senger','laudantium','1975-10-02 13:19:45',641150219,'Vel porro rerum animi error rem rerum voluptas.','t','Vitae et officia qui.',0,1,1,'2013-09-06 05:29:59','264884','Markville',1,'2016-10-01 06:04:06','ymcglynn@example.com'),(288,'Margret','Grady','aut','2013-09-26 05:55:03',52,'Ullam voluptas laudantium quae exercitationem quia quidem consectetur voluptate.','m','Delectus laboriosam consequatur ea perspiciatis libero nesciunt.',1,0,1,'2021-06-23 10:18:01','9745673','Lehnerborough',1,'1992-04-19 08:54:46','rstark@example.com'),(289,'Marvin','Rice','tenetur','1971-11-02 17:36:40',60563832,'Temporibus perferendis quo quis laborum laudantium enim.','u','Odio enim sunt consequatur dolores.',1,0,1,'2013-06-03 15:20:27','62707258','Orieborough',0,'1999-04-06 18:14:03','gideon42@example.org'),(290,'Pauline','Turcotte','exercitationem','1983-08-10 08:50:11',580023598,'Maiores sapiente possimus recusandae dolor voluptas magni.','q','Sint dolor velit fugiat tempore.',1,1,1,'2012-07-04 06:29:33','8450275','Moseborough',1,'2005-04-01 08:21:44','jbartoletti@example.org'),(291,'Eliane','Purdy','consequuntur','2013-12-14 05:46:05',46746,'Et sint itaque recusandae.','i','Itaque animi voluptas voluptas totam et eum.',0,1,1,'2021-02-27 15:29:33','51','West Murielfort',1,'2020-11-16 20:33:33','eking@example.com'),(292,'Trever','Ondricka','dolorem','1984-10-02 15:57:16',58034,'Sed quidem consequuntur sit dolore.','t','Voluptatem qui recusandae sit culpa.',1,1,1,'2013-07-23 23:08:51','64883','North Nickolasport',0,'1972-04-20 06:33:31','ckris@example.net'),(293,'Hilda','Effertz','consequatur','1978-05-09 10:43:47',84506,'Sed ducimus in et iste voluptates dolorum corporis.','k','Officia consectetur dolorem explicabo tempore libero modi distinctio.',1,1,1,'2018-01-10 07:52:53','','Gottliebton',0,'1988-07-18 01:35:40','raymundo.collins@example.net'),(294,'Giovanni','Reynolds','quia','1985-01-11 20:23:36',67985005,'Doloribus maxime eos qui optio.','r','Tenetur et voluptas temporibus nemo et possimus.',0,1,0,'2018-09-28 21:36:14','574','West Frederikside',0,'1973-03-01 08:50:58','jast.andres@example.com'),(295,'Emerald','Jerde','asperiores','1982-07-15 16:47:10',475661,'Provident et soluta minus est et eligendi optio.','g','Quaerat vel id praesentium voluptas.',0,1,1,'2019-07-30 19:05:37','51934','Dareberg',0,'2014-01-24 20:39:17','mmuller@example.net'),(296,'Lavonne','Nitzsche','saepe','1993-10-25 18:29:35',56581834,'Eligendi delectus hic pariatur cumque dolores.','l','Et facilis repellendus excepturi eius sint eos rerum.',0,0,1,'2021-10-16 12:03:51','','Eldoratown',1,'1994-04-16 13:48:41','maddison51@example.net'),(297,'Camryn','Herman','quae','1977-01-16 19:56:17',91716,'Quaerat et tenetur fuga laboriosam aspernatur hic.','g','Voluptates suscipit et molestiae suscipit.',0,1,0,'2014-05-29 22:37:38','','Margaretteport',0,'2005-04-21 09:42:18','gerard00@example.net'),(298,'Gonzalo','Reichert','aut','1989-07-21 08:24:27',912,'Deleniti nemo consectetur rerum.','d','Et repellat aut architecto quo illo tempora perferendis.',0,0,0,'2012-01-22 12:13:00','57','Lake Bridgette',0,'2019-05-03 14:31:46','fredrick.prosacco@example.net'),(299,'Yazmin','Windler','eum','1981-06-12 10:40:41',42097971,'Deleniti cumque quod facilis illo.','o','Officia totam est voluptas quaerat repellat aut ea voluptate.',0,1,0,'2016-12-12 21:18:40','550253','Lake Trentonchester',0,'1970-06-09 19:56:34','jbruen@example.org'),(300,'Gerald','Douglas','tempore','1998-11-12 07:09:54',0,'Nisi delectus deserunt explicabo facilis blanditiis neque id.','f','Aliquid non voluptas cumque iste.',1,1,1,'2016-02-17 14:49:52','500884','Lake Kentonbury',1,'1984-01-16 16:30:51','skiles.earnestine@example.net');
/*!40000 ALTER TABLE `profiles` ENABLE KEYS */;
UNLOCK TABLES;

--
-- Table structure for table `user`
--

DROP TABLE IF EXISTS `user`;
/*!40101 SET @saved_cs_client     = @@character_set_client */;
/*!50503 SET character_set_client = utf8mb4 */;
CREATE TABLE `user` (
  `id` int unsigned NOT NULL AUTO_INCREMENT,
  `first_name` varchar(100) CHARACTER SET utf8mb4 COLLATE utf8mb4_unicode_ci NOT NULL,
  `sur_name` varchar(100) CHARACTER SET utf8mb4 COLLATE utf8mb4_unicode_ci NOT NULL,
  `nick_name` varchar(100) CHARACTER SET utf8mb4 COLLATE utf8mb4_unicode_ci DEFAULT NULL,
  `registration` datetime DEFAULT CURRENT_TIMESTAMP,
  `maybe_friend_friendship_suggestion_id` int unsigned NOT NULL,
  `about_user` text CHARACTER SET utf8mb4 COLLATE utf8mb4_unicode_ci,
  `sex` char(1) CHARACTER SET utf8mb4 COLLATE utf8mb4_unicode_ci DEFAULT NULL,
  `political_views` varchar(255) CHARACTER SET utf8mb4 COLLATE utf8mb4_unicode_ci DEFAULT NULL,
  `dringking` tinyint(1) DEFAULT NULL,
  `smoking` tinyint(1) DEFAULT NULL,
  `fortytwo` tinyint(1) DEFAULT NULL,
  `birthday` datetime DEFAULT NULL,
  `country` varchar(255) CHARACTER SET utf8mb4 COLLATE utf8mb4_unicode_ci DEFAULT NULL,
  `city` varchar(100) CHARACTER SET utf8mb4 COLLATE utf8mb4_unicode_ci DEFAULT NULL,
  `online_now` tinyint(1) DEFAULT NULL,
  `online_time` datetime DEFAULT CURRENT_TIMESTAMP,
  `email` varchar(255) CHARACTER SET utf8mb4 COLLATE utf8mb4_unicode_ci DEFAULT NULL,
  PRIMARY KEY (`id`)
) ENGINE=InnoDB AUTO_INCREMENT=301 DEFAULT CHARSET=utf8mb4 COLLATE=utf8mb4_unicode_ci;
/*!40101 SET character_set_client = @saved_cs_client */;

--
-- Dumping data for table `user`
--

LOCK TABLES `user` WRITE;
/*!40000 ALTER TABLE `user` DISABLE KEYS */;
INSERT INTO `user` VALUES (1,'Meredith','Bosco','tempora','1997-12-19 03:51:49',795978,'Corporis et voluptas culpa voluptatem.','z','Deleniti ea harum quisquam recusandae quia sed.',0,1,0,'2013-01-22 08:29:23','94','Lake Enochton',0,'1999-12-04 02:58:47','aisha.bradtke@example.org'),(2,'Kip','Bosco','est','2016-08-21 07:56:08',8895,'Corrupti non aut odio soluta.','t','Fugit ad magnam a.',0,0,0,'2020-09-01 22:17:46','445733014','West Lois',0,'2013-12-14 19:52:25','quigley.rubye@example.net'),(3,'Camille','Larson','velit','1971-11-06 00:11:43',0,'Aut est adipisci adipisci deleniti.','d','Quaerat deleniti soluta eos rerum eaque.',1,1,0,'2019-06-28 12:55:09','33875635','Schummside',1,'1982-07-14 14:02:48','wmitchell@example.org'),(4,'Neal','Rice','nam','2007-12-02 13:59:58',1018,'Explicabo quos corporis libero ducimus nostrum voluptatum magni.','i','Molestias molestiae maiores aut qui consequatur illum.',1,1,1,'2016-03-08 11:44:52','','South Julian',1,'1989-01-17 03:20:51','jazmyn79@example.net'),(5,'Brice','Halvorson','atque','1973-08-14 20:08:28',217985,'Provident officia necessitatibus debitis dignissimos qui.','d','Est fugit nam id blanditiis ut odio autem.',1,0,0,'2014-07-09 08:28:18','717783301','North Gilbertoside',0,'1978-12-02 19:56:58','donnell.corwin@example.com'),(6,'Daisha','Bauch','et','2016-07-27 14:36:37',92373,'Quisquam rem vitae ipsum quo deserunt repellendus sit.','j','Iusto corporis vitae eligendi ducimus aut amet.',0,0,0,'2019-02-04 15:12:13','6','Timothyfort',0,'2018-05-28 14:39:04','devon.nicolas@example.com'),(7,'Myrtice','Kuhic','illo','1991-07-02 17:58:02',1,'Vero tempore neque magni saepe vel cum voluptates aut.','v','Eos corrupti in autem veniam.',1,0,0,'2019-04-09 08:54:48','9922','New Phyllis',1,'1973-06-20 04:13:04','anabel.bartell@example.net'),(8,'Selina','Barton','cum','1977-03-22 01:53:08',1,'Architecto sed inventore et enim quia et.','x','Aut nam deleniti doloremque et perferendis.',1,1,1,'2020-12-08 06:01:34','2823','Schinnershire',0,'2010-05-04 20:16:36','shalvorson@example.com'),(9,'Kendra','Davis','dolore','2002-09-17 16:20:39',8,'Id perspiciatis dolores iusto eos eos sequi deleniti.','f','Quia aut magnam voluptas eius perspiciatis.',0,0,1,'2017-10-03 06:30:42','2','South Yasmeenview',1,'1975-08-15 13:11:34','bennett.toy@example.com'),(10,'Loyal','Fisher','sit','1993-08-13 06:06:10',9673,'Voluptatem et quas est temporibus debitis et vel corrupti.','q','Ut molestias sint fugiat ut magni et.',1,1,0,'2021-05-19 18:08:51','6','Mariechester',0,'2011-05-11 06:21:16','darlene86@example.org'),(11,'Sister','Gerhold','fuga','1984-01-01 14:04:13',6374785,'Magni qui quam ut rerum eius.','j','Incidunt eos modi commodi voluptas et nostrum.',1,1,0,'2019-10-28 06:43:06','','Lake Santos',0,'2016-05-30 12:11:15','fcollins@example.com'),(12,'Hertha','Strosin','in','1991-11-15 09:01:40',4228,'Magnam quaerat beatae commodi porro.','g','Delectus est inventore est.',1,1,0,'2012-10-11 06:50:04','22','Lake Dixie',1,'2014-05-20 18:03:55','yoshiko.beahan@example.com'),(13,'Marianne','McCullough','eum','2004-02-01 05:09:11',77010532,'Et officia similique minima explicabo laborum at vel.','e','Et fugit sequi quam.',0,0,0,'2019-08-06 11:37:43','2642366','Wisozkmouth',0,'1978-06-25 06:07:23','pkuhlman@example.net'),(14,'Judy','Wiegand','laudantium','2014-10-30 13:30:07',942824,'Officia ratione vel dolores est omnis.','l','Eum dolores odio doloribus vel.',1,0,0,'2012-12-12 21:00:04','57851262','New Eleanoraside',1,'2002-08-24 17:06:31','stracke.arjun@example.com'),(15,'Logan','Conroy','minima','1976-09-17 14:30:06',437983,'Aut cumque consequatur ducimus facere est assumenda beatae.','x','Asperiores facere officiis sed sed eaque aperiam fugit sint.',0,1,1,'2015-09-30 11:39:24','560','Reicherttown',1,'1999-06-02 01:49:48','mheaney@example.net'),(16,'Elliott','Harber','sunt','2014-02-26 08:43:07',4567534,'Sed voluptatem odit est ut id.','f','Et aut et dolores laborum sed aperiam voluptatum.',0,1,0,'2017-06-24 12:18:25','418713684','Port Romafurt',1,'1989-04-04 08:04:14','ruecker.dayna@example.org'),(17,'Hugh','Torphy','inventore','2003-07-24 04:21:05',3,'Sed reprehenderit animi sed unde quo dolorem est enim.','d','Ipsum ipsum officia officiis ab sequi aut.',0,1,1,'2015-06-02 23:03:33','3','Lynchton',0,'2003-11-09 05:46:11','quinten22@example.com'),(18,'Hailey','Johns','maiores','1977-05-05 18:53:05',0,'Qui ex illo aut minus sint aliquid.','j','Et ab nemo culpa voluptates.',1,1,1,'2018-04-17 17:41:53','63','Lake Christina',0,'2012-11-29 11:57:47','brady91@example.net'),(19,'Johnson','Torp','mollitia','1990-04-14 09:36:14',724,'Modi veniam natus voluptates porro voluptates.','m','Hic non voluptatem beatae facere.',0,0,1,'2013-08-11 16:20:23','488798','Lorainefort',1,'1988-10-27 22:39:50','ygibson@example.com'),(20,'Gail','Corwin','et','1972-01-20 04:46:28',24,'Autem labore inventore rerum atque fugiat consequuntur similique.','y','Qui sunt nesciunt ducimus consequuntur.',0,0,1,'2016-05-16 14:52:25','74','South Nathanaelmouth',0,'1996-11-09 01:40:42','collins.peggie@example.net'),(21,'Lempi','Macejkovic','reprehenderit','1984-05-03 04:38:46',93039182,'Rem sint nobis consequuntur quisquam quia alias ipsam quia.','i','Sapiente dolorem a quos facere hic.',0,1,1,'2015-09-08 07:45:10','8854481','Ocieshire',0,'2001-10-24 19:22:45','daniela66@example.org'),(22,'Dedric','Considine','error','1988-11-10 23:30:34',2,'Aspernatur incidunt magnam sunt earum laborum ut sint.','z','Est qui qui sapiente officia.',0,1,0,'2013-12-24 16:35:38','10472','Daynaburgh',1,'1992-01-21 17:12:17','ruthe28@example.org'),(23,'Zetta','Abshire','laborum','1976-11-27 01:58:06',8508,'Consectetur reiciendis quos inventore ipsum saepe fugit.','t','Est enim sunt et hic distinctio.',0,1,1,'2021-12-23 10:05:27','','North Makenziefurt',0,'1992-02-13 23:32:24','madonna80@example.com'),(24,'Deonte','Marks','inventore','1993-05-07 15:09:09',8244,'Officia rem necessitatibus veniam voluptatum et aut.','v','Quos quia qui veritatis qui libero cumque quia laborum.',0,0,1,'2015-06-29 15:22:09','167322','South Neva',0,'1975-03-09 07:24:53','kane.torp@example.net'),(25,'Phoebe','Marvin','facere','1988-04-29 01:06:45',3,'At iusto corrupti animi repellendus excepturi.','h','Rerum magni temporibus sed deserunt qui culpa.',0,0,1,'2013-11-06 15:02:12','997399576','Port Jordanberg',1,'1980-11-07 20:17:07','caitlyn78@example.net'),(26,'Shania','Leffler','dolores','1983-11-07 12:31:51',360,'Non dolorum consectetur ipsam voluptatibus voluptatibus qui quo.','s','Praesentium velit maxime ut ut est ut.',0,1,0,'2012-04-03 03:05:55','','East Cara',0,'1993-12-30 15:21:08','nwuckert@example.net'),(27,'Karl','Hessel','fugit','2009-11-15 07:19:56',602,'Eaque a consectetur nostrum dolorem ut omnis rem.','j','Eaque possimus fugit enim dolorem ut quia qui.',0,0,0,'2015-06-05 15:32:08','979866','Hopechester',0,'1993-03-11 00:40:41','ike65@example.net'),(28,'Elijah','Ullrich','modi','1970-10-03 20:11:10',0,'Fuga autem vitae reprehenderit dolor.','q','Rerum et officiis vel.',0,1,0,'2015-01-14 04:51:49','822','South Tremayne',1,'2005-06-22 04:09:35','dubuque.angelita@example.net'),(29,'Dejuan','Baumbach','voluptatum','2008-04-03 20:25:44',12422,'Quo in eius eius enim.','i','Exercitationem laudantium eos et culpa totam iusto.',1,1,0,'2015-02-19 09:50:57','1','Lake Andreanne',0,'1979-05-06 19:02:50','marc.mohr@example.com'),(30,'Monique','Fadel','ipsum','1981-10-07 02:38:16',0,'Est non eos aut deserunt debitis aut.','b','Beatae libero aut porro et molestias est sint qui.',0,1,0,'2021-11-26 16:01:42','5667835','Stoltenbergfurt',1,'2001-08-01 15:24:43','isac42@example.net'),(31,'Orrin','Waelchi','sunt','2019-11-07 14:34:15',396,'Eius ut nemo quisquam aut voluptate id.','u','Voluptatem tempore praesentium ut est eaque.',1,1,1,'2016-02-05 11:48:23','9731340','Kundebury',0,'2020-07-28 02:21:36','alana.haag@example.net'),(32,'Kaden','Gleason','aut','1983-05-16 01:43:19',0,'Est doloribus ut et consequuntur quo voluptatem blanditiis.','x','Reprehenderit eligendi totam architecto dolore voluptatem sequi sit.',0,0,0,'2017-06-20 14:00:38','8','Heaneymouth',0,'1977-10-05 09:22:15','billie.cole@example.org'),(33,'John','Mraz','eaque','2007-10-19 09:06:57',0,'Aut quia consectetur dicta consequatur.','f','Culpa deleniti libero illo similique sed.',0,0,0,'2014-07-26 12:03:14','17791','East Keaganville',1,'2010-08-01 20:43:15','alda.gerlach@example.com'),(34,'Douglas','Marvin','pariatur','1993-12-26 05:11:46',7456,'Rem repellat suscipit in vitae architecto aut provident.','i','Accusamus et esse labore commodi facilis molestiae qui.',0,1,0,'2014-02-06 04:35:12','','Breitenbergborough',1,'2013-04-21 21:05:34','margarett.macejkovic@example.com'),(35,'Vernice','Goldner','dolores','1986-06-10 17:16:49',26839,'Et temporibus occaecati dolores laborum.','e','Ratione animi dicta error placeat magnam occaecati.',0,1,1,'2018-01-08 21:41:11','205136177','New Patrick',0,'2012-10-24 23:21:18','odavis@example.net'),(36,'Rosina','Spinka','eum','1970-04-28 06:40:06',67,'Harum voluptates omnis est sed.','c','Quas pariatur recusandae autem eaque aut.',0,1,0,'2018-08-05 16:15:01','','Issacshire',1,'1997-07-10 04:12:17','marlene71@example.org'),(37,'Michele','Oberbrunner','nihil','1996-03-17 04:14:42',72554153,'Impedit necessitatibus eum sed et ut.','r','Minus inventore sunt sapiente laborum.',0,1,0,'2017-02-26 01:28:16','853754','Lake Boris',1,'1975-10-12 14:38:12','qbednar@example.net'),(38,'Orville','Wisoky','et','2007-09-29 17:09:07',7061210,'Sit tempore sapiente odit nam.','w','Quos repellendus autem voluptas nemo pariatur.',1,0,0,'2020-01-04 12:08:03','7378266','Amelieland',0,'1979-01-06 20:11:14','bdaugherty@example.com'),(39,'Lionel','Bergstrom','deserunt','1992-08-19 11:03:15',948,'Natus ut explicabo velit repellendus nesciunt.','t','Totam asperiores qui aut ullam.',0,0,1,'2014-07-02 00:00:14','113390','Irvington',1,'1987-05-03 18:55:38','tillman.ena@example.org'),(40,'Greg','Gutkowski','debitis','1972-11-02 09:12:35',0,'Aliquid nihil ad aut temporibus perferendis modi omnis.','p','Tempore distinctio consequuntur nihil quia laboriosam.',0,1,1,'2013-07-08 03:20:01','59109231','Pollichside',1,'2015-05-05 03:10:21','madilyn.lakin@example.com'),(41,'Devyn','Beier','accusantium','2018-07-16 08:09:15',363457146,'Voluptatibus soluta alias dolorem repellat.','u','Blanditiis excepturi consequuntur ut dicta esse.',1,0,0,'2019-06-27 03:16:20','87495','Baumbachfurt',0,'2019-07-08 16:51:01','jonathan.feest@example.net'),(42,'Rupert','Medhurst','esse','2010-05-15 04:59:49',25590,'Reprehenderit possimus labore rerum accusantium at.','a','Earum illum eum dolor voluptates voluptas et.',1,1,1,'2012-05-15 12:45:28','7','Montytown',0,'2005-10-24 18:40:18','jsteuber@example.com'),(43,'Evangeline','Luettgen','omnis','2013-07-05 09:51:36',93736135,'Ut accusantium corrupti nam iure eos aut.','n','Dolores voluptas quaerat optio quo adipisci suscipit.',0,0,1,'2017-07-12 13:05:44','1494','Alfonsoland',1,'2008-08-22 23:57:16','xlittel@example.org'),(44,'Antonetta','Bayer','sit','1979-05-30 03:26:40',0,'Sit voluptas pariatur eius totam.','c','Quasi quia accusantium sint veniam.',0,1,0,'2020-09-14 04:13:43','412','North Jamil',1,'1972-03-18 21:11:42','sigurd.stiedemann@example.org'),(45,'Jimmie','Hoppe','qui','1973-08-11 01:44:30',539297,'Qui ut esse adipisci nisi magnam.','w','Dignissimos sit qui quae.',1,0,1,'2012-05-11 18:41:55','9','New Orvillestad',1,'1982-12-08 04:25:33','eunice47@example.org'),(46,'Bradley','Lehner','omnis','2019-09-29 22:52:11',560488711,'Itaque et odio cum reiciendis aut ad.','j','Dolorum nesciunt impedit iusto.',0,0,0,'2015-06-22 18:05:50','319497237','New Rudybury',1,'2001-01-14 06:08:18','tstreich@example.org'),(47,'Milton','McKenzie','quos','1976-04-25 21:02:04',85,'Quas adipisci corporis est doloribus nobis ipsam ipsam impedit.','v','Quisquam et esse soluta voluptas quis.',1,0,1,'2013-01-26 01:09:07','396311','Josianneshire',0,'1970-02-21 06:51:09','tremblay.gerda@example.org'),(48,'Ardith','Marvin','maxime','1984-01-17 00:02:44',62,'Quia dolorem sit quae aut enim.','g','Pariatur illo id cupiditate inventore rerum.',0,1,0,'2021-05-23 19:29:22','4','Christophermouth',1,'2009-11-15 22:09:57','rspencer@example.net'),(49,'Breana','Bergstrom','dolore','2001-07-23 03:01:28',513327,'Quos praesentium id quis quas adipisci pariatur.','b','Eos qui est error veritatis commodi voluptate.',1,0,0,'2015-05-23 13:44:34','9835','Michelville',0,'1979-05-17 08:37:56','samir96@example.com'),(50,'Alexis','Graham','dolor','2001-10-27 19:18:48',9,'Ut quis et voluptatum numquam corporis fuga.','j','Velit velit natus aut iure iusto eligendi.',1,1,0,'2014-02-16 16:23:13','64656','Agustinaside',0,'1982-08-09 04:10:35','norval45@example.org'),(51,'Maria','Pagac','omnis','1988-08-28 01:10:47',13,'Reiciendis autem quibusdam tempore aut voluptas facilis qui.','i','Aspernatur asperiores beatae hic esse et.',0,0,0,'2017-12-29 22:44:22','48682','West Lauriane',0,'2007-05-18 16:06:22','amir87@example.com'),(52,'Imelda','Fadel','omnis','1997-01-06 05:55:19',42,'Similique id qui aut voluptatem omnis.','i','Nam qui omnis ex non est omnis.',1,1,1,'2018-01-30 13:15:34','','South Joesphburgh',0,'1995-03-04 07:46:14','heidenreich.theodore@example.com'),(53,'Kiara','Donnelly','necessitatibus','1982-03-11 10:36:26',4,'Sit enim ducimus magnam esse nostrum repellendus.','o','Sit dignissimos voluptatibus voluptatibus.',1,0,0,'2013-11-05 14:10:26','','Rahsaanhaven',1,'1979-05-14 17:14:24','haylie.harris@example.com'),(54,'Skye','Cremin','dolores','1975-03-08 07:21:30',834475,'Incidunt accusamus exercitationem non.','g','Optio animi in eaque amet.',1,1,0,'2012-04-21 10:57:15','','East Vitaton',0,'1979-03-27 14:15:06','ulegros@example.com'),(55,'Jaiden','Stokes','quae','2019-03-10 00:21:21',2842977,'Qui et blanditiis officia fuga.','q','Tempora numquam libero non ratione dicta deserunt et.',0,0,0,'2020-12-03 10:20:34','44228254','Aufderharbury',1,'2005-02-20 10:00:52','kory.ryan@example.com'),(56,'Grover','Schumm','autem','1993-09-12 18:56:49',5610,'Possimus non maxime incidunt nam itaque.','y','Aut dicta libero et sint illo.',1,1,0,'2013-10-09 18:10:37','619185889','New Peytonville',1,'1974-11-13 12:21:44','june.jenkins@example.com'),(57,'Madonna','Walsh','consequuntur','1980-01-04 08:56:40',179928538,'Voluptate modi placeat odio tempora voluptatem.','b','Qui libero a dolor voluptatibus quod eaque.',0,0,0,'2017-10-16 07:11:04','227','South Busterburgh',1,'1996-03-19 18:02:17','wilbert.corwin@example.net'),(58,'Lane','Walter','fugiat','1991-12-03 08:55:57',4,'Ea amet soluta suscipit et.','r','Assumenda explicabo atque laborum quos.',1,0,0,'2019-02-17 21:23:22','453662','New Gonzalofurt',1,'2001-10-03 11:23:30','hlebsack@example.net'),(59,'Genesis','Bruen','cumque','2020-06-21 11:31:48',57397,'Dolorum in accusantium et velit.','z','Quae quis autem ipsam est.',1,0,1,'2013-05-06 20:17:38','','Haneville',0,'2019-03-08 01:41:25','casper.alexanne@example.net'),(60,'Cierra','Rowe','aliquam','2014-11-08 13:52:25',94576418,'Fugiat expedita aut numquam.','a','Maxime molestiae veritatis iure et optio vitae laudantium harum.',1,0,1,'2013-01-23 09:25:58','54','Schoenfurt',1,'2021-02-16 16:05:10','gaston84@example.net'),(61,'Weston','Haag','rem','1990-05-04 20:51:39',6,'Nemo deserunt aut necessitatibus molestiae aliquid ut.','f','Impedit ullam officia vel non omnis eos rerum.',1,1,0,'2015-03-17 09:41:29','826','Lake Wanda',0,'2014-06-17 16:14:22','klein.laurianne@example.net'),(62,'Frieda','Heller','non','2020-10-09 21:44:59',9149,'Deserunt autem minima maxime vel magnam blanditiis.','y','Qui aut libero modi fugiat.',0,0,0,'2018-12-24 03:47:25','38554201','North Juddland',1,'2000-08-13 02:20:55','baron.kovacek@example.net'),(63,'Tanya','Champlin','totam','1994-02-05 16:31:04',7115,'Est harum sed incidunt rem ab veniam eos.','x','Iure delectus molestias quo omnis corrupti.',1,1,0,'2016-09-28 07:39:28','6','North Electa',1,'1985-06-16 17:08:00','ivy.klocko@example.com'),(64,'Koby','Kuhn','consequuntur','1985-10-19 21:37:43',650363,'Repellat nihil sed a dicta harum eos ullam velit.','l','Ad ipsam placeat consequatur voluptatem officiis.',0,0,0,'2018-05-07 03:41:18','690091838','North Vickyborough',1,'1999-03-09 01:39:45','mosciski.gayle@example.net'),(65,'Philip','Haley','et','1975-11-16 04:28:45',622,'Eum eligendi natus aliquam culpa sint quisquam vitae.','w','Accusantium nulla in quod fugit.',0,1,0,'2020-08-05 19:00:00','','New Thelmastad',0,'1975-03-08 05:15:51','gaetano.witting@example.net'),(66,'Kaelyn','Satterfield','ab','1979-09-17 12:43:42',69983,'Aut excepturi architecto optio quaerat eos.','u','Et qui itaque sunt accusamus.',1,1,1,'2018-01-18 00:02:40','5','Isabelshire',1,'1997-10-12 06:38:50','mortimer30@example.net'),(67,'Rylan','Leuschke','numquam','1979-08-28 00:36:45',42,'Ratione pariatur aliquam beatae est nihil officia.','v','Modi blanditiis vel adipisci.',1,0,0,'2014-01-29 21:24:04','35','Lake Lindseyburgh',0,'2014-04-19 10:20:54','hoppe.makenna@example.net'),(68,'Neoma','Abshire','aut','1994-10-05 15:55:36',3,'Provident possimus eum dolorem omnis nulla dolorem.','l','Perspiciatis dolorum quo veritatis rerum perferendis temporibus sint.',0,0,0,'2019-04-14 01:15:11','','Marlintown',1,'1996-02-15 21:07:48','rwuckert@example.net'),(69,'Emery','Altenwerth','consequatur','1978-07-24 23:20:10',0,'Aut unde voluptas architecto excepturi in dolorem qui.','g','Magnam accusamus voluptatum laboriosam.',1,0,0,'2016-09-27 13:46:54','763450061','Lyricmouth',1,'2006-03-17 21:26:57','fblick@example.net'),(70,'Vilma','Spencer','animi','1993-04-25 06:16:33',7,'Officia laborum sint maiores quaerat consequatur.','y','Consequatur nam dolore esse alias dolor rem vero.',0,0,1,'2021-04-26 16:42:40','797508154','New Rusty',0,'1986-05-23 17:43:52','leonor.hudson@example.org'),(71,'America','Hane','ut','2008-08-16 14:21:38',2723,'Sequi sed labore quia assumenda dolorem.','k','Maiores ut nesciunt qui.',1,0,1,'2012-01-26 13:10:11','16','North Demarco',1,'2011-10-22 19:50:43','mbrown@example.net'),(72,'Arvilla','Muller','omnis','2021-08-26 12:58:47',310710436,'Omnis quidem ut laborum dignissimos tempore.','s','Quo quo dolores omnis qui.',0,0,1,'2016-03-17 23:09:10','585949087','Buckmouth',0,'2013-01-22 12:55:39','abshire.gretchen@example.com'),(73,'Guillermo','Bartell','eaque','1977-08-18 14:22:36',0,'Deleniti voluptas laboriosam sit quam.','f','Harum unde est dolor a alias quas est.',1,0,1,'2020-04-16 08:02:03','3795372','Alanmouth',1,'2010-11-02 06:37:47','aryanna04@example.com'),(74,'Eudora','Hickle','similique','1994-07-17 21:55:52',546563930,'Velit illum sit consectetur veniam consectetur enim voluptatem animi.','m','Sunt sit qui aperiam fuga sit ratione.',1,0,0,'2016-06-02 07:33:15','8669181','Kelvinstad',0,'1988-06-18 13:30:03','harvey78@example.net'),(75,'Javon','Douglas','quo','2014-05-05 12:32:25',2614,'Quia rem modi veritatis culpa dignissimos enim.','q','Repellendus sit sed repellat.',1,0,1,'2017-04-10 15:08:36','424671','New Nedside',1,'2017-03-26 18:43:47','ybrown@example.net'),(76,'Clovis','Kling','omnis','1973-02-28 03:51:53',1939313,'Molestias qui magnam ipsam ab et exercitationem debitis.','l','Ut aut eius error dolorem tempore.',0,0,0,'2015-03-18 13:58:45','29725581','Brycenborough',1,'1976-10-21 08:58:14','fadel.chelsie@example.com'),(77,'Monserrate','Kemmer','iusto','1988-11-10 08:47:13',8568607,'Ab consequatur velit eveniet.','v','Sunt illum quisquam repellat et maiores sit.',1,1,1,'2016-07-26 21:19:30','56','Port Dariusborough',1,'2017-10-13 13:37:18','torp.vern@example.com'),(78,'Tyra','Sawayn','ut','2017-01-22 02:55:55',0,'Quia sit est reiciendis quo.','c','Quibusdam a quasi aspernatur aut reprehenderit nemo nam.',1,1,1,'2012-06-30 01:16:41','571252','Predovicberg',1,'2017-10-17 23:20:54','veum.lori@example.com'),(79,'Otto','Jones','in','1989-02-03 13:55:50',5,'Minus incidunt vel tenetur ea voluptates.','c','Exercitationem ut excepturi quis neque voluptates accusamus quia.',0,1,0,'2018-08-17 16:52:27','84071','Rahsaanport',1,'2011-01-24 16:05:01','snolan@example.net'),(80,'Ona','Kutch','delectus','1978-05-16 09:09:54',84281,'Recusandae quis laudantium maxime et beatae.','o','Voluptates qui adipisci voluptatem sunt.',1,1,0,'2020-04-01 06:32:33','3','New Abigaylehaven',0,'1990-03-23 10:19:25','eleanora.carroll@example.net'),(81,'Linnie','Mills','tempora','2012-08-29 12:46:23',37,'Quis sequi fugiat culpa perspiciatis ipsa minus.','a','Itaque sit id animi fugit.',0,0,0,'2015-05-25 11:58:31','19868545','South Eveline',1,'2015-12-22 10:03:13','stowne@example.net'),(82,'Karson','Emmerich','voluptas','2018-01-21 12:09:20',0,'Nemo alias ad quia quia.','s','Et ratione enim ducimus veniam ratione quia in molestiae.',0,0,1,'2013-08-22 14:31:37','681730493','Bradtkeport',1,'2014-07-12 16:46:54','bergstrom.clair@example.org'),(83,'Donavon','Bins','occaecati','2020-09-06 21:28:21',97045,'Earum earum voluptas inventore quisquam aspernatur.','x','Et voluptas molestiae et unde omnis est aut.',0,0,1,'2017-06-23 11:21:11','86','North Tony',0,'2000-08-27 16:15:52','reece03@example.com'),(84,'Korey','Brakus','delectus','2014-11-24 17:04:51',4920,'Quis dolorem accusamus quisquam placeat.','s','Architecto eligendi voluptatum fugit est quidem blanditiis laborum.',0,1,1,'2021-11-19 18:18:31','86','North Julian',0,'2001-09-16 16:20:56','raynor.gudrun@example.net'),(85,'Aisha','Green','dolor','2010-04-18 03:45:57',69,'Voluptate nulla nemo quia deserunt at.','v','Et aut fugit aliquam soluta odit minus.',1,1,0,'2018-06-29 17:49:33','59272153','Reichelburgh',0,'1989-06-12 04:23:41','bednar.esteban@example.com'),(86,'Frida','Lehner','amet','1973-12-15 15:27:29',52356,'Corporis ipsum iusto quam enim cupiditate maiores.','o','Eos consequuntur debitis perspiciatis rerum temporibus saepe non.',0,1,0,'2012-05-24 06:35:52','45705978','Millieville',0,'1987-10-19 23:35:27','agustina.hoeger@example.com'),(87,'Eldora','Krajcik','sint','2015-09-02 15:33:56',8132718,'Quia et quaerat architecto dolore mollitia incidunt quibusdam rerum.','p','Delectus dignissimos saepe sapiente sunt.',0,0,1,'2017-04-24 11:25:29','3','East Tyreekport',0,'1997-09-21 15:40:41','annette45@example.org'),(88,'Lyda','Larkin','aut','1989-09-18 20:30:00',9608,'Sed deleniti ut labore quasi aut.','f','Eveniet qui omnis excepturi qui consequatur quas velit.',0,1,0,'2016-02-13 05:33:06','126277','East Eveline',1,'1972-07-25 15:59:05','gcruickshank@example.org'),(89,'Kip','Beer','ut','1989-02-03 15:18:02',2,'Quas aliquam cumque ipsam libero consectetur aspernatur laborum.','u','Quidem et libero molestiae explicabo rerum ea.',0,0,1,'2016-05-11 21:07:53','67454','Reyesmouth',0,'1975-04-07 11:24:00','mosciski.willie@example.org'),(90,'Cheyenne','Wolf','veniam','1977-05-01 21:57:45',48533,'Voluptas sed sunt omnis natus vel.','q','Aut voluptas quae ullam soluta eveniet.',0,0,0,'2016-07-31 11:08:43','77402','Aronhaven',0,'2003-06-25 02:35:50','ztorp@example.com'),(91,'Chandler','Nienow','id','1991-02-27 03:37:46',63212,'Accusamus nihil quibusdam rerum.','i','Neque expedita debitis odit animi expedita ducimus in.',0,1,0,'2015-05-10 16:42:18','','Danikastad',1,'1972-03-30 18:00:31','cleora.wiegand@example.com'),(92,'Isobel','Corwin','aut','1980-10-31 15:57:28',169996,'Perspiciatis ipsum omnis ipsa culpa fugiat maxime voluptatem ad.','y','Maiores est porro quidem.',1,0,1,'2018-03-04 01:49:16','2873','West Travonmouth',1,'1991-09-04 10:47:28','zulauf.beau@example.com'),(93,'Domenico','Hintz','suscipit','2007-04-30 04:32:08',58635,'Voluptatem aut neque ipsa consequatur explicabo adipisci et.','t','Omnis sapiente quo natus ex commodi occaecati.',1,0,1,'2012-12-29 02:21:44','6429','New Mariano',0,'1985-05-24 03:20:49','madelyn.treutel@example.org'),(94,'Lafayette','Simonis','non','1971-03-23 07:31:46',0,'Iure placeat est commodi similique perspiciatis excepturi quidem.','e','Illo incidunt quaerat incidunt cumque nihil.',0,0,0,'2020-10-14 14:41:46','5409','Lake Theodoraside',1,'2004-05-26 07:45:02','josiah35@example.net'),(95,'Alena','Klein','quam','2006-12-09 12:16:15',0,'Eos voluptatem et aut optio ipsa.','g','Expedita quos delectus et ex.',0,1,0,'2014-08-05 02:18:12','6528808','North Lorenz',0,'1995-01-02 04:43:31','swaniawski.brown@example.org'),(96,'Jaylen','Maggio','magni','2010-06-06 21:09:47',131,'Corporis quod exercitationem corrupti omnis sed.','m','Porro sunt in a sint nesciunt rerum.',1,0,0,'2015-08-06 20:49:56','1689','Bradfordview',0,'2020-04-17 21:04:28','marquis.stiedemann@example.org'),(97,'Jannie','Crona','quia','2011-10-02 19:36:55',7878,'Sed hic molestiae assumenda sit dignissimos aut sed.','i','Veniam est saepe quaerat recusandae nihil.',0,1,0,'2018-10-27 06:37:48','9','North Icie',1,'2021-12-19 17:20:55','xmorar@example.net'),(98,'Jaydon','Stark','quo','2016-05-10 15:14:12',824089155,'Modi est quam nisi debitis natus molestiae deserunt mollitia.','o','Laborum dolor non reprehenderit a.',1,1,0,'2012-05-08 02:59:15','7558883','Bodefurt',1,'2003-11-24 22:02:19','chad33@example.org'),(99,'Electa','Tillman','impedit','2007-02-11 21:23:11',366,'Est tempore et quod harum tempore.','y','Repudiandae aliquid omnis quae nihil non fugiat.',0,1,0,'2016-07-29 14:57:39','114561282','Bartonmouth',0,'1998-05-06 08:09:44','jacey.medhurst@example.net'),(100,'Cynthia','Reinger','voluptate','1999-11-04 10:54:40',9719568,'Veniam adipisci veniam ut fugiat.','m','Amet iusto labore ad unde veniam recusandae magnam id.',0,0,1,'2017-12-24 22:43:53','54','Vladimirberg',1,'1998-05-18 18:20:47','herbert64@example.org'),(101,'Sabina','Dietrich','quod','1995-10-02 10:37:24',9,'Voluptas fugit omnis voluptas dolor similique.','i','Sed natus voluptates earum saepe nihil quis sint.',0,0,1,'2019-05-18 03:11:14','22452833','Normamouth',0,'1977-04-24 12:21:54','brakus.quincy@example.com'),(102,'Edmund','Emmerich','animi','2004-09-13 03:48:11',19132,'Veritatis officiis fuga impedit labore.','m','Repellat eligendi et voluptatem enim.',0,1,0,'2015-09-16 20:15:38','4082221','Desmondfort',0,'1981-01-11 11:20:41','ppacocha@example.com'),(103,'Victor','Harris','aut','2003-08-02 08:06:31',255,'Quod non culpa distinctio ut.','k','Assumenda recusandae rerum debitis odit ea molestiae porro.',1,1,1,'2016-09-02 07:31:40','25844','Leoraview',1,'2015-05-15 12:45:26','allen76@example.net'),(104,'Missouri','Kilback','quos','2011-09-20 19:10:45',0,'Officiis consequatur quia quis ut enim optio.','s','Ut perspiciatis recusandae et iure sint harum delectus.',1,0,1,'2018-02-16 08:38:04','59','Adambury',0,'2020-07-28 13:21:55','mosciski.sean@example.net'),(105,'Neoma','Hagenes','placeat','2001-07-16 06:16:49',606092448,'Est corrupti quibusdam non ut sapiente cupiditate quis eos.','z','Laudantium ipsam dolor quo aspernatur ipsa.',0,0,0,'2019-03-19 19:09:12','75','Hickleton',1,'2009-05-17 16:28:28','merle86@example.com'),(106,'Mervin','Bahringer','voluptas','1997-02-22 11:28:57',8205,'Placeat pariatur sed delectus quaerat aut.','a','Vitae voluptate aut earum.',0,0,1,'2012-03-21 20:56:26','354757','North Hermina',1,'1976-09-05 04:11:33','davin17@example.net'),(107,'Maya','Cummerata','quos','1989-11-07 12:23:48',2229140,'Magnam delectus ea laudantium dolor.','r','Laborum consectetur atque aut saepe.',1,1,1,'2021-04-04 19:25:55','83','Wiegandchester',0,'1999-01-29 01:26:17','zander.lind@example.org'),(108,'Ashton','Schmidt','neque','1982-11-01 12:05:40',0,'Et explicabo quo et optio facilis amet.','m','Est sapiente saepe deleniti nam tempore.',1,0,1,'2014-09-10 10:09:11','62','East Arnaldo',1,'2021-06-04 13:03:50','thills@example.net'),(109,'Lewis','Yundt','officia','2011-03-02 06:08:29',7,'Fugiat est sit sequi iste neque facere.','t','Praesentium ullam dolorem consectetur accusamus eos similique.',0,0,1,'2012-12-31 15:05:02','8','West Rosalia',1,'1982-07-30 15:11:28','hyatt.russ@example.org'),(110,'Dewayne','Crona','dolor','1975-04-11 19:27:48',3071,'Et tenetur numquam et.','c','Nesciunt est incidunt est quis inventore facere distinctio.',1,0,1,'2016-10-22 02:29:27','15553','New Junemouth',1,'2021-11-08 16:29:21','louisa29@example.net'),(111,'Julian','Koss','quibusdam','1975-03-21 10:25:13',31,'Aut nostrum vitae porro et aspernatur molestiae illo.','y','Cumque eligendi assumenda et magni distinctio ut officia.',0,1,0,'2019-03-20 10:37:32','8','Felipaland',0,'2004-02-28 10:41:43','luciano50@example.com'),(112,'Arlo','Jenkins','minus','2003-02-17 01:32:44',9050076,'Esse voluptatem laborum deleniti officiis commodi aut.','u','Aspernatur magnam voluptatibus ab dolorem.',1,0,1,'2014-11-19 14:53:07','64','Hudsonborough',1,'1985-12-04 02:36:34','ykub@example.net'),(113,'Osvaldo','Turcotte','et','1994-07-06 17:45:22',18626,'Repudiandae quia architecto qui.','u','Consequuntur autem explicabo unde sunt dicta.',0,1,1,'2013-12-12 04:29:05','93','Jacksonhaven',1,'2008-05-04 11:07:33','qstreich@example.org'),(114,'Mason','Vandervort','expedita','1997-12-27 19:08:57',22283,'Quaerat assumenda repudiandae dolor ut quam.','z','Quis qui ad in omnis nihil amet eius.',1,0,1,'2015-11-30 23:27:56','625735593','West Novaland',0,'2017-12-03 21:09:55','ofranecki@example.net'),(115,'Minnie','Hickle','sed','2004-06-28 12:51:48',615373360,'Doloremque harum culpa labore quo.','o','Iure autem nobis est laborum veniam.',1,0,0,'2013-09-11 08:42:53','20','Brisashire',1,'1993-09-24 04:32:40','sstark@example.org'),(116,'Laverna','Gleichner','ea','2012-07-09 05:39:05',72,'In alias quo quibusdam amet unde.','s','Sint voluptas veritatis culpa id sint.',0,1,1,'2018-05-03 09:15:24','335','North Jaunita',1,'1997-06-15 15:05:40','little.katharina@example.net'),(117,'Louie','Dickens','sunt','1997-07-10 23:38:05',78082964,'Et sit similique nam quia.','n','Aut quo voluptates consectetur adipisci adipisci.',0,0,1,'2012-02-04 22:24:44','29','Dillonfort',1,'1993-07-15 01:33:22','jmante@example.org'),(118,'Louie','Okuneva','sed','1999-12-15 09:26:45',15711766,'Atque molestias quod qui porro dolores neque.','p','Sit reiciendis est placeat provident.',0,0,1,'2021-07-14 07:33:37','65271','Matildebury',1,'1979-06-21 10:38:27','lillian98@example.com'),(119,'Kirk','Spencer','et','1997-09-10 03:56:56',12704,'Incidunt sint aliquid blanditiis excepturi voluptates velit.','e','Eos id suscipit molestiae est.',0,0,0,'2018-02-02 00:56:12','17','Hayesshire',1,'1982-11-12 00:11:07','wbosco@example.net'),(120,'Hudson','Hermann','fugit','2015-12-07 03:03:19',43,'Dolore neque reprehenderit nisi sapiente.','j','Est vero dolores nisi omnis voluptate voluptatum.',0,0,1,'2019-11-29 14:04:12','93713','Rodericktown',0,'2020-03-04 21:40:36','little.jailyn@example.org'),(121,'Hiram','Sporer','ducimus','1996-05-19 10:24:08',14840,'Nemo fugit rerum ipsa totam.','h','Dolorem quo aspernatur qui ipsum ullam provident tempore.',0,0,1,'2021-01-08 11:53:26','71','New Rubiefurt',0,'2010-03-07 23:33:29','ykerluke@example.net'),(122,'Caitlyn','Steuber','exercitationem','2006-09-05 02:11:03',24,'Nesciunt omnis voluptas ad ut amet.','t','Magni quia quae qui et tempore in sed.',0,1,1,'2013-11-19 19:49:37','61739','Hertaburgh',1,'2018-09-07 23:31:47','itorp@example.org'),(123,'Margret','Hackett','explicabo','1971-10-16 01:51:08',38,'Et est molestiae quia in omnis odit.','i','Nesciunt numquam qui dolores rerum doloribus aut.',0,0,0,'2013-01-30 02:58:46','1149636','Osinskifurt',0,'2016-10-26 09:22:59','preston.wintheiser@example.net'),(124,'Preston','Hirthe','ut','1975-09-26 07:28:10',90984,'Ab ut ipsam blanditiis porro voluptatem eum vel.','t','Vitae quisquam magni voluptas.',0,1,0,'2013-11-18 09:14:49','','Imanihaven',0,'2014-10-28 22:21:02','isom89@example.com'),(125,'Alek','Herzog','reprehenderit','1981-06-05 06:13:09',1822419,'Blanditiis sapiente quia veritatis est sed.','s','Sint sapiente eum velit aut.',0,1,1,'2017-07-22 14:16:11','6823524','Lake Marielle',0,'1983-02-02 13:16:48','nat.schaden@example.org'),(126,'Raquel','Anderson','eius','2004-08-27 10:40:23',32173,'Rerum magnam nobis corporis magni aut.','f','Inventore doloribus nisi ut vel minima.',1,0,1,'2014-01-18 02:59:21','82','Lukasborough',0,'2012-07-21 03:23:03','price94@example.org'),(127,'Raheem','Blick','cupiditate','2002-05-14 08:48:31',0,'Aut occaecati explicabo minus ut.','n','Ex ut fugiat assumenda quod commodi facilis ea.',1,1,1,'2021-11-26 02:48:41','768','Collinsburgh',1,'1993-08-30 18:02:46','vmarquardt@example.net'),(128,'Hilma','Gleichner','aliquam','1991-07-20 20:08:35',61,'Modi nam voluptatum nesciunt eos quis.','g','Non sint itaque aut.',0,0,0,'2021-02-03 06:17:51','702','Keeblerhaven',1,'1973-12-27 23:23:04','laron20@example.net'),(129,'Mohammed','Beier','libero','1996-04-16 17:02:38',17788173,'Delectus consequatur eligendi dolores quo nihil vel.','j','Modi sint non quaerat totam magnam fuga.',1,1,1,'2019-07-18 15:05:20','8','Port Camylleview',0,'2009-05-22 23:11:42','schneider.alene@example.org'),(130,'Hailee','Jacobson','ad','2011-12-29 06:05:21',628648,'Id ex eaque laudantium voluptatem.','c','Cumque occaecati accusantium iste blanditiis nihil.',1,0,0,'2020-05-27 16:49:21','5968','South Claude',1,'2007-08-21 23:11:40','wehner.vivianne@example.org'),(131,'Jordan','Zemlak','sit','2019-03-08 05:18:55',9609,'Commodi est vitae maxime sapiente blanditiis excepturi placeat eum.','b','Cum veritatis voluptatum molestiae et fuga dolorem.',0,1,0,'2020-10-17 03:54:28','','Williamsonstad',1,'1999-02-18 22:49:51','arvid.runte@example.net'),(132,'Rosendo','VonRueden','rerum','1979-12-16 02:28:20',66,'Voluptate eligendi qui quia.','h','Nam labore in et eum dignissimos et.',1,0,0,'2013-12-08 21:54:39','','Jesston',0,'2007-10-19 23:17:17','orval95@example.org'),(133,'Bobby','Hartmann','maiores','2011-04-15 22:22:51',94,'Omnis reprehenderit possimus velit ut.','o','Dolorem amet voluptates tempora iste consequatur nisi ullam.',0,1,1,'2016-07-23 07:50:42','8','Marianofort',0,'1984-01-06 00:22:11','willard.tillman@example.com'),(134,'Ignatius','O\'Keefe','in','1988-08-24 23:31:03',8,'Voluptas quaerat vitae sequi omnis praesentium voluptatum.','a','Et laborum labore maxime nesciunt soluta ut blanditiis distinctio.',0,1,1,'2017-11-02 21:37:17','35','Wilkinsonshire',1,'2011-12-07 13:26:46','jerde.pablo@example.net'),(135,'Michale','Fadel','sed','1978-09-17 07:59:00',0,'Quia occaecati voluptas animi error iusto repudiandae sint.','c','Aut amet laborum fugit recusandae et maxime et blanditiis.',0,0,1,'2020-12-20 08:29:48','34124517','Swaniawskiland',1,'1988-03-05 05:16:33','eldridge.denesik@example.org'),(136,'Harrison','Pacocha','saepe','1995-11-20 09:08:57',99,'Consequatur tenetur voluptate vero molestiae doloremque reiciendis fugiat.','a','Ipsum voluptates voluptatum cumque.',1,0,1,'2016-04-10 01:27:28','14320578','Dorthytown',1,'1995-08-30 02:21:19','oorn@example.com'),(137,'Marcus','Wolff','unde','1978-01-11 04:46:42',107,'Rem voluptatem accusantium fugit soluta.','f','Consequuntur fugit rerum qui.',1,1,0,'2021-06-20 21:49:58','6','West Clare',1,'1998-03-31 10:57:29','leilani56@example.com'),(138,'Lisandro','Schoen','quia','2010-11-12 12:36:59',0,'Et odio est repudiandae ut inventore voluptatem ipsa.','g','Optio ratione necessitatibus sit id placeat autem rerum.',0,0,0,'2018-05-26 04:49:17','47475','South Gaylordfort',1,'1999-09-15 20:17:19','fae62@example.net'),(139,'Brody','Collier','aliquid','1978-08-23 08:51:09',3048,'Ad ut est itaque iusto.','m','Labore ut eaque hic beatae molestias.',1,1,1,'2020-02-07 22:46:24','878966355','New Alan',1,'2020-03-21 02:17:23','lindsey53@example.com'),(140,'Tressa','Lynch','cumque','1992-04-18 11:17:30',5,'Quisquam non tempora et autem quae aperiam.','l','Numquam fuga consequuntur rerum officiis quis repudiandae.',0,0,1,'2020-01-24 14:09:29','6803','Port Roslyn',1,'2019-02-25 16:25:33','ahyatt@example.org'),(141,'Ludie','Beier','quaerat','2020-02-07 07:02:11',339629,'Ipsum rerum laudantium temporibus vel recusandae earum ducimus.','g','Magnam molestias architecto necessitatibus voluptatum quia molestiae aspernatur.',1,1,1,'2013-10-29 23:32:58','349207020','Hannahaven',0,'2009-09-20 15:45:57','maggio.solon@example.org'),(142,'Meaghan','McClure','accusantium','1986-02-08 04:24:28',841,'Voluptatem inventore illo sed velit.','o','Voluptate earum natus sed officia eaque quod perferendis.',1,1,1,'2018-11-29 00:20:54','','Lake Yasmeenshire',1,'1979-02-13 08:52:22','sarmstrong@example.org'),(143,'Rosalinda','Murazik','consequatur','1979-01-14 19:29:37',38847863,'Autem velit ab ut adipisci perspiciatis et ipsum.','g','Dolore tenetur nostrum pariatur vero laudantium consequatur nihil.',1,0,1,'2016-09-14 18:43:00','658900','Port Favian',1,'2000-11-16 12:23:46','patricia.hayes@example.com'),(144,'Zetta','Schinner','laborum','1997-04-18 18:27:43',25467223,'Amet perspiciatis corrupti quasi sapiente.','f','Nisi aut est dicta illum voluptatem voluptates.',0,1,0,'2015-12-09 15:22:40','567','South Stellaview',0,'1987-05-06 22:37:37','tania64@example.org'),(145,'Vicky','Bruen','sint','2004-02-06 13:12:09',562431,'Asperiores odio dignissimos praesentium consequuntur omnis hic.','e','Impedit vero illum fugiat voluptas eveniet.',1,1,0,'2021-09-13 19:32:43','124052','South Vincentside',1,'1989-05-12 03:52:31','glowe@example.net'),(146,'Dorothy','Lubowitz','illo','2015-09-20 10:34:41',7324669,'Ipsa odit nostrum ut est nemo labore dolores.','r','Suscipit sunt perferendis perferendis molestiae odio saepe.',1,1,1,'2020-06-29 08:12:24','65449342','Eramouth',1,'2015-07-17 22:20:52','karelle.haag@example.com'),(147,'Romaine','Hermann','voluptate','1975-03-21 11:07:23',3,'Laborum mollitia veniam rerum rerum labore nulla.','h','Sint id dolor eos impedit.',1,1,1,'2014-08-15 07:16:13','316765','New Georgestad',1,'1991-10-20 21:03:08','ansel75@example.net'),(148,'Millie','DuBuque','aut','2013-01-11 05:21:21',6119,'Quam non porro laborum eum id ut distinctio.','q','Vero aliquid ea suscipit quibusdam est aut alias.',1,0,0,'2015-02-28 14:19:33','72','Rippinberg',1,'2014-11-16 14:39:40','cortney.farrell@example.com'),(149,'Serena','Brekke','voluptate','2008-11-03 01:37:04',72,'Nostrum voluptas facere facere deserunt et.','k','Omnis iure rem harum voluptas eos architecto sapiente.',0,0,0,'2014-09-01 20:40:05','5381150','East Ronaldoberg',1,'2003-01-24 04:03:02','xdenesik@example.org'),(150,'Marianna','Kutch','distinctio','2001-12-27 23:32:42',3,'Quo similique eius commodi aut.','m','Fuga consequatur ut reiciendis qui cupiditate.',0,1,1,'2014-05-09 08:26:08','','North Mattie',1,'1977-01-31 23:46:38','raegan.reichert@example.net'),(151,'Harold','Bailey','tempore','2017-03-20 04:34:54',1,'Tempora ex sint quia dolorum aut.','x','Blanditiis asperiores hic enim vel quia et.',0,0,1,'2017-12-20 14:10:47','520','Zoeyborough',0,'2021-01-02 11:58:14','orobel@example.net'),(152,'Bruce','Hamill','aspernatur','1979-05-08 00:30:03',460,'Quia libero neque minus asperiores.','d','Dolore laboriosam rerum natus iusto dignissimos.',0,1,1,'2018-02-06 19:36:53','809438','Clarabelletown',0,'1994-02-06 06:55:06','wunsch.joaquin@example.org'),(153,'Barrett','Abernathy','eum','1970-03-02 23:06:45',5424157,'Perspiciatis quas et qui officiis.','o','Quaerat ipsam sapiente nihil sed voluptatem quo.',1,0,1,'2014-07-04 03:16:02','240803','New Kelli',1,'1982-02-07 04:26:02','leon08@example.org'),(154,'Gregg','Lesch','nulla','1983-04-09 12:40:02',98740889,'Eius ipsa similique in recusandae laboriosam.','f','Vero harum harum iusto ea sint aut placeat praesentium.',1,0,1,'2019-05-27 03:01:12','571507','East Mayhaven',1,'1995-05-12 21:20:21','qjacobs@example.net'),(155,'Vincent','Murazik','cum','1982-11-29 08:04:12',369,'Eius officiis enim officiis numquam.','m','Provident repellat qui soluta nobis quisquam.',1,1,1,'2012-12-09 05:43:34','','Kirlinborough',1,'1987-10-25 18:05:32','lwhite@example.org'),(156,'Constance','Leuschke','nobis','1987-10-31 21:49:16',95912,'Quod et sit molestiae minima molestias.','n','Quae qui nesciunt corrupti dolor nobis quo.',0,1,1,'2018-06-22 03:34:29','1561','New Tyrel',1,'2008-07-07 21:26:55','rodriguez.britney@example.net'),(157,'Brando','Jacobs','hic','1998-02-01 01:26:23',942,'Assumenda quis illo nihil eveniet nemo possimus quaerat.','z','Porro odit est inventore dolores.',1,0,0,'2021-07-10 00:45:45','154109268','Olsonberg',0,'1985-04-28 14:37:50','felicity68@example.org'),(158,'Eldridge','Dare','vitae','1988-08-25 02:58:24',812121,'Provident aut est alias quia soluta dignissimos voluptatem.','w','Veritatis nihil asperiores quos itaque.',0,1,1,'2015-08-25 22:35:23','','Tristinfurt',0,'1970-05-14 14:59:25','mmohr@example.com'),(159,'Declan','Kassulke','minima','1993-06-26 20:58:39',20483,'Consequatur magni fugit nobis voluptatibus voluptas quo eum.','e','Amet quisquam fugit vitae ea quis.',1,0,0,'2017-03-07 17:09:25','6','West Kaylafurt',1,'1995-10-02 18:37:17','ubaldo44@example.org'),(160,'Mae','Marks','sapiente','1985-03-02 15:04:21',239480,'Sed iusto aut rerum.','d','At exercitationem enim sint occaecati qui et atque.',0,0,1,'2018-03-09 20:26:13','29','Labadiebury',1,'1972-08-28 06:43:22','yundt.montana@example.net'),(161,'Emory','Wisoky','a','2013-08-05 13:29:13',32,'Fugiat voluptatem fugit alias quidem voluptatum.','e','Reiciendis rerum qui eligendi.',0,1,1,'2018-07-08 04:53:50','85888','Anaport',0,'2013-03-15 07:34:45','breanne05@example.com'),(162,'Mona','Nicolas','quisquam','2001-12-04 10:41:19',4,'Animi est incidunt quidem consequatur tempore deserunt et.','q','Maiores sint esse eveniet consectetur quis.',0,0,0,'2018-11-15 12:48:10','69','South Delilahburgh',0,'2011-03-29 18:32:24','manuela.dickens@example.org'),(163,'Zander','Wilderman','in','2007-06-18 11:28:04',83645,'Ab qui vero nobis.','w','Quibusdam porro nemo tempore possimus tempora sapiente.',1,0,1,'2017-11-03 03:43:30','831211','Jarenberg',1,'1995-04-27 17:28:38','lyla85@example.com'),(164,'Luna','Boehm','facilis','1997-12-18 17:14:00',96754302,'Et quaerat neque amet.','b','Similique suscipit voluptatem explicabo veniam expedita.',1,0,0,'2016-08-20 13:45:48','276719','Loisburgh',0,'2000-04-04 16:48:26','borer.carey@example.com'),(165,'Katlyn','Reichert','voluptas','1974-10-30 07:39:05',454745,'Cumque quasi ut rem voluptate fugit ratione cupiditate.','r','Quis aut nam eum occaecati sunt.',1,1,0,'2020-10-10 01:29:58','67503','Port Kylie',0,'1984-06-22 08:18:59','ashtyn.hickle@example.net'),(166,'Edward','Shanahan','optio','1999-05-01 23:32:30',4139314,'Eum ut laborum eos voluptatem eius minima consequatur.','c','Aliquam adipisci officia itaque quae.',0,0,1,'2020-05-27 11:25:34','59','Quigleyborough',1,'1996-12-14 19:45:41','kuhn.antonetta@example.com'),(167,'Verlie','Kessler','sapiente','1999-06-11 23:42:22',8,'Numquam ut cum est et.','n','Animi ut eligendi perspiciatis reiciendis laudantium.',0,0,1,'2017-03-31 06:05:15','155749758','Boyerburgh',1,'1985-06-10 00:09:45','prosacco.ottis@example.com'),(168,'Trent','Shields','dolor','1976-06-10 23:15:49',0,'Non quas veniam ut distinctio.','m','Quo modi consequatur minus praesentium iste itaque.',0,1,0,'2017-04-13 03:53:12','13','Port Asiaview',1,'2008-01-09 01:24:23','ygleason@example.net'),(169,'Sierra','Waters','omnis','2007-01-06 15:10:43',40243,'Commodi officiis modi rerum quod.','n','Temporibus eius suscipit ea incidunt.',0,1,1,'2016-07-29 12:40:03','5463','Woodrowfort',0,'1981-12-04 16:01:45','zander06@example.net'),(170,'Jay','DuBuque','excepturi','1975-09-24 08:32:09',394161,'Ea distinctio rem placeat voluptas labore incidunt aut.','a','Eveniet maiores id aut architecto animi quas vel.',0,1,1,'2014-06-13 05:53:16','8859','East Claystad',0,'1987-12-19 09:13:25','aliyah10@example.net'),(171,'Rickey','Quitzon','soluta','1997-09-17 13:06:06',910642529,'Pariatur non vel nihil doloremque iusto.','k','Cumque blanditiis eius illum.',0,0,1,'2020-11-05 13:26:18','290','East Margarett',1,'2018-10-01 16:03:57','hannah.cruickshank@example.net'),(172,'Claude','Conroy','quaerat','1980-05-02 05:08:32',8730,'Porro aut et cupiditate culpa non mollitia vitae.','b','Veritatis et velit nihil suscipit optio et.',1,0,0,'2019-10-13 03:12:08','','West Carley',1,'2008-06-15 15:52:26','hahn.jorge@example.net'),(173,'Isabel','Feeney','suscipit','2001-04-22 22:39:32',97867317,'Culpa quae quia voluptatum ipsa esse voluptatem eum.','g','Ducimus possimus culpa dicta doloremque et ut.',0,0,1,'2013-09-04 21:56:24','65280','South Francescaville',0,'2020-12-25 19:44:43','ltowne@example.com'),(174,'Germaine','Hammes','maxime','1982-09-22 15:26:50',88949,'Doloremque aut qui molestiae fugit consectetur numquam quasi.','n','Non nesciunt quo corporis culpa vel laborum omnis quia.',0,0,0,'2014-04-18 00:04:50','7104','Herzoghaven',1,'2017-09-18 14:26:31','fbatz@example.com'),(175,'Gretchen','Aufderhar','quibusdam','2003-08-11 16:22:46',1,'Numquam dolor consequatur et vitae.','m','Et dolorem quasi cumque quisquam sit quidem minima.',0,0,1,'2020-07-13 07:24:27','','Kevenland',1,'2009-08-18 03:54:52','celestino08@example.com'),(176,'Adan','Bradtke','alias','2014-04-02 23:11:51',80797,'Quod laborum numquam quo quod.','a','Est non asperiores ex molestiae cum.',1,1,1,'2018-01-20 09:22:50','','Rowlandhaven',1,'2015-07-19 00:28:09','bradley35@example.org'),(177,'Lexus','Willms','aut','1983-08-04 18:55:59',0,'Et reiciendis vero qui sit.','s','Et ea vel voluptas non.',0,0,0,'2017-08-18 03:47:51','9682','Port Santaport',1,'2011-10-19 09:55:20','irath@example.com'),(178,'Antonette','Rempel','nulla','2007-07-01 22:10:37',95,'Laudantium voluptatem id enim nobis aliquam consectetur.','l','Enim dolor quidem placeat et commodi.',1,1,0,'2013-12-05 04:30:15','304935413','Bradtkeview',1,'1971-03-09 00:06:26','hcremin@example.net'),(179,'Shana','Corwin','doloremque','2008-10-08 06:53:30',30782,'Omnis consequatur nihil suscipit aspernatur amet repudiandae.','j','Molestiae aut exercitationem rerum ratione eveniet nostrum.',1,1,1,'2021-11-14 01:00:06','','Lake Tess',1,'1991-01-07 10:07:27','renner.catherine@example.com'),(180,'Bret','Stanton','doloribus','1974-07-05 20:29:56',86,'Totam distinctio optio et optio impedit saepe.','j','Vel quas harum officia praesentium aperiam.',0,1,1,'2019-12-15 03:58:12','8465','Lake Vincenzaview',1,'1970-11-03 07:41:34','harvey.makayla@example.com'),(181,'Gladyce','Flatley','asperiores','1991-12-06 08:30:40',1,'Voluptatem error voluptatem unde ex molestiae minus iusto.','u','Ad est asperiores quo modi.',1,0,1,'2020-10-12 16:11:21','2472972','Kyleighville',0,'2006-11-02 12:46:04','aurelio09@example.com'),(182,'Yasmine','Mayert','animi','1974-04-25 04:47:33',6461232,'Et quae eveniet quisquam nemo omnis consectetur.','m','Vel aut iusto animi porro occaecati eum.',0,1,1,'2019-09-19 17:00:41','59','Jovannychester',1,'1997-01-11 08:35:52','rowland.stehr@example.com'),(183,'Bessie','Sanford','et','2017-03-05 01:01:00',0,'Vel magni voluptatem rem.','s','Voluptatum saepe nisi et officia.',1,1,0,'2015-01-19 22:00:38','76675','Alessiafurt',1,'2008-10-23 15:46:15','jaida.greenfelder@example.org'),(184,'Austen','Johnson','nisi','1998-08-03 17:49:29',584,'Est accusamus a et.','g','Eos alias ipsa et rerum veritatis repellat.',1,0,0,'2016-02-21 15:22:35','2','Mossieberg',1,'2013-04-01 03:35:30','kmraz@example.org'),(185,'Marquis','Hirthe','dolorem','2009-05-26 08:26:37',84,'Hic aut est reiciendis ut optio.','d','Qui dolor et blanditiis dolor ea sed eaque in.',0,0,1,'2020-09-14 22:31:16','4339','West Torreystad',1,'2006-06-13 15:03:18','vcronin@example.net'),(186,'Colleen','Vandervort','quidem','2011-10-01 17:52:35',9,'Voluptas sed impedit repellendus labore.','j','Nobis ipsam qui vel facere repellat nihil.',1,1,0,'2018-08-03 09:13:35','59083','Margaretland',1,'2007-11-19 15:54:31','nader.kristin@example.net'),(187,'Danielle','Beier','officia','1981-08-01 23:21:49',65693191,'Culpa quam minus earum itaque omnis.','p','Corporis est nam ratione quod nisi.',1,0,0,'2019-03-20 13:08:27','656652','Spencermouth',0,'2018-07-22 00:33:08','cordia.gorczany@example.net'),(188,'Jerrold','Hirthe','est','1981-12-04 23:26:26',463878320,'Quia sit repellendus consequatur aspernatur in.','e','Ut dolore rem iste autem ea voluptate at.',1,1,0,'2014-04-28 08:28:28','8','West Eleonorestad',0,'2021-11-10 14:36:06','watsica.moses@example.net'),(189,'Alfredo','Beier','ut','1989-12-10 08:50:24',8654904,'Atque nam ab pariatur assumenda.','e','Voluptatum sunt maxime et nobis vel rerum voluptatem.',1,0,0,'2015-06-26 18:19:57','2','New Emilieville',1,'2016-03-01 12:58:21','bahringer.amalia@example.org'),(190,'Alycia','Hane','consequatur','1978-08-08 19:09:50',538511,'Quos distinctio accusantium sunt officiis rerum.','z','Harum quia voluptates nihil error nisi deserunt.',0,1,0,'2016-11-14 08:53:16','88203','East Wilma',0,'1990-01-10 20:32:01','hector96@example.net'),(191,'Claud','Anderson','asperiores','1972-10-19 08:01:42',92879797,'Est officia sed omnis rerum ratione sit assumenda sed.','k','Deserunt tempore modi sit totam sint unde.',1,1,1,'2021-04-19 17:37:19','3021','Armstrongton',0,'1978-02-24 03:09:48','gottlieb.carley@example.com'),(192,'Sonya','Lueilwitz','corrupti','2018-01-08 22:51:39',95,'Et odit dolorem sint.','r','Alias atque voluptas laborum occaecati.',1,1,1,'2021-04-10 10:16:57','43589175','Lake Gertrudeburgh',0,'1986-04-21 10:21:44','jquigley@example.org'),(193,'Veronica','Williamson','dolor','1977-03-04 12:22:32',952,'Ex et aliquam consequuntur ut eum aliquam.','f','Quia deleniti et molestiae quia non consequatur fugiat.',1,0,1,'2019-06-27 13:59:11','910','Jacobsonfurt',1,'2009-06-30 10:43:33','pouros.chanel@example.com'),(194,'Jeffrey','Prosacco','iste','1977-02-18 16:39:28',8,'Quam dolorum ex inventore atque illo vero tempora.','t','Est sit ea quia quisquam repudiandae quod voluptatem.',1,1,0,'2014-03-02 06:31:37','951','Alanamouth',0,'1980-01-21 20:17:56','brisa.stehr@example.net'),(195,'Cleta','Kovacek','et','2015-10-30 11:57:35',0,'Est ex eligendi repudiandae dolores.','t','Sequi ipsa voluptatem a eos cupiditate consequatur.',0,1,1,'2019-04-30 04:37:02','11749171','East Isom',0,'1984-06-18 14:08:57','simonis.brionna@example.net'),(196,'Freddie','Upton','voluptatem','1985-03-26 17:41:29',797,'Velit pariatur aut ut sit explicabo qui.','n','Et id qui corporis perferendis deleniti.',0,1,0,'2013-07-31 14:02:23','681','Carrollchester',0,'2017-05-25 23:50:56','jlehner@example.net'),(197,'Leanne','Crooks','amet','1981-04-03 04:40:21',57242,'Repellendus placeat id adipisci veritatis fugit.','i','Animi sunt reiciendis sed et earum soluta voluptatibus.',0,1,1,'2016-03-07 20:49:23','555625981','New Kayley',1,'2017-11-29 16:55:57','gardner34@example.org'),(198,'Celia','Ankunding','velit','1993-12-20 00:48:56',584388,'Dolorum cum atque qui et incidunt ut sed.','y','Sunt id excepturi minus quas architecto corrupti voluptatem.',1,0,1,'2014-03-11 00:30:13','77160','West Kirabury',0,'1996-12-16 02:10:43','angelica32@example.com'),(199,'Cecilia','Rolfson','voluptas','2012-04-03 03:44:19',906486711,'Cumque vero deserunt sunt inventore dolorum et id occaecati.','l','Et quae quia nulla delectus hic.',0,0,1,'2021-06-21 03:59:33','69498','Starkbury',0,'2016-12-28 05:05:53','vkutch@example.net'),(200,'Kiera','Raynor','iste','2017-03-21 17:21:34',16250725,'Est est quae ab et.','f','Quidem eos impedit aliquid fugit suscipit hic eveniet.',0,0,0,'2014-02-19 01:42:42','7','East Olga',0,'1991-11-21 07:47:27','trantow.aniyah@example.org'),(201,'Doyle','Reilly','voluptate','1973-05-24 10:24:13',2,'Non voluptas alias sunt aut.','x','Reprehenderit quidem voluptatem inventore ab est ea culpa ea.',0,1,0,'2020-08-03 06:24:49','','Harrisside',1,'1991-01-20 07:31:51','harber.jordi@example.org'),(202,'Vida','Romaguera','laudantium','2007-03-03 10:29:00',167354809,'Iste similique ullam sunt debitis quasi qui eum.','t','Voluptatibus eveniet saepe vel.',1,1,1,'2021-09-16 12:45:15','','Zitaberg',0,'1979-07-10 19:29:02','ophelia.schroeder@example.net'),(203,'Zoie','Weissnat','velit','2008-12-14 17:38:32',297713939,'Quo sed id nostrum est accusamus neque et.','j','Facere fuga odit fugit perspiciatis dolorem.',1,1,0,'2012-06-26 20:17:28','64','Beaulahchester',1,'2018-12-10 11:31:31','braxton07@example.com'),(204,'Adrain','Kohler','dolor','2013-05-16 22:05:26',35088488,'Repudiandae molestiae a enim iure ex consequatur asperiores.','g','Et incidunt eum et quas.',1,1,1,'2021-03-12 12:25:49','6','Port Rickie',1,'2015-08-05 08:53:15','boyle.julius@example.org'),(205,'Kelley','Ernser','quis','1985-04-07 10:38:07',499738,'Vero voluptatem nobis rerum doloribus et dolorem ut perferendis.','g','Est eum aut accusantium consequuntur et suscipit.',0,1,1,'2021-10-17 02:45:49','186403589','New Joshbury',0,'1981-03-10 09:00:11','tgulgowski@example.com'),(206,'Guillermo','Koelpin','ut','1996-02-01 17:59:26',1,'Et minus quis nulla deserunt nulla quia non.','z','Laboriosam dolorem et placeat aut qui voluptas sit.',0,0,0,'2018-01-15 04:14:48','5494059','New Hailiemouth',1,'1990-11-01 02:16:10','abshire.kylie@example.org'),(207,'Nicolette','Kuphal','autem','2004-07-09 04:16:19',51729984,'Placeat saepe fugiat ut eius dolorum qui.','g','Aut corporis ipsa nihil minima.',0,0,0,'2021-07-28 10:06:17','279','New Marley',1,'1995-11-25 18:31:02','purdy.raven@example.org'),(208,'Emmalee','Wunsch','sit','1990-02-05 00:44:05',91664162,'Aliquam ipsa numquam sint atque.','f','Natus iure rerum ex rerum dolor.',0,1,0,'2018-01-28 16:40:06','575514','O\'Reillyburgh',0,'2009-11-26 03:33:41','hayley09@example.org'),(209,'Enid','Nienow','minima','1978-09-22 17:57:25',460,'Quo suscipit repudiandae omnis sint incidunt excepturi assumenda.','v','Aperiam accusantium ducimus aut iste illo dolor ea porro.',1,0,1,'2021-06-16 05:23:10','82800','Harberburgh',0,'1987-10-31 03:39:25','kihn.alta@example.org'),(210,'Elvera','Turcotte','quidem','1995-09-02 12:39:37',4,'Sed voluptas ab sequi alias numquam quas.','o','Qui iusto debitis voluptas in.',1,0,1,'2015-08-10 09:12:17','3','Diamondmouth',0,'1975-12-09 02:02:14','madeline82@example.com'),(211,'Heloise','Cremin','deserunt','2018-12-13 10:52:28',6923,'Architecto impedit perspiciatis nam dignissimos.','z','Saepe et error esse ex.',0,1,1,'2020-02-19 20:12:50','310327','Schummburgh',0,'1970-05-18 02:39:21','kane90@example.net'),(212,'Devante','Mayert','repellendus','1994-12-11 16:53:51',1,'Quasi consequatur itaque voluptatum eligendi in est eum.','f','Dolores atque architecto quibusdam facilis.',0,1,0,'2018-12-02 14:36:58','5','Harveyfurt',0,'1997-01-06 15:08:15','verlie54@example.org'),(213,'Louvenia','Oberbrunner','facere','1978-02-16 08:03:48',2998084,'Voluptas eius minima et.','b','Quo eligendi ea repudiandae eos placeat laboriosam qui.',1,1,1,'2013-09-15 03:40:14','87','Ethylside',1,'1992-11-05 06:12:21','nasir62@example.net'),(214,'Karine','Ritchie','minus','1991-03-22 08:59:55',9,'Adipisci voluptatem ullam explicabo reiciendis inventore qui.','x','Ut voluptas et quam natus nostrum sint fugit.',1,0,1,'2012-01-15 12:39:30','26','South Anibalburgh',0,'1980-08-12 22:20:04','rwiza@example.com'),(215,'Riley','Kling','sit','2009-06-14 03:25:24',0,'Dicta corporis dignissimos ratione veritatis quis.','x','Quae natus dolorem laborum repellat officiis consequatur reiciendis nulla.',1,0,1,'2019-11-02 05:08:55','3682','North Dangeloborough',0,'2007-07-16 19:57:22','sbogan@example.org'),(216,'Jeffry','Smith','eum','2021-08-01 21:54:20',305320,'Debitis dolore distinctio optio est deleniti quia dignissimos.','c','Suscipit velit facere laboriosam inventore natus hic.',0,1,0,'2021-01-24 01:41:05','89909','North Winifred',1,'1976-05-20 18:49:04','wjacobs@example.net'),(217,'Lewis','Sporer','ratione','2012-03-23 22:49:31',557359,'Sit aut quia id magni expedita.','h','Cupiditate est et maiores in a.',1,1,0,'2016-01-20 11:56:38','91','Lake Keanutown',1,'2002-05-05 01:04:46','elna.gibson@example.org'),(218,'Maximus','Hand','amet','1982-10-27 14:12:48',4348648,'Adipisci iste iste pariatur impedit ut.','g','Similique quis qui beatae aut.',0,0,1,'2012-07-15 10:06:12','619760','Blickmouth',0,'1985-07-06 10:46:15','cjohnson@example.net'),(219,'Derrick','Schmidt','aliquid','2003-06-13 16:05:32',368434902,'Vero maiores eligendi distinctio ut illum est nemo architecto.','l','Voluptate dicta aliquam facilis aut rerum deleniti.',1,0,0,'2013-07-19 08:02:57','9','Nienowburgh',0,'2020-03-23 04:34:51','alexandrine40@example.com'),(220,'Annabelle','Little','laboriosam','1984-01-08 12:12:18',6930,'Velit ea delectus qui eligendi tenetur tempore.','s','Nemo ab omnis nihil quia illo necessitatibus aut perferendis.',1,0,1,'2017-09-09 01:40:30','736030387','Carriebury',1,'1979-10-16 01:50:17','heidenreich.henriette@example.com'),(221,'Omer','Kovacek','voluptatem','1987-10-07 08:02:16',8941496,'Numquam quia ut iure amet doloremque.','i','Quo esse nulla nesciunt eos et.',1,1,1,'2020-01-18 13:46:36','378434682','Moriahchester',1,'1976-03-19 17:32:42','nmitchell@example.org'),(222,'Keven','Doyle','et','1990-10-02 14:51:57',0,'Cupiditate quos exercitationem tenetur quidem.','t','Autem odit exercitationem sint minima.',0,1,0,'2015-06-25 00:12:34','4','South Edgardo',1,'1973-11-12 14:11:28','maritza.eichmann@example.com'),(223,'Kayden','McLaughlin','minus','2018-12-07 07:58:47',2,'Quae totam rem dolor quod adipisci qui sit voluptatem.','w','Minima tempore exercitationem et fuga.',1,1,0,'2021-05-20 22:04:54','81406788','Port Dylanville',0,'1975-03-17 23:22:46','paul.spencer@example.org'),(224,'Jade','Breitenberg','recusandae','1982-03-17 23:05:38',1548,'Quia numquam ut aliquam porro molestias.','y','Aliquid minima voluptatem tempore et soluta debitis molestias.',1,1,1,'2013-02-28 16:11:46','83361','West Anikaview',1,'1996-05-06 18:02:04','ubarrows@example.org'),(225,'Carissa','Lubowitz','sint','1992-08-31 21:17:09',601,'Sint consequatur sint ipsum in.','g','Illum aspernatur voluptatem libero.',1,1,1,'2016-09-13 19:40:06','6188','North Layne',0,'2005-11-01 01:31:34','makayla26@example.net'),(226,'Helene','Purdy','velit','1991-04-11 11:46:23',55,'Nulla veniam ex sunt aut hic nemo.','f','Similique et ipsam assumenda perferendis nihil eum.',0,1,0,'2019-08-22 05:57:18','970844','Wymanmouth',1,'2002-07-05 02:22:10','xdickens@example.net'),(227,'Eduardo','Reilly','et','1995-11-23 07:51:50',723445,'Sint similique maiores id ipsam ipsam.','k','Et similique quis repudiandae distinctio quo itaque quia.',0,0,0,'2014-07-03 15:30:00','846','McDermottview',0,'2011-04-29 18:10:36','hkshlerin@example.com'),(228,'Einar','Mueller','earum','1999-08-22 11:13:41',27438,'Et id modi et molestias.','k','Eum laudantium mollitia sapiente omnis qui ut quos voluptate.',1,0,1,'2017-03-21 05:34:21','28','Jastside',0,'2008-05-29 10:18:01','ebartoletti@example.com'),(229,'Jewell','Nikolaus','aliquam','2020-01-13 08:40:37',8945630,'Est eaque quis ipsum ut fugit velit.','s','Illo consequatur non blanditiis nam quam sit.',1,1,1,'2012-02-26 08:27:22','95670302','Hackettside',0,'1984-07-19 06:59:19','mcglynn.lilly@example.org'),(230,'Carmella','Stokes','libero','2003-04-26 13:53:54',2,'Voluptate eos excepturi eligendi provident.','r','Asperiores culpa nihil quia vitae voluptatem voluptatem quae aut.',0,1,1,'2021-10-16 10:08:45','2540','Mckaylastad',1,'1989-04-28 18:32:26','brendon85@example.org'),(231,'Aisha','Lockman','distinctio','1999-08-17 13:21:58',0,'Consequatur hic qui corporis sed provident et.','p','Ea repudiandae qui deserunt voluptatem a.',1,1,1,'2017-06-14 09:51:59','35462575','Medhurstville',0,'1986-06-21 00:06:10','mazie83@example.net'),(232,'Jarrett','O\'Hara','quos','1979-09-12 01:56:47',3,'Animi sed suscipit voluptatem quia ducimus est.','f','Suscipit corrupti omnis voluptatem et eveniet consequatur aut reprehenderit.',1,0,0,'2013-10-19 14:33:38','2295','East Ameliemouth',1,'2006-07-30 07:43:42','wdoyle@example.net'),(233,'Frank','Ruecker','facilis','1972-01-27 00:43:11',8,'Qui fugiat ea tempore ut.','x','Quia modi eum ipsum est et quia culpa.',1,0,0,'2020-11-11 08:47:20','','Feeststad',0,'1992-09-28 21:39:55','cwillms@example.org'),(234,'Esther','Pacocha','id','1995-05-16 00:29:00',138,'Et in est quia facere eveniet fuga ea.','v','Ratione non molestiae corrupti sed.',0,0,1,'2016-11-04 20:50:36','','Gutmannville',1,'1990-01-01 22:50:46','wberge@example.org'),(235,'Howell','Robel','at','1994-11-19 23:34:10',9701140,'Quibusdam pariatur repellat quos in.','m','Amet asperiores asperiores repellendus voluptatem eum rerum.',1,1,1,'2012-06-27 17:16:30','2','Port Kieraside',0,'2009-03-04 08:02:13','uorn@example.com'),(236,'Alice','Stoltenberg','ipsa','2018-12-06 22:35:56',310,'Dolor delectus libero voluptate dignissimos.','c','Vero reiciendis distinctio quibusdam cum et tempora qui.',1,0,1,'2021-03-05 19:18:07','9310932','Reubenstad',0,'1977-08-19 17:56:41','devan14@example.com'),(237,'Clara','King','voluptas','1995-02-28 17:46:47',2620,'Libero autem sed in nulla ipsum voluptas.','y','Facere suscipit ipsa recusandae et perspiciatis provident dolores in.',0,0,1,'2013-07-17 04:34:28','18584353','East Emelie',0,'2018-07-15 18:24:29','smitham.rosemarie@example.com'),(238,'Hubert','Kunde','ut','2013-04-02 02:10:18',0,'Voluptas dolorum voluptatem numquam et natus vel.','x','Inventore sint aliquid repellendus harum ut quia aspernatur.',0,0,1,'2017-01-06 20:21:38','60','Fisherview',1,'1990-10-28 21:28:15','moore.orrin@example.net'),(239,'Britney','Fisher','possimus','2021-09-30 18:21:55',536145625,'Autem expedita eaque nihil et molestias magnam qui.','i','Aut tempora ipsam maxime doloremque.',0,1,1,'2017-11-24 21:48:25','3','Walshstad',1,'2013-03-27 10:28:36','raphaelle79@example.net'),(240,'Delmer','Rowe','maiores','1976-01-28 09:33:46',5319,'Totam consequuntur porro quas tempore.','l','Molestiae corrupti laborum aliquam corrupti accusamus soluta a.',0,1,0,'2014-01-05 23:10:50','57519','Oranburgh',1,'1985-02-03 12:10:28','howell.mark@example.net'),(241,'Shyanne','Gutkowski','omnis','2017-02-08 00:54:27',69,'Rerum in sunt reiciendis.','y','Consequatur et est sit voluptatum.',0,0,0,'2019-05-14 03:26:12','9778','West Maximo',1,'2015-01-30 15:11:43','cary40@example.net'),(242,'Tyler','Hahn','modi','2018-02-22 17:51:31',0,'Facilis impedit dolore rerum.','g','Eos quas enim qui.',0,1,1,'2019-04-21 01:04:55','96258738','Nicolasmouth',1,'1983-07-10 23:22:19','fd\'amore@example.org'),(243,'Bethany','Konopelski','ipsam','2011-04-04 14:52:33',40,'Totam quia earum mollitia et vero.','a','Cupiditate quam est similique ea.',1,0,0,'2020-05-26 08:51:22','','Ricestad',1,'1978-09-19 13:01:30','block.liam@example.com'),(244,'Carey','Kerluke','aliquid','2017-02-28 23:44:54',5790,'Laboriosam nihil similique alias eaque possimus.','b','Ea eligendi esse minima.',0,1,1,'2020-04-09 22:19:51','4955676','Mohammedstad',0,'1997-01-21 07:54:15','kory.satterfield@example.com'),(245,'Virginia','Blanda','rerum','1992-06-12 03:41:07',473424696,'Tempora sed expedita et provident nihil minima natus ut.','d','Quis aut amet dolorem rerum rerum velit ipsum non.',0,0,0,'2012-06-29 10:11:57','93194765','East Loyce',0,'1974-09-12 08:42:21','franecki.carole@example.org'),(246,'Damion','Sipes','minima','2017-03-28 02:33:36',5579236,'Voluptatem aperiam et doloribus quidem et id ut.','h','Et tenetur atque earum ut ducimus non voluptas dolores.',1,1,0,'2020-12-19 14:04:22','6979','Hegmannton',1,'1988-08-21 00:36:38','fredrick77@example.net'),(247,'Adela','Harris','aspernatur','2014-10-22 18:36:13',9785,'Sunt ut velit culpa numquam sint exercitationem iure.','t','Excepturi officia temporibus et sapiente dolorem.',0,0,1,'2019-01-15 05:31:27','74641288','Roobfort',1,'1970-01-02 11:13:15','aliza05@example.com'),(248,'Cletus','Abbott','explicabo','1998-02-10 06:39:36',2,'Excepturi dolorem et quae porro nihil.','j','Et nesciunt voluptate dolor quia cupiditate.',0,0,0,'2020-02-14 11:05:27','362','Lake Dameonfurt',1,'1984-09-02 19:58:31','tony97@example.org'),(249,'Kasandra','Lang','vel','1993-12-08 06:03:00',69389606,'Excepturi dolorum dolorem incidunt a.','h','Expedita hic at aut laudantium in nisi.',0,0,1,'2014-11-02 00:02:34','','North Esperanzaland',1,'1988-08-24 00:35:56','esmeralda54@example.org'),(250,'Krystina','Boyer','saepe','1989-08-17 07:53:23',0,'Maiores dignissimos veniam quo voluptas aut nesciunt.','x','Quis id ut qui quibusdam occaecati nesciunt quis.',1,0,1,'2013-08-11 05:07:56','66','Colehaven',1,'1991-09-02 01:43:37','riley.ernser@example.com'),(251,'Vincent','McClure','iure','2009-08-16 00:25:01',48669520,'Libero nulla quidem ad nihil sit sint sunt.','m','Tempora id consequatur corrupti.',0,1,1,'2013-10-10 17:07:46','695108','Port Garrett',1,'2018-06-05 11:03:18','gboehm@example.com'),(252,'Lorna','Pfannerstill','cum','2015-07-11 08:04:09',8990,'Corporis suscipit dolorum nobis non perspiciatis optio commodi.','h','Accusamus repellendus dolorum nostrum et autem.',0,0,1,'2015-08-26 11:19:57','10050','North Maria',0,'1996-10-03 18:51:06','hobart27@example.net'),(253,'Patrick','Rau','deleniti','1985-05-22 01:05:20',2949,'Ea illum vel doloribus necessitatibus vel.','r','Ratione tempore sed et vero quia ratione sint.',1,0,0,'2018-04-11 17:09:10','9376988','Majorport',1,'1989-02-19 19:57:10','adele27@example.com'),(254,'Carolyne','McDermott','laborum','1972-02-25 15:37:16',7641763,'Ea dolores fugiat omnis sed et.','c','Velit et quia maxime animi veritatis quis.',1,0,0,'2012-04-09 23:33:29','577599','Lake Deborahton',0,'1981-07-27 20:01:58','beau.jacobs@example.net'),(255,'Tessie','Kuhic','repudiandae','1994-03-05 21:20:04',564010,'Odio et cumque est nam illo iste aut voluptate.','l','Debitis soluta non voluptatem ea exercitationem dolores et.',1,0,1,'2019-08-07 18:49:38','','Fredystad',0,'1974-06-16 01:25:40','quentin.wunsch@example.org'),(256,'Ryley','Morissette','nihil','2013-02-08 05:37:47',60,'Recusandae sapiente atque voluptas.','w','Eos praesentium sed consequatur ad rem fugit doloribus.',0,1,0,'2016-05-30 01:49:42','68006','Port Bricemouth',1,'1987-11-23 09:35:46','udickens@example.com'),(257,'Amir','West','temporibus','1988-10-28 20:11:39',99478389,'Ipsam officiis id non quis.','i','Similique doloribus sed ipsa sequi quia.',1,0,0,'2012-12-08 03:54:33','8651','New Cassidy',0,'2002-12-02 15:06:30','hilda16@example.org'),(258,'Sanford','Pacocha','molestiae','1980-02-20 12:21:10',77858557,'Sunt laborum accusantium et maxime.','u','Non non qui repellat veniam.',0,1,0,'2016-05-02 10:55:58','9494881','Melbafort',1,'1989-08-19 16:23:20','imelda.bruen@example.org'),(259,'Alec','Miller','eos','1984-04-23 18:18:11',3,'Molestiae et recusandae non ipsa maiores magnam.','r','Quia vel nobis perferendis consequatur tempora.',0,0,1,'2014-12-22 12:10:33','4764778','Chanelbury',1,'1993-12-10 18:11:29','nitzsche.reid@example.com'),(260,'Marilyne','O\'Reilly','non','1998-05-15 23:40:24',1349960,'Et recusandae consequatur illo aut qui.','u','Earum repellendus ad eveniet veniam nulla dolores.',0,0,1,'2017-08-03 01:04:25','85890196','Romagueramouth',0,'1983-09-06 07:32:43','onie.goldner@example.org'),(261,'Kamron','Carter','itaque','1980-07-26 18:53:40',742,'Libero laudantium consequatur maiores consequatur facere incidunt.','o','Provident soluta ab fugit commodi magnam.',0,0,0,'2017-01-06 09:49:06','1510','Clemensborough',1,'1984-11-11 01:49:49','wisoky.donald@example.org'),(262,'Santa','Thiel','nostrum','2006-11-19 01:37:04',126,'Ut nisi labore cumque.','k','Unde ullam placeat quia ipsa nihil.',0,1,0,'2015-01-22 04:21:42','144888809','New Fernandoton',1,'1972-05-13 18:57:57','chelsie.beier@example.org'),(263,'Zella','Murazik','eos','1989-03-02 06:08:43',89,'Deserunt qui quia culpa totam ducimus.','z','Rem nobis fugit enim et quae.',1,1,1,'2018-06-12 07:59:09','863567868','Christiansenmouth',1,'1970-03-17 14:50:31','hettinger.lloyd@example.net'),(264,'Anjali','Schulist','ad','2005-10-26 13:35:41',0,'Sit odio sint tempore hic in.','r','Ut eum laudantium blanditiis ut consectetur.',1,1,1,'2018-06-24 08:02:09','','West Roxanne',0,'2016-09-17 10:56:24','claud52@example.net'),(265,'Maxwell','Breitenberg','cumque','2018-01-29 22:56:48',2151,'Cumque sunt dolores sit nostrum necessitatibus.','q','Laboriosam consequatur vero nostrum aut est earum consequatur aut.',1,0,1,'2013-12-01 14:46:06','','South Kayden',1,'2019-05-13 20:25:36','calista.murazik@example.com'),(266,'Dylan','Block','similique','1996-11-13 23:50:02',479,'Mollitia excepturi labore nobis veniam aperiam.','p','Sit qui excepturi dolore nobis sit laudantium qui.',0,0,1,'2016-09-03 05:46:17','328','South Tad',0,'2005-12-24 00:17:36','fvonrueden@example.net'),(267,'Axel','Kovacek','fugiat','2010-09-09 10:25:25',846037,'Sit est ex repudiandae voluptas.','l','Nemo aliquam expedita dolor distinctio veniam aliquam perferendis.',0,0,1,'2016-05-22 18:28:23','65277424','Port Grayson',0,'2009-09-13 23:26:12','emilia83@example.net'),(268,'Dwight','Kilback','aliquid','2000-03-06 19:38:06',1490,'Incidunt debitis error possimus perspiciatis sequi eius sit.','b','Aut ducimus nam dolores enim sequi porro ut libero.',1,1,1,'2019-07-02 18:45:53','','New Johnsonbury',1,'2002-12-05 09:06:18','dsteuber@example.org'),(269,'Chloe','Barton','possimus','2016-02-25 02:55:57',246641,'Facilis cumque officia magnam.','f','At porro vel quia nemo quia minus.',0,0,0,'2020-11-30 02:35:21','480110','Port Zitamouth',1,'1995-02-17 14:55:09','renner.misty@example.org'),(270,'Tyshawn','Swift','modi','2000-10-24 15:38:54',5,'Illum ea fugiat fugiat nam deserunt magnam placeat.','m','Officiis eveniet nobis soluta sapiente asperiores consequatur magni.',0,1,0,'2019-06-30 07:10:46','991423455','West Ludwigport',1,'1999-02-17 04:22:29','sandra.stark@example.com'),(271,'Syble','Hudson','non','2020-12-02 20:20:51',82,'Beatae repellendus nisi aut voluptas amet.','m','Numquam temporibus quia necessitatibus eaque.',0,0,1,'2016-12-19 00:29:14','1990318','Tillmanmouth',1,'2007-05-21 17:05:39','vquigley@example.com'),(272,'Demario','Windler','modi','1978-03-12 01:03:52',462449,'Aut vel possimus eveniet et molestiae et.','y','Ut distinctio laudantium eligendi eaque consectetur dignissimos.',1,1,0,'2015-10-27 14:42:04','46001','New Kraig',1,'2001-08-10 06:58:22','ratke.vincenzo@example.com'),(273,'Russ','O\'Connell','quo','2006-05-08 23:49:54',30702454,'Vel laboriosam corporis veniam facere.','q','Suscipit ad facilis aspernatur est omnis.',1,0,1,'2013-10-15 06:02:36','65416537','Rustyshire',0,'1975-11-29 06:15:27','marquis88@example.org'),(274,'Frank','Stehr','est','2021-02-21 13:51:49',15,'Non maiores esse qui suscipit reiciendis.','d','Ab pariatur amet et voluptas accusamus distinctio quis.',0,1,1,'2019-05-27 23:46:46','103','Wileystad',1,'1999-07-18 22:37:33','jaida.crona@example.org'),(275,'Murphy','Bogisich','doloremque','2001-06-15 03:56:40',2515711,'Numquam qui optio ex natus quia magni quam qui.','a','Perferendis aspernatur rerum eum enim in occaecati in odio.',0,1,1,'2018-08-29 14:51:58','8534','Homenickview',1,'1986-02-20 00:15:39','corkery.percy@example.com'),(276,'Bianka','Bailey','reiciendis','2001-07-06 22:55:27',0,'Maiores aut vel cumque quis et voluptatem aperiam.','q','Deserunt modi iusto omnis animi in necessitatibus illum.',0,1,0,'2018-12-26 11:15:52','67191','North Stacybury',0,'1981-03-11 23:01:01','ernser.rosemary@example.net'),(277,'Loyal','Zboncak','unde','1993-01-24 06:45:42',4,'Officiis distinctio consequuntur provident qui quia.','p','Non laborum ad debitis quisquam qui molestias.',1,0,1,'2013-03-08 10:42:33','540241502','New Destinimouth',1,'2015-04-21 03:30:24','omer86@example.com'),(278,'Herminia','Ritchie','cupiditate','2018-08-14 07:36:05',947667,'Quia consequatur qui quod.','k','Unde est eum cum ut reiciendis inventore delectus.',1,0,0,'2020-05-07 16:56:04','4','West Kyraside',0,'2019-02-01 12:07:38','beahan.mireille@example.net'),(279,'Vernie','Smith','autem','2007-06-05 19:18:34',56,'Est expedita enim et iure fugit.','e','Nobis accusantium in suscipit.',0,0,0,'2022-01-07 18:50:59','97398','Moseview',1,'1988-11-22 07:40:03','wpowlowski@example.org'),(280,'Laury','Hermann','autem','2005-10-12 17:01:02',9106243,'Atque error voluptatem voluptatibus in.','o','Reprehenderit dolorum magni autem odit quia ut.',1,1,1,'2021-02-06 06:04:44','83052','Raynorstad',1,'1981-07-15 15:18:04','gislason.jessie@example.net'),(281,'Mariela','Hintz','illum','2018-04-03 02:12:48',572511,'Natus tempore vel ducimus soluta asperiores.','t','Non adipisci ratione velit quaerat minima.',0,1,1,'2014-04-30 17:41:57','948302101','Gerholdstad',0,'1989-07-13 20:12:35','christiana34@example.net'),(282,'Edward','Gutkowski','suscipit','1983-04-07 20:29:38',0,'Vero asperiores rerum atque cumque et.','l','Aut et rerum autem veritatis unde rerum et qui.',0,1,1,'2012-11-21 00:20:48','1747','New Allene',0,'2019-11-25 21:04:44','emmalee.jast@example.org'),(283,'Cecile','Emmerich','odit','1971-06-21 06:21:46',0,'Animi aut iste dolorum est vel alias.','r','Aperiam rerum quo optio qui numquam ut doloribus.',0,1,1,'2012-04-15 06:55:13','302','South Conrad',1,'1970-08-09 03:09:06','katlyn13@example.org'),(284,'Kayley','Breitenberg','saepe','1982-03-16 06:20:27',37354,'Tenetur sunt quia aliquam aliquid perspiciatis atque ipsa.','q','Non et aspernatur natus ut repellat expedita.',1,0,1,'2013-02-21 14:48:47','40','West Lauriemouth',0,'2011-07-17 09:06:50','bmcglynn@example.net'),(285,'Grover','Conn','autem','1988-06-10 11:45:53',46,'Labore quia maxime ut minima et et laboriosam.','r','Eum fugiat consequatur iure.',0,1,1,'2014-03-19 04:04:40','8225323','East Erikburgh',1,'2021-10-31 02:11:43','bergnaum.anastacio@example.org'),(286,'Marjolaine','Kunde','in','1990-12-27 22:08:51',862296,'Voluptatem accusamus veritatis quod blanditiis maiores quas.','p','Repudiandae voluptatem ullam laudantium est sed aut.',0,1,0,'2019-04-12 11:58:31','38277717','South Jonathantown',1,'2011-12-17 04:53:38','arvilla35@example.net'),(287,'Florida','Hoppe','distinctio','1991-08-02 01:13:25',7860058,'Temporibus rem et quis eveniet omnis consectetur cumque cupiditate.','m','Soluta dolores quibusdam minus dolor sed maxime voluptatem.',1,0,1,'2019-04-15 02:53:20','169970','Port Einar',1,'1981-02-22 20:36:36','wehner.bradford@example.org'),(288,'Eryn','Kub','similique','1999-01-04 16:59:21',0,'Vero sapiente est ut esse.','i','Dolores adipisci est ut dolore enim.',0,0,1,'2016-06-22 04:43:32','3167589','North Matteoport',0,'2010-07-06 06:17:22','jcrooks@example.net'),(289,'Daisha','Pollich','et','1981-07-31 19:11:28',6389,'Atque numquam et officia.','y','Tempora eaque eum libero excepturi quasi et totam.',1,0,0,'2014-08-22 22:09:51','60','Port Nova',1,'2009-07-04 02:21:43','norbert02@example.org'),(290,'Giovani','Pagac','saepe','1994-03-14 09:10:20',25,'Sed eum et alias deleniti excepturi.','c','Quis architecto impedit nisi repellendus.',0,1,1,'2013-08-06 04:24:08','22','New Norvalburgh',1,'2018-07-23 19:53:01','maymie.collier@example.org'),(291,'Savannah','McKenzie','ut','2009-05-20 15:23:33',0,'Aliquam a officia assumenda reiciendis tenetur.','n','Est et accusantium qui libero vero.',0,1,0,'2016-04-13 09:58:15','991984659','West Jessy',0,'1998-08-17 19:58:47','douglas.misael@example.org'),(292,'Raegan','Tromp','officia','1986-11-14 03:50:49',0,'Unde temporibus dicta odit exercitationem vitae neque.','v','Ipsa rerum voluptas enim soluta explicabo cumque ut.',1,1,1,'2016-02-24 14:20:03','5','Schoenville',1,'1997-11-01 12:35:37','reichel.ted@example.net'),(293,'Zaria','Hilpert','ex','1989-10-05 12:11:09',42,'Aut neque eum facere officia iusto cum.','f','Sint commodi culpa nam sunt quis consequuntur.',0,0,1,'2016-01-26 23:23:37','724945592','Lake Stan',0,'2010-08-07 22:36:11','breitenberg.morgan@example.net'),(294,'Roxane','Kessler','ea','1987-02-18 19:34:59',39272,'Maiores facere porro doloremque consectetur.','l','Odit dolorum aut maxime sed non ducimus.',0,0,1,'2021-01-24 21:35:15','1644','Port Vaughn',1,'2006-02-06 04:44:11','pkeebler@example.org'),(295,'Lucas','Herzog','et','1974-01-26 21:36:03',7919762,'Quia nihil animi distinctio voluptates qui qui.','n','Quaerat cupiditate qui deleniti non rerum ullam pariatur.',1,0,1,'2018-11-23 05:42:12','484136246','Demarioborough',0,'2006-07-15 05:05:16','flatley.mitchell@example.com'),(296,'Keyon','King','ut','1997-01-27 09:55:57',85669,'Ipsum quis sit exercitationem reprehenderit dolores.','d','Harum laborum dolor voluptas et ut soluta maiores.',0,1,0,'2021-03-09 11:32:59','35','Tessport',1,'2013-04-06 06:45:52','bud.wisozk@example.net'),(297,'Jeanette','Champlin','totam','2012-09-02 21:56:41',806039,'Minima occaecati molestiae at voluptatem.','k','Modi et rerum cupiditate incidunt et.',0,0,0,'2012-04-23 02:11:00','802','Lake Clara',1,'1977-01-19 02:10:30','hsatterfield@example.com'),(298,'Jarret','Conn','et','1991-10-03 05:23:59',29259624,'Repudiandae corporis omnis eum est ratione corporis.','w','Omnis sit consectetur recusandae.',0,1,0,'2015-09-09 14:59:39','421407497','Port Franciscoborough',0,'1978-09-30 07:59:08','valerie86@example.com'),(299,'Kara','Jacobs','laudantium','2000-08-21 03:02:47',35,'Iste quasi sit veniam explicabo dolores qui minus.','e','Exercitationem in quisquam voluptate.',1,0,0,'2012-08-24 17:16:26','49066','Purdyshire',0,'1998-02-25 19:46:31','oschroeder@example.com'),(300,'Adolfo','Langworth','quod','1998-10-19 23:12:58',780,'Illum sunt labore qui ipsam eius.','u','Ut sequi ut facilis sit nesciunt excepturi recusandae et.',1,1,1,'2017-05-03 12:02:49','598865410','South Flavie',1,'2001-09-11 06:36:31','francisco63@example.net');
/*!40000 ALTER TABLE `user` ENABLE KEYS */;
UNLOCK TABLES;
/*!40103 SET TIME_ZONE=@OLD_TIME_ZONE */;

/*!40101 SET SQL_MODE=@OLD_SQL_MODE */;
/*!40014 SET FOREIGN_KEY_CHECKS=@OLD_FOREIGN_KEY_CHECKS */;
/*!40014 SET UNIQUE_CHECKS=@OLD_UNIQUE_CHECKS */;
/*!40101 SET CHARACTER_SET_CLIENT=@OLD_CHARACTER_SET_CLIENT */;
/*!40101 SET CHARACTER_SET_RESULTS=@OLD_CHARACTER_SET_RESULTS */;
/*!40101 SET COLLATION_CONNECTION=@OLD_COLLATION_CONNECTION */;
/*!40111 SET SQL_NOTES=@OLD_SQL_NOTES */;

-- Dump completed on 2022-01-12 22:54:43